timestamp,node,cpu_user,cpu_system,cpu_iowait,ram_used,net_received,net_sent,load1
1777419670,k3s-control,41.3265287,8.6734687,0,334.4609,1057.6489,178.7834,1.63
1777419670,k3s-worker-2,6.0913708,2.5380709,2.5380709,149.4375,41.66505,252.7882,0.38
1777419670,k3s-worker-3,8.5858587,3.5353539,0,362.0859,55.41752,268.1974,0.77
1777419670,k3s-worker-4,5.5837559,3.045685,0,164.19922,52.4267,258.4468,0.24
1777419670,raspberrypi,2.020202,0.7575758,0,2567.156,35.74811,262.0853,0.08
1777419672,k3s-control,34.6938803,7.6530611,0,334.4609,1084.9808,258.0183,1.5
1777419672,k3s-worker-2,6.0606061,3.030303,0,153.34766,46.37447,254.7491,0.38
1777419672,k3s-worker-3,6.060606,3.030303,0,361.8398,56.75416,260.2903,0.77
1777419672,k3s-worker-4,4.5918371,2.5510201,0,163.98047,52.43473,254.9084,0.22
1777419672,raspberrypi,2.5,1,0,2568.953,34.48138,268.3837,0.08
1777419675,k3s-control,40.8163295,6.6326529,0,338.5625,1132.0647,271.1124,1.5
1777419675,k3s-worker-2,5.555556,3.030303,0,153.34766,44.2263,251.819,0.35
1777419675,k3s-worker-3,10.1522843,3.5532991,4.0609141,358.1484,80.35281,308.658,0.77
1777419675,k3s-worker-4,5.555556,3.535354,0,163.48828,41.96085,243.9144,0.22
1777419675,raspberrypi,2.512563,1.0050251,0,2569.578,36.14961,273.5287,0.08
1777419677,k3s-control,39.0862933,7.1065996,0,353.4023,1081.0129,266.3586,1.38
1777419677,k3s-worker-2,7.1428568,2.0408159,0,153.34766,42.16651,251.7538,0.35
1777419677,k3s-worker-3,6.060606,3.030303,0,365.5352,43.16152,253.196,0.71
1777419677,k3s-worker-4,6.5,3,0,163.24219,44.20948,248.8336,0.26
1777419677,raspberrypi,2.5,0.75,0,2569.812,33.21408,260.4725,0.08
1777419679,k3s-control,56.1855712,9.7938142,0,360.2812,1045.7115,193.9642,1.38
1777419679,k3s-worker-2,8.1632653,4.0816332,0.5102041,153.1875,38.40576,242.2361,0.32
1777419679,k3s-worker-3,10.2040817,5.1020408,0,365.3164,62.83195,264.9292,0.71
1777419679,k3s-worker-4,6.598985,3.045685,0,163.24219,47.71184,248.419,0.26
1777419679,raspberrypi,3.2581451,1.2531328,0,2568.359,44.78512,276.8021,0.07
1777419682,k3s-control,34.6938789,8.1632647,0,353.8359,1098.0519,277.8305,1.38
1777419682,k3s-worker-2,6.0913707,3.5532989,0,152.05469,52.31251,254.8573,0.32
1777419682,k3s-worker-3,6.0913712,2.5380711,0,365.3164,50.90514,250.786,0.65
1777419682,k3s-worker-4,4.5226128,3.5175879,0,161.63672,63.03736,276.4776,0.26
1777419682,raspberrypi,2.5252529,0.7575758,0,2568.281,36.93976,274.7908,0.07
1777419684,k3s-control,40.1015229,9.1370567,1.0152285,353.3203,1205.9106,262.588,1.17
1777419684,k3s-worker-2,13.3333331,6.6666671,8.7179491,151.85938,76.0811,317.1459,0.37
1777419684,k3s-worker-3,6.0913707,4.0609138,0,364.8359,55.33525,273.3663,0.65
1777419684,k3s-worker-4,12.5628135,5.0251258,8.0402007,163.65234,74.27974,288.3411,0.24
1777419684,raspberrypi,3.291139,1.772152,0,2562.156,43.5099,270.6577,0.07
1777419686,k3s-control,38.5786798,8.629442,0,347.4023,1149.536,233.5983,1.17
1777419686,k3s-worker-2,5.5276382,2.5125631,2.5125631,151.85938,47.70919,264.2243,0.37
1777419686,k3s-worker-3,6.1224492,3.5714291,1.0204082,364.8359,54.53424,255.2441,0.65
1777419686,k3s-worker-4,7.0351762,3.5175881,0,171.1523,75.80423,290.1118,0.24
1777419686,raspberrypi,2.7707811,1.0075567,0,2563.172,35.24471,266.84,0.07
1777419689,k3s-control,37.7550999,10.204082,0,342.1406,1106.3904,258.4943,1.07
1777419689,k3s-worker-2,8.1632651,3.061224,0,151.61328,44.90133,256.5549,0.37
1777419689,k3s-worker-3,5.555556,3.535354,0,364.8359,53.96048,257.9372,0.6
1777419689,k3s-worker-4,4.5226128,3.5175879,0.5025126,169.9609,57.67018,256.9335,0.22
1777419689,raspberrypi,2.005013,1.5037594,0,2575.25,52.46717,278.7415,0.07
1777419691,k3s-control,62.1212094,10.1010099,0,335.8242,1109.4965,254.8243,1.07
1777419691,k3s-worker-2,6.5989847,3.5532989,0,151.12109,44.54403,253.7489,0.32
1777419691,k3s-worker-3,7.5757578,3.5353539,0,368.2969,50.78443,247.0508,0.6
1777419691,k3s-worker-4,6.565657,3.030303,0,170.1289,51.99218,256.315,0.22
1777419691,raspberrypi,2.0202019,0.5050505,0,2577.094,27.70884,258.2066,0.06
1777419693,k3s-control,37.244901,8.6734692,0,335.5156,1080.5955,248.9941,1.07
1777419693,k3s-worker-2,6.060606,4.040404,0,152.13672,45.53547,253.3638,0.32
1777419693,k3s-worker-3,6.0606062,4.5454552,4.5454552,362.5703,68.65456,262.8166,0.55
1777419693,k3s-worker-4,6.0301508,2.0100499,0,169.9102,50.44196,250.5753,0.22
1777419693,raspberrypi,2.272727,1.010101,0,2579.812,31.71342,265.1838,0.06
1777419695,k3s-control,39.2857127,8.1632656,0,334.3477,1103.0907,253.4069,0.99
1777419695,k3s-worker-2,5.5837559,2.538071,0,151.89062,59.7345,265.4311,0.29
1777419695,k3s-worker-3,6.1224488,3.0612239,0,362.5703,55.51102,274.6776,0.55
1777419695,k3s-worker-4,4.5454551,2.525253,0,169.9102,48.49708,254.6857,0.2
1777419695,raspberrypi,1.758794,1.0050251,0,2580.609,35.23243,265.1833,0.06
1777419698,k3s-control,39.2857099,10.204082,0,333.2344,1116.5476,281.7341,0.99
1777419698,k3s-worker-2,6.5326632,4.0201011,0.5025126,149.1875,43.18655,248.9846,0.29
1777419698,k3s-worker-3,6.0913712,3.0456851,0,362.5703,50.40415,259.6094,0.55
1777419698,k3s-worker-4,8.5858587,3.5353539,0,168.6797,57.53144,260.9074,0.2
1777419698,raspberrypi,3.2581451,1.0025063,0,2580.188,29.6654,275.7587,0.06
1777419700,k3s-control,38.1909523,9.5477396,0,327.3477,1132.8178,274.1044,0.91
1777419700,k3s-worker-2,6.666667,2.564103,0,152.70312,48.01593,263.7314,0.29
1777419700,k3s-worker-3,9.0452261,4.522613,0,357.4023,97.60313,282.0275,0.59
1777419700,k3s-worker-4,6.0913709,2.5380709,0,168.4609,169.913,265.5121,0.18
1777419700,raspberrypi,2.5,0.75,0,2581.391,63.79084,269.3802,0.05
1777419702,k3s-control,39.39394,8.585859,0,327.5273,1078.1375,326.6734,0.91
1777419702,k3s-worker-2,6.060606,3.030303,0,152.21094,33.43958,244.8642,0.27
1777419702,k3s-worker-3,5.5837559,3.045685,0,357.1562,36.69365,246.2538,0.59
1777419702,k3s-worker-4,5.0251258,3.0150749,0,168.4609,48.85451,256.3884,0.18
1777419702,raspberrypi,2.2556391,1.0025063,0,2581.641,52.49029,271.1289,0.05
1777419705,k3s-control,43.07692,8.717949,0,334.3516,1085.2296,246.0476,0.91
1777419705,k3s-worker-2,6.0913712,3.0456851,0,151.47266,42.78989,247.7537,0.27
1777419705,k3s-worker-3,7.1428572,2.5510201,0,355.9258,38.46382,256.7536,0.54
1777419705,k3s-worker-4,6.5656569,3.5353539,0,168.4609,52.45218,252.8057,0.18
1777419705,raspberrypi,2.7777779,0.7575758,0,2581.766,36.6251,267.2088,0.13
1777419707,k3s-control,38.7755095,9.1836729,0,331.9961,1113.0816,271.7835,0.84
1777419707,k3s-worker-2,6.598985,2.538071,0,151.47266,43.94396,253.7071,0.25
1777419707,k3s-worker-3,6.5326631,3.0150751,0,355.9258,42.70035,250.939,0.54
1777419707,k3s-worker-4,5.0251259,2.512563,0,168.4609,50.58239,246.1311,0.17
1777419707,raspberrypi,2.015113,1.0075567,0,2582.406,42.28245,260.7732,0.13
1777419709,k3s-control,38.1443316,9.7938144,0.5154639,330.3867,1067.7248,249.4062,0.84
1777419709,k3s-worker-2,6.0913712,2.5380711,0,151.22656,39.69366,257.0228,0.25
1777419709,k3s-worker-3,7.1065987,2.5380709,0.5076142,355.1875,42.94381,256.9863,0.5287857
1777419709,k3s-worker-4,10.6598984,4.5685282,0,168.2422,79.06672,1796.464,0.17
1777419709,raspberrypi,2.015113,1.0075567,0,2583,33.66114,268.6821,0.13
1777419711,k3s-control,40.6091374,10.6598973,0,324.043,1120.2581,280.8017,0.77
1777419711,k3s-worker-2,5.0251259,3.015075,0,147.53516,44.9944,249.1095,0.25
1777419711,k3s-worker-3,6.091371,3.553299,0,355.1875,42.10184,248.6654,0.46
1777419711,k3s-worker-4,5.5,3,0,168.2422,62.425,265.9728,0.16
1777419711,raspberrypi,2.493766,1.2468828,0,2584.547,31.52378,264.08,0.12
1777419714,k3s-control,56.1224466,10.2040814,0,325.2148,1200.3754,2660.991,0.77
1777419714,k3s-worker-2,6.0913712,3.0456851,0,147.53516,53.16781,281.4213,0.23
1777419714,k3s-worker-3,6.5656569,4.5454549,0,354.9414,43.35093,283.6937,0.46
1777419714,k3s-worker-4,6.0913709,2.5380709,0,166.27344,42.05811,256.3096,0.16
1777419714,raspberrypi,3.5353542,1.2626264,0,2571.938,29.1106,272.4702,0.12
1777419716,k3s-control,38.5786783,9.1370556,0,319.5234,1087.8885,231.0748,0.71
1777419716,k3s-worker-2,10.7142857,4.5918369,0,147.53516,46.87885,625.9738,0.23
1777419716,k3s-worker-3,6.1224491,2.55102,0,354.4492,58.04427,266.562,0.42
1777419716,k3s-worker-4,6.5326632,4.0201011,0,165.78516,46.27819,256.6008,0.14
1777419716,raspberrypi,2.015113,0.7556675,0,2572.5,34.22018,272.988,0.1
1777419718,k3s-control,38.6934684,9.5477386,0,316.3438,1134.1452,238.9459,0.71
1777419718,k3s-worker-2,7.0351762,3.5175881,0,147.53516,41.95011,254.4015,0.21
1777419718,k3s-worker-3,6.5989848,4.0609139,0,353.4648,52.01968,270.6243,0.42
1777419718,k3s-worker-4,5.555556,2.525253,0,165.78516,44.15321,254.3447,0.14
1777419718,raspberrypi,2.0100501,1.0050251,0,2575.188,34.92252,265.2426,0.1
1777419721,k3s-control,45.6852778,10.6598975,0,313.6719,1094.5257,247.8739,0.71
1777419721,k3s-worker-2,7.0351762,3.5175881,0,147.53516,70.28131,289.0629,0.21
1777419721,k3s-worker-3,8.1218273,3.5532991,0,353.2188,33.23489,246.3132,0.42
1777419721,k3s-worker-4,4.568528,2.538071,0,165.56641,50.22428,252.6588,0.14
1777419721,raspberrypi,2.25,0.75,0,2577.125,26.82913,258.7334,0.1
1777419723,k3s-control,41.3265287,8.1632647,0,316.4453,1067.78,254.6274,0.65
1777419723,k3s-worker-2,7.106599,2.538071,0,147.53516,44.62223,254.0845,0.21
1777419723,k3s-worker-3,9.6938781,5.1020411,0,358.7656,47.38182,249.527,0.39
1777419723,k3s-worker-4,4.5685279,3.0456849,0,165.56641,45.6867,246.5475,0.12
1777419723,raspberrypi,3.0150749,0.7537688,0,2578.828,31.01486,263.0356,0.09
1777419724,k3s-control,39.593909,9.6446697,0.5076142,319.9922,1058.2303,240.4687,0.65
1777419724,k3s-worker-2,7.1065993,1.5228427,0,147.53516,43.16301,245.3235,0.19
1777419724,k3s-worker-3,5.5837563,3.5532992,0,357.332,49.61517,261.6577,0.39
1777419724,k3s-worker-4,6.0301512,3.0150751,0,165.56641,44.77353,247.4007,0.12
1777419724,raspberrypi,2.0050131,1.2531329,0,2580.141,33.41259,260.7232,0.09
1777419837,k3s-control,41.2060305,8.0402011,0,297.4844,1185.6274,185.3812,0.63
1777419837,k3s-worker-2,5.6122453,2.5510201,0,148.12891,59.96381,1699.729,0.02
1777419837,k3s-worker-3,7.5757579,2.525253,0,406.7891,47.56232,256.3936,0.35
1777419837,k3s-worker-4,7.1428573,3.5714291,0,171.9375,54.29661,264.6866,0.08
1777419837,raspberrypi,2.005013,1.0025063,0,2579.781,29.8498,311.5463,0.65
1777419951,k3s-control,45.1776624,8.6294425,1.0152285,290.8516,1056.4891,151.40067,0.81
1777419951,k3s-worker-2,5.5837558,2.0304569,0,359.1719,37.19579,257.6202,0
1777419951,k3s-worker-3,7.5757579,2.525253,0,471.2148,48.51272,264.2333,0.13
1777419951,k3s-worker-4,5.0761418,2.5380709,0,186.8281,44.83005,256.7689,0.57
1777419951,raspberrypi,2.2613071,0.7537688,0,2576.969,37.43554,275.9487,0.36
1777420047,k3s-control,43.4343407,6.5656571,0,269.1836,1039.6613,157.57422,4.78
1777420047,k3s-worker-2,7.6923078,3.5897439,0,143.60547,34.91763,246.7338,0.24
1777420047,k3s-worker-3,9.1370562,5.0761421,0,306.3359,41.98459,255.0155,0.21
1777420047,k3s-worker-4,5.555556,3.535354,0,279.4531,51.72041,281.4813,0.18
1777420047,raspberrypi,2.518892,0.5037783,0,2569.625,38.66933,284.348,0.16
1777420165,k3s-control,37.36264,8.791209,0,228.9609,1020.0942,166.70314,8.07
1777420165,k3s-worker-2,5.1020413,2.5510201,0,172.8359,37.98558,252.6162,0.03
1777420165,k3s-worker-3,6.0606061,3.030303,0,338.6172,37.71455,248.81,0.03
1777420165,k3s-worker-4,6.565657,3.030303,0,278.207,47.54616,255.0774,0.08
1777420165,raspberrypi,2.255639,1.0025063,0,2562.984,24.30263,273.5383,0.06
1777420289,k3s-control,88,11,0,229.9961,1033.1146,118.73907,2.31
1777420289,k3s-worker-2,6.091371,3.553299,0,223.8086,33.1775,239.3838,0.35
1777420289,k3s-worker-3,7.0707069,3.5353539,0.5050505,323.2578,41.59045,279.2748,0.8
1777420289,k3s-worker-4,5.0761418,2.5380709,0,277.6484,51.72916,269.3867,0.05
1777420289,raspberrypi,2.0100501,1.0050251,0,2564.016,32.96416,288.3753,0.03
1777420436,k3s-control,44.5783124,7.2289164,0,233.7422,1042.7388,340.1345,2.56
1777420436,k3s-worker-2,18.1818184,9.0909082,0,130.27344,54.44065,1197.4627,1.66
1777420436,k3s-worker-3,6.0606061,2.525253,0,332.1367,30.96066,253.9395,0.07
1777420436,k3s-worker-4,7.0707069,3.5353539,0,271.2031,41.07886,247.9357,0.04
1777420436,raspberrypi,1.763224,1.2594458,0,2561.906,51.16123,280.8779,0.14
1777420557,k3s-control,75.4716991,16.0377358,0.9433962,195.7695,1051.4418,171.697,6.65
1777420557,k3s-worker-2,5.5555561,2.525253,0,183.2617,45.17533,800.5986,1.11
1777420557,k3s-worker-3,8.6294419,3.045685,0,365.6211,48.01974,263.1978,0.2
1777420557,k3s-worker-4,6.5989853,2.5380711,0,251.4609,37.99199,257.0601,0.22
1777420557,raspberrypi,3.2581451,1.2531328,0,2560.484,33.53622,273.2206,1.11
1777420682,k3s-control,37.8378408,7.0270271,0.5405405,218.5547,977.0613,150.74726,8.41
1777420682,k3s-worker-2,6.0606061,2.020202,0,199.0352,35.78,258.6759,0.7
1777420682,k3s-worker-3,6.5989853,2.5380711,0,350.6953,37.18772,249.4351,0.18
1777420682,k3s-worker-4,6.6326532,3.0612241,0,253.9453,48.68124,261.1817,1.67
1777420682,raspberrypi,2.512563,0.7537688,0,2561.266,34.99272,280.5712,0.2
1777420802,k3s-control,74.5454538,15.4545458,0,208.8242,1087.4446,132.83048,5.12
1777420802,k3s-worker-2,6.598985,2.538071,0,234.1875,41.75153,274.6165,6.2
1777420802,k3s-worker-3,5.5837559,3.045685,0,338.3398,26.39491,252.0909,0.1
1777420802,k3s-worker-4,5.5555561,2.525253,0,291.8008,33.01641,255.8644,6.31
1777420802,raspberrypi,2.4937659,1.2468827,0,2566.516,38.12052,286.128,0.13
1777420927,k3s-control,55.1724142,9.6551727,0.6896553,191.3281,1037.0035,145.36438,5.43
1777420927,k3s-worker-2,6.0606061,3.030303,0,228.0273,37.61218,243.6164,4.62
1777420927,k3s-worker-3,6.0913712,3.0456851,0,343.7891,38.32915,263.0285,0.03
1777420927,k3s-worker-4,6.0913712,3.0456851,0,243.2734,39.64725,266.5566,4.31
1777420927,raspberrypi,2.525253,0.7575758,0,2565.703,28.30244,284.6068,0.25
1777421022,k3s-control,38.0208324,7.2916675,0,182.9023,1049.7951,176.6114,5.01
1777421022,k3s-worker-2,6.0913711,2.030457,0,257.8906,32.95459,246.0812,2.72
1777421022,k3s-worker-3,8.5858588,2.5252529,0,339.5195,41.3395,260.5847,0
1777421022,k3s-worker-4,5.0505051,2.5252531,0,289.9297,52.04037,261.4535,1.74
1777421022,raspberrypi,2,1.25,0,2563.219,30.13491,277.127,0.05
1777421173,k3s-control,61.7647081,8.8235287,0,186.5742,1029.9902,154.25991,2.57
1777421173,k3s-worker-2,5.5555561,3.030303,0,248.6055,80.24613,248.8406,1.34
1777421173,k3s-worker-3,21.5384596,12.3076918,0,135.46094,71.01646,254.7995,0.89
1777421173,k3s-worker-4,5.0505051,2.525253,0,291.8711,55.51696,245.0369,0.18
1777421173,raspberrypi,2.5062659,1.0025063,0,2565.422,138.12382,305.5835,0.15
1777421325,k3s-control,44.5121955,9.756097,0,205.2695,1036.7696,185.6701,3.86
1777421325,k3s-worker-2,27.7777803,13.8888891,0,88.4375,67.44313,286.6194,3.03
1777421325,k3s-worker-3,5.5276382,3.5175881,0,954.1445,33.14821,254.9112,3.76
1777421325,k3s-worker-4,6.030151,2.512563,0,154.21094,35.34665,248.059,0.09
1777421325,raspberrypi,3.0075189,1.2531328,0,2563.469,39.94792,269.0663,0.04
1777421445,k3s-control,42.0765021,6.5573773,0,191.3906,1019.808,147.58044,11.99
1777421445,k3s-worker-2,7.1065987,3.0456849,0,290.7578,35.19539,252.4937,0.5
1777421445,k3s-worker-3,6.1224491,2.55102,0,973.9805,34.71537,260.1985,3.47
1777421445,k3s-worker-4,5.555556,3.535354,0,320.4492,62.51802,279.0791,0.03
1777421445,raspberrypi,2.5062661,0.7518797,0,2566.391,33.79517,275.9021,0
1777421543,k3s-control,74.7899177,9.2436967,0,181.2852,1023.1443,131.45508,9.86
1777421543,k3s-worker-2,8.0808078,3.5353539,0,274.5859,38.01164,252.7956,0.5
1777421543,k3s-worker-3,7.6142131,5.5837561,0,970.5312,37.2316,270.0609,6.35
1777421543,k3s-worker-4,5.0761419,3.045685,0.5076142,311.5742,36.7409,249.3161,0.05
1777421543,raspberrypi,3.258145,1.754386,0,2551.906,54.40892,290.5562,0
1777421664,k3s-control,68.3333323,10.0000003,0,167.35547,1153.9383,144.75612,7.12
1777421664,k3s-worker-2,6.5656569,3.5353539,0,217.293,29.99928,247.3421,0.14
1777421664,k3s-worker-3,8.0808079,2.525253,0,961.332,22.68006,251.04,3.23
1777421664,k3s-worker-4,5.5555561,2.525253,0,339.7656,41.74198,257.6701,0.71
1777421664,raspberrypi,1.4962595,0.7481297,0,2558.781,40.47591,274.2541,0.07
1777421786,k3s-control,79.0476192,11.4285709,0,166.32422,1148.8762,486.0364,4.78
1777421786,k3s-worker-2,11.6161623,4.5454551,0,249.5312,96.1692,285.0696,0.12
1777421786,k3s-worker-3,6.5656569,2.525253,1.010101,926.3008,43.30463,250.9252,1.88
1777421786,k3s-worker-4,33.6683412,7.0351763,1.5075378,268.2734,79.49493,330.8769,0.27
1777421786,raspberrypi,1.7676769,1.2626263,0,2558.547,106.24879,274.8019,2.47
1777421940,k3s-control,74.3362815,8.8495582,0,171.3594,1056.888,137.13002,4.88
1777421940,k3s-worker-2,7.6142132,3.0456851,0,208.5391,44.61715,262.0287,0.67
1777421940,k3s-worker-3,6.5326629,3.517588,0,717.0156,28.10033,255.0298,0.34
1777421940,k3s-worker-4,19.6078406,7.8431372,0,110.98047,54.28878,294.4255,4.11
1777421940,raspberrypi,2.267003,0.5037783,0,2557.672,18.48235,271.199,0.2
1777422062,k3s-control,57.5539563,10.0719413,0,146.07422,1040.9691,140.60111,1.28
1777422062,k3s-worker-2,5.5555561,2.020202,0.5050505,213.1133,35.68263,247.8124,0.22
1777422062,k3s-worker-3,6,3,0.5,662.1523,33.82853,250.677,0.28
1777422062,k3s-worker-4,5.0761418,2.0304569,0,428.2852,38.53657,246.2129,6.39
1777422062,raspberrypi,2.0100501,1.0050251,0,2558.5,26.03683,271.5801,0.13
1777422178,k3s-control,80,12.380952,0.952381,151.57031,1063.2465,164.026,0.69
1777422178,k3s-worker-2,5.0505051,3.0303031,0,364.4023,37.34161,249.0984,0.09
1777422178,k3s-worker-3,7.035176,4.020101,0,704.1953,39.10817,263.983,0.04
1777422178,k3s-worker-4,5.5837559,3.0456849,2.5380709,411.3281,42.55027,265.6404,1.07
1777422178,raspberrypi,1.767677,0.7575758,0,2558.109,26.71646,269.265,0.15
1777422299,k3s-control,66.3865539,13.4453788,0,153.98047,1054.296,148.11073,0.17
1777422299,k3s-worker-2,6.060606,2.525253,0,364.0117,44.38472,262.8205,0.15
1777422299,k3s-worker-3,5.5837563,3.0456851,0,700.9062,49.25762,266.7011,1.28
1777422299,k3s-worker-4,6.565657,2.525253,0,437.3359,45.03941,258.6642,0.16
1777422299,raspberrypi,2.0202019,1.010101,0,2554.547,23.04418,264.1393,0.31
1777422423,k3s-control,39.4736813,7.3684212,0,272.0234,1070.0306,192.3521,5.33
1777422423,k3s-worker-2,5.555556,2.525253,0,280.3828,46.05259,256.1129,0.39
1777422423,k3s-worker-3,8.6294422,5.5837561,0,687.0156,48.75799,262.1568,0.52
1777422423,k3s-worker-4,7.106599,2.538071,0,257.4648,44.40455,253.9678,0.68
1777422423,raspberrypi,2.020202,0.7575758,0,2554.844,30.07903,275.4626,0.23
1777422516,k3s-control,55.2447596,10.4895099,0,264.1055,1027.0566,127.6414,1.24
1777422516,k3s-worker-2,6.0606061,2.525253,0,260.4453,51.32082,264.6917,0.52
1777422516,k3s-worker-3,6.1224491,2.55102,0,697.2031,26.41919,245.7691,0.24
1777422516,k3s-worker-4,6.0606061,3.030303,0,250.6602,42.8497,252.0977,0.37
1777422516,raspberrypi,3.2745591,0.7556675,0,2555.297,47.4077,283.1,0.16
1777422584,k3s-control,36.7875599,7.772021,0,267.6094,1108.9673,241.8093,7.19
1777422584,k3s-worker-2,8.1218272,6.0913711,0,267.9297,96.05316,254.1198,1.15
1777422584,k3s-worker-3,8.0402013,2.5125631,0,698.3125,48.23667,264.2689,0.15
1777422584,k3s-worker-4,7.1065994,5.5837563,0,241.7852,212.535,265.4364,0.11
1777422584,raspberrypi,2.0050129,0.7518797,0,2270.594,81.08865,286.8566,0.27
1777422704,k3s-control,74.5454531,12.7272735,0,216.5039,1099.6409,320.5759,33.14
1777422704,k3s-worker-2,8.6294419,3.553299,0,285.8594,82.44819,274.9575,0.15
1777422704,k3s-worker-3,7.653061,3.571429,0,687.6484,48.62763,255.5118,0.06
1777422704,k3s-worker-4,6.0606061,3.030303,0,252.125,31.98204,246.8466,0.2
1777422704,raspberrypi,3.266332,0.7537688,0,2273.672,31.21143,277.1328,0.1
1777422826,k3s-control,78.7037033,11.1111115,0,198.0977,1084.1955,187.161,23.09
1777422826,k3s-worker-2,6.5989848,2.5380709,2.0304569,295.8867,43.24345,256.6279,0.02
1777422826,k3s-worker-3,6.0606061,3.030303,0,628.9492,42.59776,256.8884,0.12
1777422826,k3s-worker-4,7.5757579,2.525253,0,392.3828,35.87525,251.1391,0.1
1777422826,raspberrypi,2.0100501,0.7537688,0,2273.312,28.56432,270.5899,0.01
1777422953,k3s-control,75.6756764,11.7117114,0,202.5742,1030.0226,181.6847,13.3
1777422953,k3s-worker-2,5.5837563,3.5532992,0,281.5117,60.92669,272.6798,0.39
1777422953,k3s-worker-3,6.5989853,2.5380711,0,686.7539,29.9243,248.0177,0.1
1777422953,k3s-worker-4,7.5757579,2.525253,0,368.8359,35.51315,255.867,0.02
1777422953,raspberrypi,2.261307,0.7537688,0,2271.312,39.8296,283.5289,0.15
1777423049,k3s-control,76.190477,14.2857134,0,213.1172,1109.4482,243.3793,9.6
1777423049,k3s-worker-2,8.6294417,2.5380709,0,279.6992,37.15667,251.6151,0.77
1777423049,k3s-worker-3,19.999999,5.6410257,8.7179486,645.9023,124.78927,354.6637,0.27
1777423049,k3s-worker-4,5.9701488,2.4875619,0,230.3906,48.72896,250.8482,1
1777423049,raspberrypi,1.010101,0.7575758,0,2256.047,30.08405,281.1692,2.1
1777423169,k3s-control,68.5950439,11.5702487,0,187.9336,1027.9106,144.75951,9.96
1777423169,k3s-worker-2,5.5276382,3.0150751,0,226.2656,39.58917,251.4323,0.17
1777423169,k3s-worker-3,5.5276381,3.517588,0,666.9219,32.95115,257.7091,0.13
1777423169,k3s-worker-4,5.0251259,2.512563,0,262.0078,51.32945,266.1402,0.21
1777423169,raspberrypi,2.0050131,1.2531329,0,2263.219,30.23646,288.1232,0.41
1777423310,k3s-control,81.372549,13.7254898,0,156.05859,1030.9722,154.53737,2.42
1777423310,k3s-worker-2,5.5837562,2.5380711,0,266.4766,38.82273,255.5658,0.15
1777423310,k3s-worker-3,6.060606,2.525253,0,561.3867,36.26398,269.624,0.19
1777423310,k3s-worker-4,6,2.5,0,265.3867,39.09063,259.3924,0.25
1777423310,raspberrypi,2.267003,1.2594458,0,2272.688,24.29265,256.7166,0.1
1777423430,k3s-control,73.8738724,13.5135144,0,174.0547,1065.7822,159.881,0.4
1777423430,k3s-worker-2,7.106599,2.538071,0,258.082,37.01247,252.643,0.47
1777423430,k3s-worker-3,17.9104489,7.4626866,5.9701486,592.3203,35.55958,245.4215,0.44
1777423430,k3s-worker-4,5.0761421,2.030457,0,260.2461,42.35806,1048.1022,0.1
1777423430,raspberrypi,2.770781,0.7556675,0,2273.328,28.36179,268.9687,0.49
1777423550,k3s-control,71.6814166,10.6194685,0,166.34766,1001.233,142.38143,0.12
1777423550,k3s-worker-2,7.6142129,4.060914,0,265.2852,37.89244,255.2373,0.06
1777423550,k3s-worker-3,6.5326629,3.517588,0,626.5898,56.76866,268.3729,1.1
1777423550,k3s-worker-4,5.0761418,2.0304569,0,398,42.49359,1052.3478,0.14
1777423550,raspberrypi,2.5062659,1.0025063,0,2268.25,30.20887,264.0261,0.33
1777423673,k3s-control,39.3617028,9.0425537,0,297.1133,1039.8255,187.0807,0.23
1777423673,k3s-worker-2,8.1632649,2.040816,0,387.5859,44.25596,259.3413,0.21
1777423673,k3s-worker-3,8.0402011,3.517588,0,642.2148,42.44158,275.2741,0.52
1777423673,k3s-worker-4,8,3,0,283.3281,37.00546,251.7594,0.9
1777423673,raspberrypi,3.2663321,1.5075378,0,2264.391,28.40899,270.4017,0.33
1777423790,k3s-control,39.487181,7.1794872,0,283.6445,1117.4124,202.8836,1.45
1777423790,k3s-worker-2,7.1065988,4.0609139,0,405.3008,54.52233,267.8089,0.08
1777423790,k3s-worker-3,5.5837562,2.5380711,0,641.3047,207.6965,269.3025,0.14
1777423790,k3s-worker-4,7.070707,2.525253,0,321.1367,91.43003,1080.5896,0.34
1777423790,raspberrypi,3.5087721,1.0025063,0,2268.953,70.6738,282.3183,0.04
1777423906,k3s-control,39.3939404,6.5656571,0,274.3906,1058.7463,167.9846,1.7
1777423906,k3s-worker-2,8.0808079,3.030303,0,402.457,46.92754,266.5414,0.16
1777423906,k3s-worker-3,5.0761421,2.5380711,0,644.1836,36.32805,265.4017,0.05
1777423906,k3s-worker-4,6.1538461,3.076923,0,280.625,64.25822,278.836,0.55
1777423906,raspberrypi,2.5,1,0,2268.219,31.22251,264.7448,0.02
1777424012,k3s-control,58,7.5,0,252.1797,1107.3102,793.8248,1.23
1777424012,k3s-worker-2,4.568528,2.538071,0,402.0742,46.41769,259.6004,0.02
1777424012,k3s-worker-3,5.5276378,2.5125629,0,634.3516,45.39207,267.7008,0.05
1777424012,k3s-worker-4,8.0402005,3.0150748,0,78.63672,364.693,323.657,0.22
1777424012,raspberrypi,2.756892,0.7518797,0,2260.984,28.41906,270.5488,0.07
1777424118,k3s-control,37.5634517,8.1218274,0,234.5625,1066.7305,176.582,0.56
1777424118,k3s-worker-2,6.565657,2.020202,0,397.332,44.40029,255.7316,0.71
1777424118,k3s-worker-3,6.5656569,3.535354,0,635.1484,48.37828,263.1326,0.01
1777424118,k3s-worker-4,36.8421107,18.4210504,0,157.60938,32.44307,217.4701,0.44
1777424118,raspberrypi,2.2784809,1.2658228,0,2258.672,36.40873,285.5116,0.01
1777424232,k3s-control,76.4705885,16.6666667,0,223.8672,1038.0977,142.07311,4.15
1777424232,k3s-worker-2,6.5326631,2.512563,0,403.3633,31.58339,259.9942,0.25
1777424232,k3s-worker-3,5,2.5,1,592.1133,45.39564,270.43,0.12
1777424232,k3s-worker-4,6.0301508,2.5125629,0,573.1641,27.99669,262.8865,4.4
1777424232,raspberrypi,3.25,0.5,0,2264.047,35.0208,270.2417,0
1777424349,k3s-control,66.9421496,11.5702479,0,206.6602,1067.9398,149.96372,3.87
1777424349,k3s-worker-2,6.0606061,3.030303,0,409.1836,28.88226,255.3855,0.08
1777424349,k3s-worker-3,7.5757579,3.030303,0.5050505,636.207,39.97602,246.3516,0.08
1777424349,k3s-worker-4,7.070707,2.525253,0,553.082,40.16869,262.4221,0.72
1777424349,raspberrypi,2.75,0.75,0,2263.234,27.5921,260.7891,0.64
1777424441,k3s-control,42.0512808,7.1794871,0.5128205,197.2852,1024.4869,142.43407,2.59
1777424441,k3s-worker-2,6,3,0.5,416.5703,45.55738,256.6728,0.3
1777424441,k3s-worker-3,6,2.5,0,633.4766,37.69601,260.8081,0.11
1777424441,k3s-worker-4,6.0606061,2.525253,0,566.4258,46.78393,257.0021,0.16
1777424441,raspberrypi,2.506266,1.2531328,0,2263.172,30.21225,265.9835,0.22
1777424559,k3s-control,80.8080808,13.1313131,0,212.2539,1063.8875,162.10547,4.09
1777424559,k3s-worker-2,6.5989851,2.538071,1.0152284,364.4727,31.49895,264.3671,0.56
1777424559,k3s-worker-3,9.1370559,3.045685,0,620.1016,41.9678,260.6576,0.01
1777424559,k3s-worker-4,5.0505051,2.0202021,0,569.6094,39.96878,256.8521,0.11
1777424559,raspberrypi,2.0202019,0.5050505,0,2264.484,31.69519,284.9779,0.14
1777424706,k3s-control,92.9292928,7.0707072,0,226.4609,1193.3192,156.47618,1.24
1777424706,k3s-worker-2,8.1632647,3.5714289,0,403.8047,32.75234,263.1518,0.51
1777424706,k3s-worker-3,5.0761421,2.030457,0,627.1914,33.15674,258.2337,0.09
1777424706,k3s-worker-4,7.1065991,3.5532991,0,566.9102,34.95388,249.9645,0.01
1777424706,raspberrypi,3.0303027,1.2626262,0,1915.391,34.12982,286.9526,0.65
1777424825,k3s-control,53.2846684,12.4087586,0,185.5273,1044.4149,122.32429,0.5653475
1777424825,k3s-worker-2,8.0402011,3.015075,0,379.6953,35.94942,258.2651,1.03
1777424825,k3s-worker-3,5.5,2.5,0,603.3398,29.98629,246.1072,0.09
1777424825,k3s-worker-4,7.1065987,3.0456849,0,573.0273,37.39241,250.3578,0.16
1777424825,raspberrypi,1.5075376,0.7537688,0,1944.703,26.72345,281.4875,2.43
1777424948,k3s-control,81,16,0,198.4453,1044.7916,164.17164,0.21
1777424948,k3s-worker-2,6.598985,3.045685,0,421.1406,32.88345,254.7886,0.15
1777424948,k3s-worker-3,5.5837559,3.045685,0,584.0898,53.89841,279.2098,0.03
1777424948,k3s-worker-4,6.0913711,2.030457,0,575.4766,34.31378,265.9422,0.12
1777424948,raspberrypi,3.2828279,0.7575758,0,2243.062,31.55025,273.5475,0.75
1777425061,k3s-control,63.4328354,11.1940292,0,173.3086,1035.644,110.90167,0.19
1777425061,k3s-worker-2,6.1224491,2.55102,0,423.0625,33.25328,256.5192,0.04
1777425061,k3s-worker-3,5.527638,2.01005,0,621.6484,30.69117,244.4571,0.09
1777425061,k3s-worker-4,6.060606,3.535354,0,546.2031,46.66795,264.6199,0.55
1777425061,raspberrypi,2.5,1,0.25,2244.234,28.3379,271.8675,0.19
1777425179,k3s-control,44.7674421,8.7209304,0,160.02734,1100.4186,178.6067,0.1
1777425179,k3s-worker-2,6.0301511,3.015075,0,412.9141,27.88532,257.4353,0.29
1777425179,k3s-worker-3,5.1020409,2.040816,0.5102041,616.8867,31.42528,261.6439,0.18
1777425179,k3s-worker-4,6,2,0.5,572.6562,38.21912,248.5684,0.22
1777425179,raspberrypi,2.020202,0.7575758,0,2246.812,33.4477,278.3845,0.02
1777425301,k3s-control,59.4202915,8.6956522,0.7246377,192.25,1033.566,157.1456,0.08
1777425301,k3s-worker-2,5.1020412,2.0408161,0,414.9805,30.6751,249.7854,0.04
1777425301,k3s-worker-3,6.5989852,1.5228426,0,621.5273,27.8427,245.2763,0.1
1777425301,k3s-worker-4,7.5757579,2.525253,0,516.1211,39.57808,257.4864,0.61
1777425301,raspberrypi,3.266332,0.7537688,0,2242.766,57.93657,284.2256,0
1777425463,k3s-control,57.246379,7.9710139,0,167.44531,1042.7773,136.90295,4.47
1777425463,k3s-worker-2,6.0913709,2.5380709,0,412.5625,29.86021,249.1964,0.18
1777425463,k3s-worker-3,5.5276378,3.0150749,0,624.6992,31.19601,246.0346,0.08
1777425463,k3s-worker-4,5.5555561,2.525253,0,571.1836,43.74699,254.4258,0.3
1777425463,raspberrypi,2.015113,1.0075567,0,2247.062,28.30369,271.4821,0.11
1777425586,k3s-control,45.1282064,6.6666665,0,172.8086,1010.5579,143.75566,7.13
1777425586,k3s-worker-2,5.6122449,1.5306122,0.5102041,410.043,32.23602,250.8627,0.02
1777425586,k3s-worker-3,7.070707,2.525253,0,556.3359,33.59119,248.2699,0.05
1777425586,k3s-worker-4,7.5757578,3.5353539,0,560.7617,45.09677,264.8619,0.06
1777425586,raspberrypi,2.2556391,1.0025063,0,2245.469,32.71032,272.3032,0.88
1777425699,k3s-control,69.7247735,10.0917435,0,158.48828,1053.3806,118.36552,7.33
1777425699,k3s-worker-2,16.7512692,9.6446701,0,395.1172,46.28405,258.438,0.06
1777425699,k3s-worker-3,5.5837562,2.5380711,0,614.6836,41.2414,257.7202,0.09
1777425699,k3s-worker-4,4.5454551,2.020202,0,520.3945,44.70763,256.8992,1.89
1777425699,raspberrypi,3.740648,1.2468828,0,2244.031,33.46656,270.0825,0.27
1777425793,k3s-control,39.6984917,7.5376883,0,176.4453,1119.4659,156.57792,7.19
1777425793,k3s-worker-2,6.565657,2.525253,0,395.875,33.51301,264.0676,6.2
1777425793,k3s-worker-3,5.050505,3.535354,0,618.6719,51.81427,283.1979,0.06
1777425793,k3s-worker-4,5.5555561,2.020202,0,546.0781,41.27026,275.5043,5.87
1777425793,raspberrypi,2.267003,0.7556675,0,2245.188,48.02168,287.809,0.82
1777425907,k3s-control,47.7707021,10.1910834,0,152.35938,1005.2589,140.38098,9.72
1777425907,k3s-worker-2,8.0808078,4.5454549,0,377.4375,33.2399,252.6461,6.88
1777425907,k3s-worker-3,5.5837559,3.045685,0,616.3672,36.15951,252.5051,0.01
1777425907,k3s-worker-4,4.5918371,2.5510201,0,562.7656,39.03796,250.4858,3.99
1777425907,raspberrypi,3.2828279,0.7575758,0,2241.125,59.31934,313.6797,0.41
1777426035,k3s-control,65.1376131,11.0091745,0,149.55078,1016.6471,139.809,9
1777426035,k3s-worker-2,8.6294417,2.5380709,0,397.0938,43.74988,272.7708,2.48
1777426035,k3s-worker-3,5.0761421,2.030457,0,588.9336,30.42674,242.5576,0.11
1777426035,k3s-worker-4,5.5276378,3.0150749,0,557.4648,38.4424,260.2644,1.49
1777426035,raspberrypi,3.0075191,1.0025063,0,2248.031,25.37979,263.5778,0.09
1777426177,k3s-control,75.438597,9.6491226,0,142.11719,1056.3303,138.83053,6.49
1777426177,k3s-worker-2,6.5656567,4.0404038,3.0303029,387.1719,32.48746,260.5902,1.46
1777426177,k3s-worker-3,5.0761418,2.5380709,0,611.1406,37.65939,273.8188,0.02
1777426177,k3s-worker-4,17.9104505,7.4626872,0,478.6328,64.62766,252.2211,1.23
1777426177,raspberrypi,2.261307,1.0050251,0,2245.484,33.66335,292.0602,0.25
1777426296,k3s-control,68.9655179,12.9310336,0,155.89844,1070.5103,149.93829,7.71
1777426296,k3s-worker-2,10.1010096,4.0404038,0,399.1641,35.2224,255.4782,0.68
1777426296,k3s-worker-3,5.5555561,1.5151515,0,584.2227,38.29177,255.2046,0.36
1777426296,k3s-worker-4,5.5276378,2.5125629,0,516.2305,41.04941,255.674,0.32
1777426296,raspberrypi,2.5125629,1.0050251,0,2242.484,29.06389,274.0062,0.06
1777426421,k3s-control,75.2212385,10.6194688,0,149.05469,1038.1955,139.32161,8.83
1777426421,k3s-worker-2,9.0452257,3.0150749,0,394.7227,31.39438,251.967,0.22
1777426421,k3s-worker-3,7.0707071,2.020202,0,610.1562,32.13975,255.9298,2.27
1777426421,k3s-worker-4,8,3.5,0,504.8398,38.23155,248.9619,0.12
1777426421,raspberrypi,2.015113,1.0075567,0,2242.781,28.5959,266.9183,0.05
1777426541,k3s-control,78.1818184,11.8181818,0,149.78516,1037.7784,140.32912,9.81
1777426541,k3s-worker-2,7.070707,3.030303,0,397.7305,40.82212,274.4024,0.12
1777426541,k3s-worker-3,6.0913712,2.5380711,0.5076142,610.9492,31.77132,250.5781,7.59
1777426541,k3s-worker-4,5.5837559,2.538071,0,539.0898,44.67179,263.0475,0.03
1777426541,raspberrypi,1.763224,1.2594458,0,2241.734,22.03056,265.9597,0.04
1777426663,k3s-control,50.0000017,8.5526323,0,242.4492,1027.0182,157.41037,4.48
1777426663,k3s-worker-2,6.5989853,2.5380711,0,370.0078,38.11043,252.325,0.13
1777426663,k3s-worker-3,6.565657,3.030303,0,601.793,47.10323,268.2882,2.64
1777426663,k3s-worker-4,5.5276378,3.0150749,0,486.5547,43.04277,252.8132,2.54
1777426663,raspberrypi,2.75,1.25,0,2241.859,37.51487,282.5016,0
1777426762,k3s-control,46.2962995,9.8765429,0,207.5586,1079.9017,147.86859,1.51
1777426762,k3s-worker-2,6.060606,3.535354,0,379.0352,31.58524,250.442,0.11
1777426762,k3s-worker-3,5.5555561,2.020202,0,607.8828,36.81545,260.1603,0.89
1777426762,k3s-worker-4,6.0913708,4.0609139,0,526.3008,45.13683,256.6473,0.76
1777426762,raspberrypi,3.0150751,1.0050251,0,2239.156,42.38173,281.6991,2.21
1777426912,k3s-control,72.3214292,13.3928569,0,214.7539,1078.3003,156.83951,0.57
1777426912,k3s-worker-2,9,3.5,0,376.707,34.69511,253.6126,0.11
1777426912,k3s-worker-3,6.0913711,2.030457,0,606.2695,33.62678,251.4935,0.14
1777426912,k3s-worker-4,6.5656569,4.5454549,0,528.2422,49.26593,262.0184,0.13
1777426912,raspberrypi,2.0202019,1.010101,0,1612.7656,30.2874,286.8667,1.78
1777427034,k3s-control,77.2277239,17.8217809,0,204.2539,1135.3337,1881.507,0.3
1777427034,k3s-worker-2,7.0707071,2.020202,0,374.0508,42.74557,262.1129,0.1
1777427034,k3s-worker-3,8.1218274,4.5685282,0,565.8984,58.35413,2196.48,0.0185977
1777427034,k3s-worker-4,7.070707,2.525253,0,532.6953,42.98104,256.1535,0.05
1777427034,raspberrypi,2.512563,0.7537688,0,2229.609,55.15158,298.7943,1.18
1777427157,k3s-control,46.7005098,8.629442,0,184.6289,1055.6898,149.7688,0.79
1777427157,k3s-worker-2,5.5555561,3.030303,0,382.082,54.11199,1682.015,0.05
1777427157,k3s-worker-3,6.0913711,2.030457,0,602.4766,45.04312,283.4629,0.03
1777427157,k3s-worker-4,5.5276382,3.0150751,0,499.2578,45.61312,266.4898,1.03
1777427157,raspberrypi,2.015113,1.0075567,0,2230.688,29.7337,268.1735,0.47
1777427246,k3s-control,67.5438614,13.1578953,0,231,1001.6001,126.35211,2.87
1777427246,k3s-worker-2,7.070707,2.525253,0,361.582,36.67502,264.7618,1.23
1777427246,k3s-worker-3,4.568528,2.538071,0,602.3789,39.22122,256.2868,0.43
1777427246,k3s-worker-4,7.5757578,5.0505048,0,530.3867,39.65224,247.2059,0.39
1777427246,raspberrypi,2.020202,0.7575758,0,2224.125,30.42087,275.2594,0.58
1777427367,k3s-control,52.1126765,11.2676052,0,211.8477,1045.3346,146.82833,11.44
1777427367,k3s-worker-2,5.5555561,2.525253,0,339.4688,39.13221,254.1202,0.51
1777427367,k3s-worker-3,5.555556,3.535354,0,603.5391,46.98521,267.681,0.31
1777427367,k3s-worker-4,5.5837558,2.0304569,0,530.3906,35.73907,252.8279,0.05
1777427367,raspberrypi,2.0253159,1.0126582,0,2227.062,32.10452,282.274,0.51
1777427488,k3s-control,39.6984908,6.5326631,0,193.9922,1048.9246,176.6219,18.18
1777427488,k3s-worker-2,5.6122449,2.040816,0,367.4414,47.20375,261.9291,0.14
1777427488,k3s-worker-3,5.555556,4.040404,0,579.8164,39.87993,254.0402,0.05
1777427488,k3s-worker-4,5.5555561,3.030303,0,523.0898,41.46474,258.2753,0.33
1777427488,raspberrypi,2.5062659,1.0025063,0,2225.25,35.18427,281.49,0.08
1777427651,k3s-control,59.6774196,9.6774189,0.8064516,167.7969,1152.8944,209.8705,11.15
1777427651,k3s-worker-2,27.6595708,12.7659574,0,118.92969,103.78938,290.6228,7.04
1777427651,k3s-worker-3,6.5326633,2.0100501,0,588.4844,44.48149,262.4344,0.03
1777427651,k3s-worker-4,5.0251258,3.5175879,0,530.3203,52.34506,259.7154,0.06
1777427651,raspberrypi,2.015113,0.7556675,0,2238.719,32.14091,276.238,0.01
1777427781,k3s-control,43.5,9,1,150.4375,1030.8993,164.72849,9.39
1777427781,k3s-worker-2,5.1020409,2.55102,0,441.5508,38.38107,261.9515,5.17
1777427781,k3s-worker-3,6.565657,2.020202,0,542.7461,46.02405,263.9888,0.02
1777427781,k3s-worker-4,7.0351759,3.015075,0,533.4297,42.33053,257.9428,0.01
1777427781,raspberrypi,2.512563,0.7537688,0,2241.656,34.35902,277.9219,0.25
1777427900,k3s-control,82.1782184,13.8613857,0,237.3633,1093.2323,190.6835,9.682744
1777427900,k3s-worker-2,5.5555561,2.525253,0,410.8281,41.65736,260.6401,1.51
1777427900,k3s-worker-3,4.0404041,2.5252531,0,594.668,37.86194,263.7088,0.02
1777427900,k3s-worker-4,4.5685279,3.0456849,0,505.6797,50.1152,266.1148,0.09
1777427900,raspberrypi,2.493766,0.9975062,0.2493766,2238.781,35.24739,278.978,0.03
1777428019,k3s-control,83.1683175,10.8910887,0.990099,210.6406,1053.5686,166.44803,9.58
1777428019,k3s-worker-2,8.1218267,2.0304569,0,415.8281,32.60092,247.9529,0.42
1777428019,k3s-worker-3,5.0251259,3.015075,0,598.875,38.05177,261.9146,0.21
1777428019,k3s-worker-4,8.0402011,5.5276381,0,526.8945,44.83292,257.0806,0.15
1777428019,raspberrypi,2.01005,1.2562814,0,2237.734,30.34383,277.613,2.35
1777428147,k3s-control,75.2293583,11.0091738,0,258.7852,1015.2997,145.06527,5.03
1777428147,k3s-worker-2,7.5757577,5.5555557,0,410.8203,39.43499,249.5794,0.35
1777428147,k3s-worker-3,5.5276381,2.01005,0,596.5156,31.57644,246.6746,0.09
1777428147,k3s-worker-4,5.5837559,3.045685,0,502.8242,33.11078,249.7215,0.32
1777428147,raspberrypi,2.015113,1.0075567,0,2238.453,31.98333,273.8145,0.43
1777428248,k3s-control,47.2081198,8.629442,0,198.1172,1081.3204,144.89155,1.06
1777428248,k3s-worker-2,8.1218269,4.060914,0,394.7812,37.53089,256.6652,0.17
1777428248,k3s-worker-3,4.5918371,2.5510201,0,601.918,39.6131,269.188,0.02
1777428248,k3s-worker-4,5.0761422,3.0456851,0,521.3398,40.0501,256.3646,0.06
1777428248,raspberrypi,2.5062661,1.5037595,0,2236.328,52.91354,290.4787,0.34
1777428312,k3s-control,36.4640886,8.8397787,0.5524862,241.4531,1056.3569,163.49549,0.71
1777428312,k3s-worker-2,8.1218273,6.5989853,0,411.9531,236.1236,267.7252,0.06
1777428312,k3s-worker-3,5.5276381,2.01005,0,602.6992,24.71491,247.1431,0
1777428312,k3s-worker-4,7.5757578,4.5454549,0,526.5312,112.35663,258.5974,0.07
1777428312,raspberrypi,2.2727271,0.5050505,0,2233.109,72.6694,276.4828,0.11
1777428434,k3s-control,38.421052,6.3157893,0,210.4648,1081.3892,179.3278,1.93
1777428434,k3s-worker-2,31.775701,5.6074772,0,378.8398,47.51209,265.2863,3.17
1777428434,k3s-worker-3,6,2.5,0.5,567.293,44.85985,268.7919,0.1085978
1777428434,k3s-worker-4,5.0761418,2.5380709,0,527,47.33586,254.8724,0.05
1777428434,raspberrypi,2.5188921,1.2594458,0,2228.688,36.16248,276.1816,0.1
1777428555,k3s-control,83.4951462,12.6213584,0.9708738,203.1992,1000.5461,113.68854,0.59
1777428555,k3s-worker-2,6.565657,2.525253,0,417.3984,23.00598,255.6212,0.43
1777428555,k3s-worker-3,5.0251261,2.01005,0,571.6016,33.3639,257.9351,1.08
1777428555,k3s-worker-4,4.0816329,2.5510199,0,511.8945,40.80118,258.2084,0.07
1777428555,raspberrypi,2.512563,1.0050251,0,2234.328,28.13519,265.7479,0.39
1777428677,k3s-control,63.3928555,16.9642888,0,180.3125,1022.8128,124.00451,0.18
1777428677,k3s-worker-2,6.0606061,2.020202,0,414.6875,72.98858,248.7707,0.06
1777428677,k3s-worker-3,5.5837558,2.0304569,0,596.2891,95.29948,257.4473,0.47
1777428677,k3s-worker-4,7.106599,2.538071,0,496.3008,85.57888,257.4345,0.48
1777428677,raspberrypi,2.5062661,0.7518797,0,2236.359,63.8984,274.0865,0.28
1777428772,k3s-control,83,13,0,167.55859,1044.2458,143.7411,0.13
1777428772,k3s-worker-2,5.5,3,0,403.668,34.56346,248.6349,0.15
1777428772,k3s-worker-3,6.565657,2.525253,0,592.1992,34.98835,255.6375,0.12
1777428772,k3s-worker-4,6.5989847,3.0456849,0.5076142,523.6445,48.67845,268.6664,0.14
1777428772,raspberrypi,2.7848099,0.7594937,0,2236.172,32.60863,276.5733,0.16
1777428893,k3s-control,59.5588227,8.8235294,1.4705883,185.6719,1079.1437,1344.8593,12.12
1777428893,k3s-worker-2,5.6122453,2.5510201,0,379.875,42.30985,258.6322,0.42
1777428893,k3s-worker-3,5.6122453,2.5510201,0,591.9766,40.76763,280.4493,0.01
1777428893,k3s-worker-4,5.0761421,2.030457,0,520.8789,38.62316,253.7302,0.02
1777428893,raspberrypi,3.25,2,0,2223.516,31.54589,278.5603,0.09
1777429035,k3s-control,81.7307696,13.4615379,0,211.2969,1046.1742,177.0593,8.18
1777429035,k3s-worker-2,6.565657,3.030303,0,378.8867,39.72015,264.6305,0.36
1777429035,k3s-worker-3,4.5454551,2.020202,0.5050505,588.4766,37.64357,262.1741,0.31
1777429035,k3s-worker-4,7.106599,2.538071,0,518.7852,39.14283,260.0689,0.04
1777429035,raspberrypi,1.5075378,1.5075378,0,2190.844,55.9427,301.2187,0.54
1777429155,k3s-control,79.6116502,13.592233,0,190.8633,1052.7291,143.6447,4.84479
1777429155,k3s-worker-2,6.1224491,2.55102,0,414.1172,45.04426,257.6311,0.83
1777429155,k3s-worker-3,5.0251258,3.0150749,0,587.9883,33.25194,249.5411,0.04
1777429155,k3s-worker-4,7.0707069,3.5353539,0.5050505,520.4258,36.64101,248.7142,0
1777429155,raspberrypi,1.7587939,0.5025126,0,2197.203,46.3378,324.5722,1.79
1777429275,k3s-control,84.8484842,11.1111116,0,198.168,1063.0243,137.51383,5.18
1777429275,k3s-worker-2,6.0301512,2.5125631,0,404.5938,40.72737,259.1738,0.3
1777429275,k3s-worker-3,5.555556,2.525253,0,553.4844,25.55893,240.5707,0.03
1777429275,k3s-worker-4,6.5989853,2.5380711,0,519.5234,42.37997,253.9615,0.04
1777429275,raspberrypi,2.261307,1.2562814,0,2224.672,45.76781,277.3024,2.48
1777429393,k3s-control,79.0909092,6.3636359,0,218.6875,1006.8116,133.49563,4.26
1777429393,k3s-worker-2,5.5837558,2.0304569,0,390.0312,34.85581,246.2418,0.45
1777429393,k3s-worker-3,6.0913712,3.0456851,0,589.3594,30.10783,247.5704,0.06
1777429393,k3s-worker-4,7.6142128,3.5532989,0,491.8164,56.75727,255.224,0.15
1777429393,raspberrypi,4,0.75,0,2223.094,31.48843,269.6675,0.51
1777429516,k3s-control,57.6642312,9.4890512,0,196.6562,1023.8861,126.6625,1.74
1777429516,k3s-worker-2,5.555556,3.030303,0,401.9141,39.57323,256.3454,0.14
1777429516,k3s-worker-3,5.0761421,2.030457,0,575.0898,30.1124,243.8229,0.46
1777429516,k3s-worker-4,5.5837558,2.0304569,0,515.3203,36.18747,248.9403,0.02
1777429516,raspberrypi,3.0226701,0.5037783,0,2226.953,26.46071,264.8443,0.22
1777429639,k3s-control,60.15625,12.5,0,205.9883,1044.2694,138.98685,0.42
1777429639,k3s-worker-2,7.0351759,3.015075,0,397.0469,39.78552,251.8042,0.21
1777429639,k3s-worker-3,7.106599,2.538071,0,587.7266,31.82565,249.1901,0.1
1777429639,k3s-worker-4,6.060606,2.525253,0,473.6562,37.38327,248.59,0.1
1777429639,raspberrypi,2.5062661,0.7518797,0,2227.969,37.10526,276.179,0.25
1777429764,k3s-control,80,19,0,216.6406,1150.27,183.4106,0.37
1777429764,k3s-worker-2,8.121827,3.045685,1.0152284,80.11719,55.97107,308.707,0.36
1777429764,k3s-worker-3,5.5276379,2.512563,0,583.3828,37.17749,255.765,0.21
1777429764,k3s-worker-4,5.5555561,3.030303,0,508.2148,34.54766,255.7137,0.11
1777429764,raspberrypi,3.7783379,1.511335,0,2225.594,30.05343,279.8995,0.03
1777429907,k3s-control,81.5533977,13.5922326,0,242.0938,1015.7559,112.63163,0.27
1777429907,k3s-worker-2,20.2247194,6.7415728,0,160.16797,36.54844,269.7132,0.27
1777429907,k3s-worker-3,7.0707071,1.5151515,0,590.3438,28.86602,243.787,0.02
1777429907,k3s-worker-4,6.565657,3.030303,0,517.1094,90.33635,261.6205,0.01
1777429907,raspberrypi,2.015113,1.2594458,0,2230.344,74.199,277.6711,0.18
1777430036,k3s-control,43.0167603,7.2625701,0,241.3906,1054.3597,437.3472,0.14
1777430036,k3s-worker-2,8.5858586,4.5454548,0,921.5898,44.50687,643.1591,0.24
1777430036,k3s-worker-3,6.5989849,2.030457,0,521.7969,26.46026,247.158,0.45
1777430036,k3s-worker-4,7.1065988,4.0609139,0,511.1914,32.68216,247.7318,0
1777430036,raspberrypi,2.512563,1.2562814,0,2226.266,36.18972,273.3614,0.11
1777430154,k3s-control,56.3380292,11.2676058,0,197.8203,1089.3705,787.292,11.87
1777430154,k3s-worker-2,6.598985,2.538071,0,924.6094,39.3057,269.8277,0.03
1777430154,k3s-worker-3,8.0808078,3.5353539,0,586.7695,32.46676,655.4237,0.11
1777430154,k3s-worker-4,8.1218267,2.0304569,0,483.9883,49.21637,263.644,0.6
1777430154,raspberrypi,2.5188921,1.2594458,0,2226.656,29.27296,271.6904,0.01
1777430253,k3s-control,58.8235305,8.0882351,0,248.2656,1060.7484,129.25105,7.16
1777430253,k3s-worker-2,5.5555561,2.525253,0,686.5938,20.623,247.066,0.08
1777430253,k3s-worker-3,6.5656569,4.040404,0,585.0859,33.55871,251.325,0.13
1777430253,k3s-worker-4,7.070707,2.525253,0,485.8281,42.8067,264.9572,0.19
1777430253,raspberrypi,2.015113,0.7556675,0,2218.141,31.7282,278.2586,0
1777430372,k3s-control,53.8461499,8.391608,0.6993007,229.4844,1036.306,116.04301,2.57
1777430372,k3s-worker-2,5.1020413,3.0612242,0,601.5469,28.95701,243.8323,0.56
1777430372,k3s-worker-3,8.0808079,2.525253,0,586.7695,30.32786,250.1494,0.05
1777430372,k3s-worker-4,5.0251259,3.015075,0,501.6445,34.42165,249.8934,0.03
1777430372,raspberrypi,2.005013,1.0025063,0,2226.828,26.48325,265.3173,0.43
1777430519,k3s-control,71.6814164,12.3893804,0,223.0352,1058.7149,295.2085,1.8
1777430519,k3s-worker-2,6.1224491,2.55102,0,656.5898,31.6503,246.3901,0.05
1777430519,k3s-worker-3,6.0301508,4.5226128,0,209.582,43.25913,282.0918,0.41
1777430519,k3s-worker-4,5.0761418,2.5380709,0,503.8438,36.57422,261.9836,0
1777430519,raspberrypi,2.015113,1.0075567,0,2223.078,29.52885,281.6739,1.9
1777430637,k3s-control,37.8378394,8.6486489,1.6216216,213.3359,1019.8499,198.7774,8.64
1777430637,k3s-worker-2,6.5989853,2.5380711,0,658.625,68.10733,976.1563,0
1777430637,k3s-worker-3,25.4901985,11.7647053,0,248.6055,68.45641,408.1697,2.66
1777430637,k3s-worker-4,5.5555561,3.030303,0,502.0078,38.2076,258.9671,0
1777430637,raspberrypi,3.2581451,1.2531328,0,2224.578,38.31936,279.6047,0.42
1777430758,k3s-control,55.1724115,8.9655172,0,231.5625,1037.1666,128.67937,8.23
1777430758,k3s-worker-2,5.0505051,2.5252531,0,663.8828,31.09838,243.2265,3.42
1777430758,k3s-worker-3,6.5989853,2.5380711,0,548.7891,33.79138,268.1768,0.88
1777430758,k3s-worker-4,7.5,2.5,0,505.7617,37.0827,264.8257,5.28
1777430758,raspberrypi,3.0226701,1.0075567,0,2226.562,52.94181,283.7712,0.31
1777430884,k3s-control,41.8994407,7.2625701,0,205.7773,1037.7654,136.02646,12.26
1777430884,k3s-worker-2,7.5376877,2.5125629,0,656.5352,31.28581,248.8285,5.9
1777430884,k3s-worker-3,5.0505052,2.0202021,0,568.1133,32.41663,261.2845,0.31
1777430884,k3s-worker-4,5.0761422,3.0456851,0,456.5703,36.86809,253.3633,9.24
1777430884,raspberrypi,3.015075,1.0050251,0,2225.328,31.47136,275.0111,0.42
1777431003,k3s-control,56.5517217,7.5862072,0,236.2188,1055.1659,147.03766,7.05
1777431003,k3s-worker-2,8.0402007,2.5125629,0,657.582,35.64907,254.6872,2.49
1777431003,k3s-worker-3,5.527638,2.01005,0,558.2617,34.40411,263.2398,0.04
1777431003,k3s-worker-4,5.5837558,2.0304569,0,507.2617,42.08282,259.7878,2.11
1777431003,raspberrypi,2.5,1,0,2224.094,33.56696,267.947,0.19
1777431117,k3s-control,49.0066236,13.245034,3.3112582,217.8398,1083.1436,127.62968,5.39
1777431117,k3s-worker-2,8.1632654,2.5510201,0,660.3516,36.2947,773.2881,0.95
1777431117,k3s-worker-3,5.0505051,2.5252531,0,567.4414,31.74507,270.0622,0.1
1777431117,k3s-worker-4,5.555556,3.535354,0,463.7148,41.44157,257.0999,0.38
1777431117,raspberrypi,2.7707811,1.2594458,0,2226.656,32.13913,268.7945,0.38
1777431280,k3s-control,57.8571427,9.2857144,0,196.7188,1049.7469,221.9007,2.44
1777431280,k3s-worker-2,7.070707,2.525253,0,662.3516,28.01352,243.1294,0.62
1777431280,k3s-worker-3,6.0301512,3.0150751,0,570.4453,23.55577,243.3892,0
1777431280,k3s-worker-4,5.6122449,2.040816,0,510.3164,49.66331,261.9071,0.02
1777431280,raspberrypi,2.0100501,1.0050251,0,2225.297,26.81626,271.9585,0.1
1777431398,k3s-control,68.468468,11.7117117,0,225.9062,1117.1038,154.28296,1.36
1777431398,k3s-worker-2,48.5,13,1,549.2109,38.6617,288.9057,0.27
1777431398,k3s-worker-3,54.3147184,4.5685279,12.6903546,451.1641,38.30157,281.0597,1.17
1777431398,k3s-worker-4,5.5276381,3.0150751,14.0703523,455.6055,42.36921,249.1611,0.11
1777431398,raspberrypi,2.5062661,0.7518797,0,2226.328,39.29403,267.7608,0.04
1777431523,k3s-control,57.3529405,8.0882351,0,227.4375,1016.0701,111.11384,0.48
1777431523,k3s-worker-2,5.5837562,2.5380711,0,643.4102,35.59872,252.556,0.43
1777431523,k3s-worker-3,7.1065993,2.0304571,0,567.0703,27.89291,243.5041,7.12
1777431523,k3s-worker-4,6.0606061,2.020202,0,475.2891,41.23702,253.0043,0.02
1777431523,raspberrypi,2.0050131,1.0025063,0,2226.438,26.43774,269.9568,0
1777431617,k3s-control,38.8888902,7.575758,0,197.1211,1067.3085,186.7134,8.02
1777431617,k3s-worker-2,5.5837562,2.5380711,0,651.6055,62.2398,273.3147,0.09
1777431617,k3s-worker-3,4.5685278,2.0304569,0,568.1367,48.41564,284.8469,4.13
1777431617,k3s-worker-4,6.0606061,2.525253,0,465.0859,66.81816,271.4307,0.74
1777431617,raspberrypi,2.020202,0.7575758,0,2223.266,31.32943,287.1524,0.08
1777431730,k3s-control,91,9,0,186.6562,982.9216,167.67421,5.62
1777431730,k3s-worker-2,8.0402011,2.512563,0,624.8086,56.5838,274.8566,0.01
1777431730,k3s-worker-3,6.5989852,1.5228426,0,564.5586,49.62613,262.5613,0.89
1777431730,k3s-worker-4,5.0761422,3.0456851,0,502.375,34.75938,246.7353,0.64
1777431730,raspberrypi,1.7587941,1.2562815,0,2218.984,61.49709,300.7886,0.01
1777431849,k3s-control,40.1015205,8.6294421,1.5228426,200.4102,1052.6759,164.37499,7.4
1777431849,k3s-worker-2,5.5837559,3.045685,0,644.3242,43.82625,268.4881,0
1777431849,k3s-worker-3,8.1218273,3.5532991,0,555.4062,40.4287,267.0128,0.4057932
1777431849,k3s-worker-4,7,3,0,483.3555,48.91677,257.6299,0.15
1777431849,raspberrypi,2.015113,1.0075567,0,2222.828,46.53713,275.9568,0.89
1777431988,k3s-control,39.3939402,6.565657,1.5151515,191.5977,1106.5487,196.4937,8.22
1777431988,k3s-worker-2,13.9534877,6.9767439,0,567.3906,42.23648,294.2312,0.95
1777431988,k3s-worker-3,5.0505051,2.5252531,0,568.4531,47.68978,265.7408,0.06
1777431988,k3s-worker-4,33.1658293,12.0603018,0,458.332,205.9387,364.5885,0.15
1777431988,raspberrypi,3.258145,1.0025063,0,2216.953,63.279,299.2926,0.13
1777432113,k3s-control,58.9743577,11.1111106,0,191.7266,1062.7879,139.1387,7.25
1777432113,k3s-worker-2,6.0913712,3.0456851,0,616.7031,31.73265,248.7196,4.29
1777432113,k3s-worker-3,5.0761421,2.030457,0,516.7891,32.85836,247.9381,0.14
1777432113,k3s-worker-4,6.091371,3.553299,0,490.3555,35.91281,250.7506,0.07
1777432113,raspberrypi,2.01005,1.2562814,0,2220.688,28.72336,266.1443,0.0386551
1777432231,k3s-control,45.9595959,7.5757573,0.5050505,166.39844,1052.9932,162.78275,4.34
1777432231,k3s-worker-2,7.106599,2.538071,0,632.7461,43.53447,260.3183,0.96
1777432231,k3s-worker-3,5.0505052,2.0202021,0,546.6094,42.85566,261.5228,0.35
1777432231,k3s-worker-4,6.565657,2.525253,0,449.5352,72.26013,295.8483,0.01
1777432231,raspberrypi,2.255639,1.0025063,0,2219.266,35.86975,274.3103,0.07
1777432344,k3s-control,53.2258076,6.4516127,0,210.3164,1045.7558,168.915,7.16
1777432344,k3s-worker-2,9.6938778,2.5510199,0,626.7383,31.21169,250.9125,0.18
1777432344,k3s-worker-3,5.555556,3.030303,0,554.9805,43.21066,261.9467,0.19
1777432344,k3s-worker-4,6.0301509,3.015075,0,488.6562,54.23641,259.5378,0.03
1777432344,raspberrypi,3.7783378,1.0075567,0,2217.656,49.01369,286.4113,0.53
1777432463,k3s-control,66.6666686,11.3821138,0,181.2383,1039.669,147.78046,9.25
1777432463,k3s-worker-2,8.0808078,3.5353539,0,623.7773,38.44367,256.4867,0.06
1777432463,k3s-worker-3,5.5837559,3.045685,0,561.3047,27.50104,246.7356,0.96
1777432463,k3s-worker-4,6.565657,2.525253,0,470.6406,53.15344,270.9924,0.53
1777432463,raspberrypi,2.5,1.25,0,2224.141,25.5259,273.8052,0.19
1777432556,k3s-control,39.5939102,6.091371,0,154,1099.4639,180.8373,14.26
1777432556,k3s-worker-2,11.6751264,4.0609138,0,625.4492,52.47828,653.753,1.04
1777432556,k3s-worker-3,5.0251259,3.015075,0,564.1328,35.0671,250.2482,0.29
1777432556,k3s-worker-4,7.1065988,4.0609139,0,493.3906,50.66812,263.3318,0.39
1777432556,raspberrypi,2.770781,0.7556675,0,2212.797,39.54889,278.2889,0.04
1777432703,k3s-control,39.3939388,7.5757578,3.5353539,236.1914,1081.9242,224.8785,2.26
1777432703,k3s-worker-2,7.1428572,2.5510201,0,631.1328,44.55117,273.9825,0.23
1777432703,k3s-worker-3,12.3809524,3.8095241,0,145.89453,61.3286,301.3778,1.36
1777432703,k3s-worker-4,5.555556,3.030303,0,477.7266,29.25636,256.7895,0.06
1777432703,raspberrypi,4.5226128,5.0251257,0.2512563,2213.391,35.7827,279.9383,0
1777432831,k3s-control,41.3265304,8.1632651,0,182.168,1032.0525,159.52036,1.91
1777432831,k3s-worker-2,5.555556,2.525253,0.5050505,622.8242,34.29405,251.9684,0.08
1777432831,k3s-worker-3,7.0707069,2.525253,1.5151515,882.2461,91.3683,301.243,13.81
1777432831,k3s-worker-4,6.0606061,2.525253,0,484.1211,40.56098,250.3198,0.08
1777432831,raspberrypi,2.005013,0.7518797,0,2215.547,34.06254,279.1515,0
1777432943,k3s-control,63.7795267,11.0236214,0.7874016,212.8828,1053.6181,202.1722,0.51
1777432943,k3s-worker-2,6.5656569,3.5353539,0,632.3398,44.00767,268.3875,0.25
1777432943,k3s-worker-3,5.5837562,2.5380711,0,918.6484,63.83878,279.9754,2.27
1777432943,k3s-worker-4,6.0301512,3.0150751,0,454.9219,50.65396,254.3136,0.95
1777432943,raspberrypi,3.5087721,1.754386,0,2213.031,32.06488,270.1616,0.07
1777433036,k3s-control,55.5555596,9.7222219,0.6944444,221.3828,1037.8237,167.32891,0.34
1777433036,k3s-worker-2,11.1111115,4.0404042,0,621.8203,47.20008,647.2905,0.47
1777433036,k3s-worker-3,5.5837558,2.0304569,0,914.5508,34.48117,250.0387,0.59
1777433036,k3s-worker-4,6.060606,4.040404,0,482.1602,37.32565,248.7456,1.71
1777433036,raspberrypi,2.743142,1.2468828,0,2212.625,36.59331,274.6308,2.64
1777433154,k3s-control,64.0776714,18.4466004,0,222.5469,1068.0908,1320.4942,0.14
1777433154,k3s-worker-2,7.6142128,3.0456849,0,615.5898,51.95947,285.9467,0.17
1777433154,k3s-worker-3,9.137056,4.060914,0,908.0977,73.98175,2183.828,0.1
1777433154,k3s-worker-4,4.5454551,3.030303,0,479.5742,45.52042,260.1955,0.44
1777433154,raspberrypi,2.518892,0.2518892,0,2210.016,32.948,276.8873,0.5
1777433275,k3s-control,55.3846184,11.5384617,0,236.5234,1061.488,1164.7478,0.52
1777433275,k3s-worker-2,9.6446698,4.5685279,0.5076142,619.1445,37.7965,639.8708,0.05
1777433275,k3s-worker-3,5.641026,2.564103,0.5128205,626.457,73.54784,698.5603,0.21
1777433275,k3s-worker-4,5.5837562,2.5380711,0,473.3516,49.70147,260.9469,0.08
1777433275,raspberrypi,2.0202019,1.010101,0,2215.688,37.37168,271.7561,0.38
1777433424,k3s-control,45.6647377,9.2485545,0,187.6641,1119.0006,175.3431,16.47
1777433424,k3s-worker-2,8.6294417,2.5380709,0,597.5664,33.51313,260.8408,0.18
1777433424,k3s-worker-3,6.5989849,2.030457,0,655.9766,39.40986,264.283,0.1185977
1777433424,k3s-worker-4,27.6595706,10.6382982,0,146.70312,27.39334,308.3068,1.45
1777433424,raspberrypi,2.015113,0.7556675,0,2211.469,51.75783,287.6785,0.67
1777433556,k3s-control,68.2926832,8.9430894,0,191.8789,1073.884,148.45404,7.43
1777433556,k3s-worker-2,6.6326529,3.5714289,0,618.7227,39.25998,260.7652,0.02
1777433556,k3s-worker-3,6.5656571,2.020202,0,609.4688,31.84327,243.3687,1.3
1777433556,k3s-worker-4,7.537688,2.01005,0,460.1484,29.84266,242.6797,3.1
1777433556,raspberrypi,1.767677,0.7575758,0,2219.891,37.27961,278.7308,0.25
1777433679,k3s-control,67.4999998,11.666667,0,190.2734,1033.0255,121.78932,5.73
1777433679,k3s-worker-2,6.0301511,3.015075,0,616.0078,42.24527,264.9861,0.12
1777433679,k3s-worker-3,7.5757578,3.5353539,0,642.8281,34.26524,258.6689,0.52
1777433679,k3s-worker-4,7.1428568,2.0408159,0,459.6562,36.3156,262.743,0.69
1777433679,raspberrypi,2.267003,0.7556675,0,2217.797,18.43928,277.4471,0.16
1777433799,k3s-control,42.8571411,12.2448983,1.0204082,144.39453,1043.2686,129.3129,4.32
1777433799,k3s-worker-2,6.5656567,8.5858587,8.0808077,381.9727,33.78491,271.6729,0.18
1777433799,k3s-worker-3,6.5656568,5.5555558,0,447.2461,32.09893,266.8647,0.19
1777433799,k3s-worker-4,39.0804592,6.8965519,0,363.9805,30.3252,252.4278,0.73
1777433799,raspberrypi,2.518892,0.5037783,0,2220.297,33.2396,274.008,0.36
1777433922,k3s-control,53.6585405,8.1300811,0,301.293,1074.0547,143.78636,5.19
1777433922,k3s-worker-2,6.0913709,2.5380709,0,618.9609,31.17551,260.5073,0.05
1777433922,k3s-worker-3,5.0505051,2.5252531,0,640.1445,49.24577,272.6566,0.04
1777433922,k3s-worker-4,5.5555561,3.030303,0,441.4375,49.62824,271.7617,0.18
1777433922,raspberrypi,2.5062659,1.0025063,0,2219.688,33.7972,281.0657,0.11
1777434016,k3s-control,41.3265295,6.6326529,0,291.668,1128.0393,253.3068,1.93
1777434016,k3s-worker-2,5.5276379,2.512563,0,613.9336,57.19836,281.804,0.03
1777434016,k3s-worker-3,5.0761418,2.5380709,0,638.4727,38.05138,253.4592,0.01
1777434016,k3s-worker-4,5.0761418,2.0304569,0,458.8164,77.30892,288.7677,0.11
1777434016,raspberrypi,2.518892,0.2518892,0.2518892,2219.156,25.56247,266.6891,0.02
1777434084,k3s-control,52.1428572,14.2857132,0.7142857,258.5156,1129.0779,174.997,0.63
1777434084,k3s-worker-2,7,3,0,609.4883,38.1633,253.7198,0.17
1777434084,k3s-worker-3,4.591837,1.5306122,0,639.9102,30.34151,248.3288,0
1777434084,k3s-worker-4,9.1370558,5.5837559,0,461.0703,219.1498,265.3045,0.03
1777434084,raspberrypi,2.7707809,2.0151129,0,2212.547,89.90657,275.4763,0.05
1777434203,k3s-control,72.9729723,10.8108113,0,289.0195,1038.0618,136.65142,0.43
1777434203,k3s-worker-2,7.5376877,2.5125629,0,614.2461,51.53402,266.1699,0.77
1777434203,k3s-worker-3,5.6122449,2.040816,0,638.0352,199.4063,259.9524,0.02
1777434203,k3s-worker-4,7.5757579,3.030303,0,462.8555,74.58716,249.4172,0.09
1777434203,raspberrypi,2.015113,0.7556675,0,2216.125,54.82064,270.6281,0
1777434324,k3s-control,88.1188118,10.8910892,0,300.4414,1059.8511,164.56071,0.24
1777434324,k3s-worker-2,5.5555561,3.030303,0,612.4414,48.3303,257.5872,0.14
1777434324,k3s-worker-3,5.5276382,3.5175881,0,584.043,64.71787,293.4192,0.39
1777434324,k3s-worker-4,5.5276381,3.0150751,0,443.168,30.23969,244.4534,0.05
1777434324,raspberrypi,3.266332,1.5075377,0,2209.391,32.68555,265.4181,1.64
1777434444,k3s-control,74.5614022,9.6491233,0,257.9062,1099.8368,181.5544,0.58
1777434444,k3s-worker-2,5.5276378,2.5125629,0,595.8164,46.67516,256.8256,0.09
1777434444,k3s-worker-3,6,3,0,621.8828,50.03602,275.4181,0.18
1777434444,k3s-worker-4,4.591837,1.5306122,0,440.043,40.84243,254.3857,0.17
1777434444,raspberrypi,3.2828279,1.2626262,0,2215.766,45.28584,285.1999,0.43
1777434537,k3s-control,48.4662582,7.3619627,0.6134969,267.5664,1030.0503,148.87693,0.29
1777434537,k3s-worker-2,5.9701491,3.4825871,0,616.25,51.78672,1611.0849,0.02
1777434537,k3s-worker-3,4.5454551,2.525253,0,637.4531,35.78915,257.8288,0.03
1777434537,k3s-worker-4,5.555556,2.525253,0,464.0156,42.81338,255.8791,0.29
1777434537,raspberrypi,2.015113,0.7556675,0,2215.141,25.60224,273.4094,0.15
1777434659,k3s-control,89.2156873,8.8235287,0,268.1406,1030.9896,156.18372,10.49
1777434659,k3s-worker-2,5.0761422,3.0456851,0,564.3164,38.05549,255.9587,0.53
1777434659,k3s-worker-3,6.6326533,1.5306123,0,634.8672,42.04412,261.27,0.08
1777434659,k3s-worker-4,5.0251259,2.512563,0,428.4922,47.80394,256.2051,0.04
1777434659,raspberrypi,2.4937659,1.2468827,0,2217.594,25.88492,261.6396,0.16
1777434799,k3s-control,73.9130421,10.4347833,0,271.4375,1044.7859,141.93219,4.39
1777434799,k3s-worker-2,7.6142129,4.568528,0,616.9688,33.91012,247.4329,0.05
1777434799,k3s-worker-3,5.5555561,2.020202,0,530.3633,26.59204,256.8062,0.47
1777434799,k3s-worker-4,5.0761422,3.0456851,0,462.2227,87.23951,251.5952,0
1777434799,raspberrypi,2.518892,0.5037783,0,2217.938,66.80377,276.0491,0.05
1777434916,k3s-control,80.7692304,10.5769231,1.923077,277.4922,1087.6415,107.90847,2.37
1777434916,k3s-worker-2,5.6410261,2.051282,0,599.3672,38.87931,255.8349,0.25
1777434916,k3s-worker-3,20.3125,9.375,0,508.9531,43.74226,299.5665,13.23
1777434916,k3s-worker-4,5.1020409,2.55102,0,448.8359,34.77623,247.9575,0.05
1777434916,raspberrypi,3.007519,0.7518797,0,2217.359,28.74056,262.8371,0.26
1777435038,k3s-control,42.0454518,6.8181823,0,219.9414,1058.0196,160.91896,2.45
1777435038,k3s-worker-2,5.5555561,2.020202,0,585.0977,43.22104,257.7983,0.16
1777435038,k3s-worker-3,5.5276378,2.5125629,0,540.8906,36.53536,260.9161,5.68
1777435038,k3s-worker-4,5.555556,2.525253,0,452.2266,29.89441,250.1681,0.07
1777435038,raspberrypi,3.030303,0.7575758,0,2215.328,35.54252,274.7408,0.03
1777435159,k3s-control,49.9999995,8.5526319,1.3157895,230.2188,1038.4682,144.89092,4.03
1777435159,k3s-worker-2,5.0505051,3.0303031,0,595.0312,36.6219,251.7512,0.11
1777435159,k3s-worker-3,6.565657,2.525253,0,591.1523,44.37432,269.6873,0.8
1777435159,k3s-worker-4,5.5555561,2.525253,0,424.9258,57.70316,258.755,0.62
1777435159,raspberrypi,2.267003,0.7556675,0,2215.359,24.64722,268.1581,0.02
1777435277,k3s-control,61.8644074,11.0169485,0,229.5781,1029.6212,164.14653,1.78
1777435277,k3s-worker-2,6.565657,2.525253,0,589.3164,39.56516,252.6505,0.09
1777435277,k3s-worker-3,8.080808,2.020202,0,573.6211,35.41226,252.1907,0.14
1777435277,k3s-worker-4,5.0761418,2.5380709,0,456.793,31.51497,244.0395,0.12
1777435277,raspberrypi,2.75,1.25,0,2215.578,27.9797,271.3829,0.02
1777435404,k3s-control,65.0793683,11.1111107,0,234.9258,1085.0628,153.10717,0.34
1777435404,k3s-worker-2,6.0301508,2.5125629,0,593.8203,31.56953,254.1134,0.01
1777435404,k3s-worker-3,7.5376878,3.0150749,0,587.3789,30.45568,255.2494,0.15
1777435404,k3s-worker-4,7.5376883,3.0150751,0,425.0938,51.02513,267.2017,0.12
1777435404,raspberrypi,3.7220839,2.2332509,0,2209.484,22.63426,274.2636,0.01
1777435532,k3s-control,67.5000003,10.833333,0.8333333,225.3359,1098.4583,136.51688,0.29
1777435532,k3s-worker-2,5.6122453,2.5510201,0,592.7578,32.78731,260.0485,0.06
1777435532,k3s-worker-3,5.0761422,3.0456851,0,589.1289,34.30682,253.7251,0.09
1777435532,k3s-worker-4,5.555556,2.525253,0.5050505,84.01172,33.13614,253.2511,0.23
1777435532,raspberrypi,2.5188921,1.2594458,0,2212.828,36.41339,273.6179,2.029
1777435665,k3s-control,69.421488,9.0909087,4.9586779,211.2812,1043.4573,115.93325,6.36
1777435665,k3s-worker-2,6.0913709,2.5380709,0,585.5625,30.36122,256.3584,0.39
1777435665,k3s-worker-3,5.0251261,2.512563,0,584.957,40.2848,250.2885,0.06
1777435665,k3s-worker-4,20.8955213,8.9552245,0,154.35547,11.530761,235.3007,3.15
1777435665,raspberrypi,2.756892,0.7518797,0,2218.609,32.40934,270.0637,0.62
1777435793,k3s-control,49.5934988,9.7560978,0.8130081,214.6953,1068.5665,1870.989,4.12
1777435793,k3s-worker-2,8.5858588,3.0303029,0,585.2344,36.70139,259.7578,5.43
1777435793,k3s-worker-3,5.5837563,2.5380711,1.0152284,547.6719,43.14442,278.1715,0.36
1777435793,k3s-worker-4,6.0606061,2.020202,0,913.9297,42.40409,259.1506,5.58
1777435793,raspberrypi,2.763819,2.01005,0,2203.375,40.78342,280.5807,0.24
1777435911,k3s-control,68.9655179,15.5172405,2.5862069,204.4531,1069.8567,146.24646,16
1777435911,k3s-worker-2,6.0606061,3.030303,0,587.4141,27.69171,242.4164,4.53
1777435911,k3s-worker-3,6.6326531,2.040816,0,590.0352,33.46376,251.6349,0.14
1777435911,k3s-worker-4,7.070707,3.030303,0,886.1992,54.4448,271.5297,7.78
1777435911,raspberrypi,3.0150749,0.5025126,0.2512563,2217.844,35.08683,272.496,0.45
1777436005,k3s-control,66.6666688,11.1111108,0,197.2539,1037.5458,124.32158,13.1
1777436005,k3s-worker-2,6.6326532,3.0612241,0,584.8828,50.33161,255.0051,2.31
1777436005,k3s-worker-3,5.0505051,2.0202021,0,573.3789,29.46548,246.2766,0.36
1777436005,k3s-worker-4,8.0402013,3.0150751,0,910.4414,34.10558,242.5789,2.68
1777436005,raspberrypi,2.756892,1.5037594,0,2209.719,17.66446,266.419,0.24
1777436124,k3s-control,63.2,10.4,0,188.1914,1014.6254,111.82274,10.65
1777436124,k3s-worker-2,6.1224492,3.0612241,0.5102041,549.5586,34.71431,252.3233,0.49
1777436124,k3s-worker-3,5.0761422,3.0456851,0,573.4453,26.34358,249.9522,0.36
1777436124,k3s-worker-4,6.0606061,2.525253,0,915.918,45.6323,250.3779,0.4
1777436124,raspberrypi,3.0303029,1.5151514,0,2209.391,26.56406,265.9937,0.41
1777436279,k3s-control,47.7419368,10.3225803,6.4516126,233.125,1095.8087,692.0196,6.74
1777436279,k3s-worker-2,8.5858588,2.5252529,0,580.9883,39.03277,252.221,0.15
1777436279,k3s-worker-3,6.1224491,2.55102,0,581.7773,39.3406,258.8989,0.42
1777436279,k3s-worker-4,7.0707071,2.020202,0,654.1914,32.64589,257.7201,0.26
1777436279,raspberrypi,4.785894,1.2594458,0,1887.641,24.26079,294.1665,0.34
1777436399,k3s-control,56,6.4,7.2,186.8164,991.5095,153.43576,5.53
1777436399,k3s-worker-2,5.6122451,3.061224,0,571.6055,38.02648,252.3937,0.17
1777436399,k3s-worker-3,5.5276379,2.512563,0,584.4336,29.41528,249.321,0.67
1777436399,k3s-worker-4,5.5555561,3.030303,0,658.9648,48.5787,263.2172,0.3
1777436399,raspberrypi,2.2556392,0.5012531,0,1911.766,42.23955,287.4105,1.8
1777436517,k3s-control,38.8888898,9.59596,0,159.10547,1037.6518,162.62991,4.04
1777436517,k3s-worker-2,6.565657,2.525253,0,584.8281,58.16671,1660.9016,0.27
1777436517,k3s-worker-3,10.0502508,6.0301509,0,523.0898,36.25595,254.627,6.93
1777436517,k3s-worker-4,5.5276378,3.0150749,0,662.3672,44.51965,259.6274,0.08
1777436517,raspberrypi,2.770781,0.7556675,0,2205.219,27.32319,268.2895,0.64
1777436633,k3s-control,49.6,12.8,0,175.9766,1049.0087,1415.7351,3.12
1777436633,k3s-worker-2,6.7010308,1.5463918,0,561.0195,39.52285,255.4198,0.25
1777436633,k3s-worker-3,5.5837559,3.045685,0,570.9102,46.82057,286.5004,3.72
1777436633,k3s-worker-4,4.568528,2.538071,0,629.2539,44.29667,255.86,0.36
1777436633,raspberrypi,3.5175882,1.5075378,0,2205.266,31.7857,272.2944,0.7638615
1777436752,k3s-control,39.6984894,7.0351759,1.5075377,180.918,1127.3232,205.8597,1.34
1777436752,k3s-worker-2,8.6294417,2.5380709,0,583.5625,56.08111,262.286,0.12
1777436752,k3s-worker-3,5.5837558,1.5228426,0,576.4531,84.61734,299.362,2.2
1777436752,k3s-worker-4,9.0909086,4.5454548,0,665.8398,52.79311,269.8453,1.27
1777436752,raspberrypi,2.01005,1.0050251,0.2512563,2209.109,29.95705,275.4869,0.1
1777436871,k3s-control,67.5000023,12.5000004,0,228.3008,1068.7185,144.94101,3.7
1777436871,k3s-worker-2,5.5837562,2.5380711,0,582.3906,41.69921,255.9684,0.06
1777436871,k3s-worker-3,5.5837558,2.0304569,0,572.0664,27.71091,247.9734,0.48
1777436871,k3s-worker-4,5.1020409,2.55102,0,605.25,36.82257,250.4114,0.36
1777436871,raspberrypi,2.5062661,0.7518797,0.7518797,2208.172,32.70425,278.5264,0.64
1777437034,k3s-control,62.6865683,8.9552238,12.6865667,215.2109,1076.307,159.42408,0.87
1777437034,k3s-worker-2,5.0505051,3.030303,0.5050505,571.6758,32.5376,249.2555,0.53
1777437034,k3s-worker-3,6.6326529,3.5714289,0,579.1289,39.56886,261.8689,0.4856084
1777437034,k3s-worker-4,7.0351759,2.512563,0,653.5898,39.67486,252.0113,0.06
1777437034,raspberrypi,2.01005,1.0050251,0,2214.828,30.76399,268.4639,0.34
1777437150,k3s-control,73.2758615,10.3448282,0,212.9414,1025.8228,132.76282,0.99
1777437150,k3s-worker-2,5.0761418,2.5380709,0,573.457,30.61226,248.5321,0.07
1777437150,k3s-worker-3,5.0251261,2.01005,0,520.8359,31.94779,254.2255,0.32
1777437150,k3s-worker-4,7.070707,3.030303,0,651.1797,45.09442,254.6531,0.11
1777437150,raspberrypi,3.7593978,1.0025063,0,2211.297,28.76151,273.2399,0.22
1777437266,k3s-control,40.6091398,5.076142,0.5076142,207.2734,1064.2353,184.3476,10.21
1777437266,k3s-worker-2,8.5858587,3.5353539,0.5050505,572.2461,45.16052,265.7998,0.16
1777437266,k3s-worker-3,6.0301509,2.01005,0,578.2656,35.30876,251.3832,0.42
1777437266,k3s-worker-4,6.0913712,5.5837562,0,636.6328,46.92588,262.4067,0.01
1777437266,raspberrypi,2.261307,1.0050251,0,2207.016,32.29024,282.942,0.05
1777437360,k3s-control,47.972974,11.486487,0,185.8516,1142.3136,162.19327,11.3
1777437360,k3s-worker-2,6.565657,2.525253,0,571.6953,41.86926,270.031,0.03
1777437360,k3s-worker-3,5.5555561,2.525253,0,571.1523,40.08058,259.3101,0.3
1777437360,k3s-worker-4,5.555556,2.525253,0.5050505,660.3086,41.94475,248.1502,0
1777437360,raspberrypi,2.2613071,0.5025126,0,2211.141,21.7744,277.3138,0.32
1777437482,k3s-control,38.1443282,8.2474226,3.0927839,223.9688,1049.7085,166.85636,14.76
1777437482,k3s-worker-2,6.060606,2.525253,0,521.6367,36.3388,255.3975,0.77
1777437482,k3s-worker-3,5.0251261,2.512563,0,582.1406,35.89526,262.0782,0.27
1777437482,k3s-worker-4,5.5837562,2.5380711,0,655.5352,43.01695,256.0154,0.41
1777437482,raspberrypi,2.267003,0.7556675,0,2209.516,38.05441,275.5555,0.04
1777437604,k3s-control,70.0854686,11.9658118,0,206.9141,1039.06,149.60805,10.89
1777437604,k3s-worker-2,6.1538461,2.564103,0,554.4297,35.82363,267.3303,1.9
1777437604,k3s-worker-3,5.5837558,2.0304569,0,549.625,36.54823,257.5701,0.03
1777437604,k3s-worker-4,6.0913709,2.030457,0,652.1992,41.55868,264.3667,0.07
1777437604,raspberrypi,2.512563,0.7537688,0,2211.453,26.83092,268.3203,0.19
1777437742,k3s-control,85.1485143,12.8712876,0,215.832,1063.1141,159.78453,10.51
1777437742,k3s-worker-2,7.6142132,3.0456851,0,572.0977,54.60609,271.4095,0.45
1777437742,k3s-worker-3,6.0606061,3.030303,0,570.5898,37.29213,265.3573,0
1777437742,k3s-worker-4,14.9425297,5.7471263,0,566.5898,383.4551,298.3493,1.24
1777437742,raspberrypi,3.007519,1.2531328,0,2213.078,44.84325,280.6192,0.02
1777437860,k3s-control,41.9889503,7.734807,0.5524862,217.8984,1103.1847,171.2089,7.95
1777437860,k3s-worker-2,7.1065988,4.0609139,0,572.1523,51.18339,271.352,0.06
1777437860,k3s-worker-3,5.5555561,2.525253,0,506.3398,33.07208,252.6616,0.7
1777437860,k3s-worker-4,6.0606061,2.020202,0,627.9102,67.85458,290.3209,1.83
1777437860,raspberrypi,2.015113,0.7556675,0,2210.734,28.5663,274.1113,0
1777437981,k3s-control,90,9,0,233.5312,993.3509,131.58382,1.13
1777437981,k3s-worker-2,6.0606061,2.525253,0,580.1289,32.79249,252.037,0.12
1777437981,k3s-worker-3,5.0761421,2.030457,0,558.9492,29.31056,253.5934,0.15
1777437981,k3s-worker-4,6.060606,3.535354,0,604.7305,32.60677,253.0978,0.41
1777437981,raspberrypi,2.7638189,1.0050251,0,2211.562,26.13637,272.2166,0.02
1777438107,k3s-control,47.5609803,9.1463411,0.6097561,220.1133,1018.5434,152.62463,0.73
1777438107,k3s-worker-2,10,3.5,0,558.8125,38.88983,268.4084,0.73
1777438107,k3s-worker-3,5.5837562,2.0304571,0.5076142,555.4844,69.5112,286.8482,0.87
1777438107,k3s-worker-4,5.5276379,2.512563,0,635.1328,49.64023,266.5717,0.35
1777438107,raspberrypi,2.512563,0.7537688,0,2206.719,53.78444,285.6852,0.71
1777438223,k3s-control,39.3782378,7.7720206,0,216.0352,1036.7417,168.4673,0.21
1777438223,k3s-worker-2,9.1370563,2.0304571,0,569.918,33.39525,254.1937,0.51
1777438223,k3s-worker-3,5.5837559,3.045685,0,562.4219,35.06484,255.1457,0.12
1777438223,k3s-worker-4,6.0606061,3.030303,0,634.4336,51.21666,255.0553,0.16
1777438223,raspberrypi,3.0226699,1.7632239,0,2207.656,29.4619,281.0133,0.19
1777438318,k3s-control,66.6666678,13.3333326,0.8333333,194.3867,1017.9643,134.54136,0.52
1777438318,k3s-worker-2,7.5757579,2.525253,0,572.8828,31.2068,249.9841,0.1
1777438318,k3s-worker-3,6.565657,2.525253,0,548.375,39.6001,263.7895,0.2
1777438318,k3s-worker-4,5.5276378,2.5125629,0,636.2344,45.82064,260.6445,0.03
1777438318,raspberrypi,3.266332,0.7537688,0,2211.25,44.7832,286.465,0.27
1777438468,k3s-control,76.106194,9.7345135,0,187.1602,1080.5348,144.33102,2.19
1777438468,k3s-worker-2,7.0351757,3.0150749,0,557.1523,43.13405,248.0951,0.08
1777438468,k3s-worker-3,6.0913709,2.5380709,0,560.2109,31.76027,247.6714,0.52
1777438468,k3s-worker-4,5.5555561,2.525253,0,637.2383,49.26348,261.5938,0.01
1777438468,raspberrypi,1.511335,1.2594458,0,1656.9844,29.1074,283.4126,0.83
1777438588,k3s-control,51.6339866,9.1503264,0,194.1641,1078.9144,132.78425,8.08
1777438588,k3s-worker-2,6.5,3.5,0,559.332,51.50763,262.7365,0.03
1777438588,k3s-worker-3,7.6142134,4.0609142,1.0152284,515.0156,48.15932,268.5192,1.09
1777438588,k3s-worker-4,43.1472083,37.0558385,3.5532989,700.5664,224.7688,378.0724,0
1777438588,raspberrypi,1.758794,1.5075377,0,2193.562,39.16438,295.2288,1.38
1777438713,k3s-control,81.7307692,11.5384619,0.9615385,189.9258,1063.9447,143.14677,13.84
1777438713,k3s-worker-2,5.5837562,2.5380711,0,562.5781,42.91347,255.6292,0.01
1777438713,k3s-worker-3,6.6326529,3.5714289,0,564.6719,34.25095,258.7826,0.62
1777438713,k3s-worker-4,5.5555561,2.525253,0,582.125,34.98687,248.568,1.16
1777438713,raspberrypi,2.020202,0.7575758,0,2202.938,34.40373,271.8439,0.18
1777438805,k3s-control,82.1782184,11.8811878,0,184.8203,1047.3891,150.94605,7.83
1777438805,k3s-worker-2,6.565657,3.030303,0,545.1953,47.92892,265.2179,0.63
1777438805,k3s-worker-3,6.565657,2.525253,0,561.9844,29.19387,253.3602,0.12
1777438805,k3s-worker-4,7.6142132,3.0456851,0,633.5391,32.32718,251.2262,0.25
1777438805,raspberrypi,2.025316,0.7594937,0,2206.219,26.37542,268.3629,0.08
1777438926,k3s-control,47.239261,9.2024542,0,203.1719,1064.9875,167.9395,5.77
1777438926,k3s-worker-2,7.5,4,0.5,515.3555,55.13536,270.4766,0.26
1777438926,k3s-worker-3,5.5555561,2.525253,0,558.2344,44.23758,258.6333,0.33
1777438926,k3s-worker-4,6.0301512,2.5125631,0,630.832,37.14456,252.1973,0.14
1777438926,raspberrypi,2.2613071,0.7537688,0,2204.859,28.98918,283.0034,0.02
1777439047,k3s-control,76.8518508,13.8888891,3.703704,178.0547,1046.8255,146.37432,3.81
1777439047,k3s-worker-2,6.0913711,2.030457,0,566.1406,29.86059,245.0162,0.07
1777439047,k3s-worker-3,5.0761422,3.0456851,0,556.4648,32.76104,255.3816,0.22
1777439047,k3s-worker-4,5.5837562,2.5380711,0,627.4023,53.05603,264.9753,0.5
1777439047,raspberrypi,2.512563,1.5075377,0,2202.609,27.49775,278.7317,0
1777439207,k3s-control,54.4,8,18.4,134.67969,1075.8942,121.93153,3.27
1777439207,k3s-worker-2,39.58333,31.25,0,191.9062,27.96968,296.4949,1.53
1777439207,k3s-worker-3,5.5837558,2.0304569,0,504.1992,48.9346,250.1842,0.47
1777439207,k3s-worker-4,5.5276378,2.5125629,0,585.9375,33.20116,240.167,0.47
1777439207,raspberrypi,2.518892,0.5037783,0,2193.672,36.26579,289.0309,0.04
1777439324,k3s-control,51.9999986,9.3333327,3.3333329,186.9453,1089.3162,157.00088,0.85
1777439324,k3s-worker-2,6.5989853,2.5380711,0,533.9727,34.98942,254.8606,3.56
1777439324,k3s-worker-3,5.5276381,3.0150751,0.5025126,500.9648,68.02239,294.8542,0.2657937
1777439324,k3s-worker-4,5.5837562,2.5380711,0,631.4844,34.82965,251.0292,0.08
1777439324,raspberrypi,2.261307,1.0050251,0,2195.109,29.61522,275.3314,1.27
1777439443,k3s-control,48.7179469,9.6153844,0,185.7852,1066.9051,155.70638,0.45
1777439443,k3s-worker-2,6.6326528,2.5510199,0,541.8789,39.6915,252.9558,0.53
1777439443,k3s-worker-3,5.5,3,0,541.2109,41.34124,265.1667,0.11
1777439443,k3s-worker-4,7.070707,3.030303,0,599.6094,64.62058,285.2536,0.68
1777439443,raspberrypi,2.0100501,1.0050251,0,2192.094,78.10015,280.1348,0.32
1777439566,k3s-control,86.1386134,9.9009904,0,198.1445,1001.8517,130.96676,0.25
1777439566,k3s-worker-2,6.0606061,2.020202,0,546.2188,33.65984,252.177,0.14
1777439566,k3s-worker-3,7.5757579,2.525253,0,540.25,37.92904,256.9852,0.11
1777439566,k3s-worker-4,5.0505051,2.5252531,0,628.5039,38.55026,252.9167,0.13
1777439566,raspberrypi,2.518892,0.7556675,0,2189.516,30.85263,265.5975,0.12
1777439687,k3s-control,70.4918033,8.1967214,0,181.4727,1028.5803,127.54746,0.19
1777439687,k3s-worker-2,6.565657,2.525253,0,540.5195,30.00401,249.093,0.04
1777439687,k3s-worker-3,8.1218272,2.5380711,0,547.4414,31.0089,251.4152,0.06
1777439687,k3s-worker-4,5.5276379,2.512563,0,603.4297,35.43119,251.2582,0.43
1777439687,raspberrypi,2.5,1,0,2191.844,30.25538,279.4083,0.25
1777439781,k3s-control,75.2293585,13.7614677,0,174.4297,1017.5512,151.28426,0.5
1777439781,k3s-worker-2,5.5555561,2.525253,0,544.668,48.62741,265.5946,0.01
1777439781,k3s-worker-3,5.5555561,2.525253,0,534.582,39.60584,257.6958,0.01
1777439781,k3s-worker-4,6.598985,3.045685,0,629.3516,39.2901,262.9861,0.09
1777439781,raspberrypi,1.767677,1.010101,0,2189.516,31.56063,278.5896,0.19
1777439853,k3s-control,79.0476192,14.2857139,2.857143,226.5117,1089.8373,455.2815,9.9
1777439853,k3s-worker-2,5.5276378,3.0150749,0,536.457,81.08623,252.4181,0.07
1777439853,k3s-worker-3,6.5656569,4.040404,0,541.918,128.43315,265.1657,0.32
1777439853,k3s-worker-4,7.1065994,5.5837563,0,630.1602,111.99291,253.6376,0.05
1777439853,raspberrypi,2.5,3,0,2184.953,86.05879,291.651,0.78
1777439973,k3s-control,51.9480504,8.4415581,0,213.4531,1086.35,153.69965,5.32
1777439973,k3s-worker-2,6.0606061,2.525253,0,551.2148,31.59038,248.1312,0.28
1777439973,k3s-worker-3,9.137056,4.060914,0,552.4102,45.1349,265.1578,0.14
1777439973,k3s-worker-4,6.0301508,2.5125629,0,626.668,40.98704,256.3922,0.02
1777439973,raspberrypi,2.020202,0.7575758,0,2189.812,28.95509,274.4388,0.1
1777440096,k3s-control,49.3150685,8.9041097,21.2328794,233.4375,1060.0903,135.73031,2.35
1777440096,k3s-worker-2,7.5,4.5,0,546.4453,44.98199,263.4878,0.06
1777440096,k3s-worker-3,6.5989853,2.0304571,0,479.6914,70.0284,291.2716,0.2
1777440096,k3s-worker-4,6,2.5,0,630.832,43.15212,261.3074,0
1777440096,raspberrypi,2.267003,0.7556675,0,2188.219,37.00834,276.6401,0.08
1777440219,k3s-control,57.6642317,10.2189783,11.6788324,226.9219,1072.1739,150.61875,1.32
1777440219,k3s-worker-2,6.5989853,2.5380711,0,545.1211,43.0627,256.1436,0.08
1777440219,k3s-worker-3,8.0808078,4.0404039,0,546.1797,53.61155,268.2612,0.18
1777440219,k3s-worker-4,6.0913712,2.0304571,1.0152284,599.3164,163.23826,270.343,0.01
1777440219,raspberrypi,2.5,1.25,0,2190.625,56.8962,283.2994,0.01
1777440320,k3s-control,53.2967008,8.2417581,0,215.293,1050.7269,149.08399,1.64
1777440320,k3s-worker-2,6.5989847,3.5532989,0,543.3242,35.71182,254.713,0.01
1777440320,k3s-worker-3,4.5685278,2.0304569,0,552.2344,38.63853,262.8862,0.08
1777440320,k3s-worker-4,5,3.5,0,629.4609,50.95102,270.3363,0
1777440320,raspberrypi,1.5189874,1.0126582,0,2187.359,34.61932,283.0975,0
1777440435,k3s-control,80,12.380952,0,212.4453,1009.4051,128.01146,2.98
1777440435,k3s-worker-2,5.0505051,3.030303,0,522.1367,29.47366,245.8231,0.13
1777440435,k3s-worker-3,5.5,2,0.5,531.4609,29.42864,254.9992,0.25
1777440435,k3s-worker-4,5.5555561,3.030303,0,626.8711,51.61051,271.4836,0.11
1777440435,raspberrypi,2.756892,0.5012531,0,2184.578,52.3129,286.9387,0
1777440582,k3s-control,40.2116394,7.4074069,14.2857138,218.6836,1048.5893,168.8883,7.09
1777440582,k3s-worker-2,4.5226132,2.5125631,0,543.8789,34.80664,245.3396,0.16
1777440582,k3s-worker-3,4.5918369,2.0408159,0,528.582,46.25891,281.1274,0.07
1777440582,k3s-worker-4,7.0351761,2.512563,0,624.1914,45.6802,259.31,0.03
1777440582,raspberrypi,1.5075377,0.5025126,0,2140,32.65496,283.2299,1.84
1777440705,k3s-control,39.4871814,6.1538462,0,190.3633,1064.8217,174.4632,4.709614
1777440705,k3s-worker-2,5.1020412,2.0408161,0,522.5195,62.67159,304.2616,0.52
1777440705,k3s-worker-3,6.5326627,4.0201008,0,544.6562,54.02144,309.0153,0.21
1777440705,k3s-worker-4,5.5276379,2.512563,0,631.7969,42.32354,264.6886,1.92
1777440705,raspberrypi,2.5,0.5,0,2158.5,36.28894,285.639,2.09
1777440824,k3s-control,75.2136762,6.8376067,0,160.71484,1040.8426,140.79888,5.76
1777440824,k3s-worker-2,6.060606,2.525253,0,525.4492,40.75285,251.6099,6
1777440824,k3s-worker-3,5.5276381,3.0150751,0.5025126,514.7422,76.21336,294.6538,0.1971953
1777440824,k3s-worker-4,5.5276379,2.512563,0,623.4922,37.5063,247.9931,7.68
1777440824,raspberrypi,2.015113,0.7556675,0,1467.7344,27.55814,284.3255,1.36
1777440943,k3s-control,43.93064,8.092486,0,193.6914,980.0856,149.12129,4.53
1777440943,k3s-worker-2,8.0808079,3.030303,0,542.7969,47.46218,256.5357,5.22
1777440943,k3s-worker-3,4.5454551,2.525253,0,547.8164,40.5302,259.0873,0.02
1777440943,k3s-worker-4,5.6122448,3.5714289,0,599.1602,41.12421,260.4218,3.79
1777440943,raspberrypi,2.261307,1.0050251,0,1486.6875,27.17164,279.3687,0.34
1777441069,k3s-control,61.2903248,9.6774198,0,204.5859,1051.7822,143.42028,5.09
1777441069,k3s-worker-2,6.0301511,3.015075,0,537.3125,35.08103,251.7777,1.46
1777441069,k3s-worker-3,5.5837563,3.5532992,0,523.1914,52.90626,257.4378,0.73
1777441069,k3s-worker-4,8.5858587,4.0404038,0,621.2969,87.8308,1777.737,0.7924788
1777441069,raspberrypi,2.261307,1.2562814,0,1499.8281,28.75781,281.492,0.55
1777441194,k3s-control,71.1538507,22.1153802,0,205.5352,1134.7141,2292.041,1.86
1777441194,k3s-worker-2,6.5989851,4.060914,0,544.25,91.29492,332.457,0.18
1777441194,k3s-worker-3,5.5837559,3.045685,0,546.5156,60.52998,2220.991,0.11
1777441194,k3s-worker-4,7.0351759,3.015075,0,569.2734,38.80279,251.3133,0.51
1777441194,raspberrypi,2.7638189,2.5125629,0,1493.5469,36.52681,283.672,0.25
1777441322,k3s-control,49.664433,9.3959736,22.8187914,201.4688,1036.7144,153.50047,13.14
1777441322,k3s-worker-2,7.5757579,3.030303,0,88.65625,38.4671,266.3477,0.2
1777441322,k3s-worker-3,5.0505051,2.5252531,0,523.9297,34.09263,254.7982,0.01
1777441322,k3s-worker-4,5.0505051,2.525253,0,625.6211,37.13034,247.6312,0.09
1777441322,raspberrypi,2.020202,0.7575758,0,1501.9062,31.47403,270.0203,0.03
1777441461,k3s-control,61.6,12.8,1.6,220.0742,1013.8029,116.93846,10.22
1777441461,k3s-worker-2,20.6896573,11.4942515,0,132.82031,39.05623,298.1478,0.56
1777441461,k3s-worker-3,7.0707071,2.020202,0,529.3203,30.86879,246.2835,5.24
1777441461,k3s-worker-4,5.5276382,3.5175881,0,625.6016,38.4833,256.4629,0.13
1777441461,raspberrypi,2.777778,1.010101,0,1505.6094,30.19027,274.5826,0.06
1777441578,k3s-control,64.84375,8.59375,0,175.3008,1018.5168,135.96401,9.49
1777441578,k3s-worker-2,5.0251259,2.512563,0,713.9844,27.0921,244.916,0.19
1777441578,k3s-worker-3,5.0761419,3.553299,0,490.0039,31.96025,249.6678,6.34
1777441578,k3s-worker-4,5.0761418,2.5380709,0,624.4336,36.36883,248.5351,0.06
1777441578,raspberrypi,3.2663321,0.7537688,0,1511.2812,29.26991,284.3951,0.01
1777441699,k3s-control,78.6407769,15.5339804,0,235.9414,997.7994,110.89527,5.64
1777441699,k3s-worker-2,7.5757578,4.0404039,0,572.7773,18.55127,244.2408,0.04
1777441699,k3s-worker-3,6.091371,3.553299,0,516.3867,36.0733,259.5495,2.5
1777441699,k3s-worker-4,6.565657,2.525253,0,575.3555,33.92258,250.7211,1.59
1777441699,raspberrypi,3.5,0.75,0,1505.5781,33.21123,287.4802,0
1777441792,k3s-control,67.2,8.8,0,211.6523,994.2643,119.59501,6.28
1777441792,k3s-worker-2,6.1224491,2.55102,0,576.4258,16.36148,241.9322,0.14
1777441792,k3s-worker-3,5.5555561,2.525253,0,529.6484,44.58797,267.9087,0.81
1777441792,k3s-worker-4,6.5656568,4.5454549,0,621.5586,44.16404,267.2976,0.35
1777441792,raspberrypi,3.0150749,0.7537688,0,1507.5,32.43072,289.2247,2.63
1777441913,k3s-control,75.9615389,14.4230768,4.8076919,220.8164,1052.8602,165.31966,1.61
1777441913,k3s-worker-2,8.1218267,4.5685278,0.5076142,541.5078,41.20929,260.9687,1.31
1777441913,k3s-worker-3,7.5,3.5,0,536.4844,51.77057,283.1182,0.25
1777441913,k3s-worker-4,5.6122449,2.040816,0,617.6836,46.5879,266.0854,0.1
1777441913,raspberrypi,3.7688442,1.2562815,0,1501.1406,39.98902,282.2585,0.52
1777442064,k3s-control,45.2941203,8.2352941,0,186.1914,1099.1216,174.4604,1
1777442064,k3s-worker-2,4.5685279,3.0456849,0,577.5859,40.49923,259.5427,0.2
1777442064,k3s-worker-3,5.4455449,2.970297,0,195.3633,38.29428,278.2003,0.55
1777442064,k3s-worker-4,6.0913712,2.5380711,0,617.6953,38.62458,248.9926,0.03
1777442064,raspberrypi,3.258145,1.754386,0,1502.2969,26.79702,271.6622,0.34
1777442185,k3s-control,71.8181815,15.4545453,0,170.0664,1081.6076,126.20673,0.7
1777442185,k3s-worker-2,6,3,0.5,579.4883,43.85194,261.1228,0.48
1777442185,k3s-worker-3,21.1538483,7.6923074,0,201.6172,23.19002,269.2881,5.43
1777442185,k3s-worker-4,6.5656569,4.0404039,0,620.8047,42.68809,264.6103,0.05
1777442185,raspberrypi,2.0050131,1.5037595,0.5012531,1504.5781,29.65456,283.9709,0.11
1777442330,k3s-control,92.3076918,5.7692311,0,321.9414,987.627,128.43117,1.25
1777442330,k3s-worker-2,8.2051278,4.1025639,0,566.5039,38.0936,257.7868,0.07
1777442330,k3s-worker-3,5.5276378,2.5125629,0,549.4727,25.43671,248.3484,2.46
1777442330,k3s-worker-4,5.5555561,2.525253,0,616.1758,39.6835,260.9422,0.11
1777442330,raspberrypi,2.743142,0.9975062,0,1508.4375,30.82095,280.6011,0.62
1777442453,k3s-control,93.0693072,5.9405938,0,332.9688,1138.5303,179.4788,1.24
1777442453,k3s-worker-2,7.6142127,2.5380709,0,575.5781,43.4669,269.2145,0.1
1777442453,k3s-worker-3,8.0808077,3.5353539,1.5151514,585.1172,42.36751,279.7918,0.3
1777442453,k3s-worker-4,5.5837563,3.5532992,0,575.7188,35.46365,251.829,0.95
1777442453,raspberrypi,3.2745589,1.5113349,0,1501.0469,36.83721,287.526,0.19
1777442572,k3s-control,46.9697007,6.5656571,0.5050505,310.7461,1114.8164,161.28601,21.46
1777442572,k3s-worker-2,7.1065988,3.5532989,0,576.4727,65.90369,298.6029,1.61
1777442572,k3s-worker-3,5.5837562,2.5380711,0,570.7812,56.35151,255.8465,0.05
1777442572,k3s-worker-4,7.5757578,4.5454549,0,621.2773,52.85509,261.0649,0.21
1777442572,raspberrypi,2.0100501,1.0050251,0,1507.625,32.30759,276.1419,0.03
1777442693,k3s-control,82.1782184,12.8712867,0.990099,320.8477,1081.7732,187.8335,26.02
1777442693,k3s-worker-2,6.5656569,3.535354,0,570.8125,39.45221,254.7981,0.31
1777442693,k3s-worker-3,5.0251259,2.512563,0,575.043,53.43071,294.4578,0.07
1777442693,k3s-worker-4,6.0301512,2.5125631,0,572.7969,43.45869,269.6548,0.06
1777442693,raspberrypi,2.770781,0.5037783,0,1507.6719,42.50396,283.0697,0.04
1777442856,k3s-control,53.1034488,8.9655168,0,301.3359,1033.5864,144.07056,17.08
1777442856,k3s-worker-2,8.1218269,4.060914,0,569.4922,36.91012,259.7819,0.69
1777442856,k3s-worker-3,5.5555561,2.525253,0,556.668,54.49296,272.7276,0.12
1777442856,k3s-worker-4,7.0351757,3.0150749,0,618.0742,45.25204,251.7747,0.1
1777442856,raspberrypi,2.518892,0.5037783,0,1505.7344,48.59676,294.1569,0.25
1777442976,k3s-control,71.4285714,11.6071432,0,300.4883,1017.4088,424.6207,11.05
1777442976,k3s-worker-2,6.5989847,3.5532989,0,566.9062,52.7638,253.3175,0.23
1777442976,k3s-worker-3,6.0301512,3.0150751,0,517.1523,70.84676,283.4791,0.58
1777442976,k3s-worker-4,5.0251259,2.512563,0,623.0547,35.45588,257.1458,0.54
1777442976,raspberrypi,2.267003,0.5037783,0,1507.5781,27.43748,264.8228,0.03
1777443097,k3s-control,48.1481495,7.4074069,0,281.1328,1005.1093,134.26756,9.35
1777443097,k3s-worker-2,5.0761418,2.5380709,0,569.3906,39.3881,250.2567,0.59
1777443097,k3s-worker-3,5.5837562,2.5380711,0,561.418,28.23072,250.0732,0.27
1777443097,k3s-worker-4,6.532663,3.015075,0,619.7031,44.46943,261.9021,0.69
1777443097,raspberrypi,1.7721519,1.2658227,0,1506.1562,30.6681,283.879,1.04
1777443193,k3s-control,81.1881192,11.8811879,0,292.9414,1014.5988,140.28656,12.17
1777443193,k3s-worker-2,6.0606061,3.030303,0,559.5586,37.96813,251.3085,0.19
1777443193,k3s-worker-3,5.5276378,2.5125629,0,539.6523,37.19104,258.9274,0.51
1777443193,k3s-worker-4,6.0606061,2.525253,0,620.1211,39.11976,254.5738,0.14
1777443193,raspberrypi,3.258145,1.0025063,0,1504.625,32.36105,281.1474,0.4
1777443311,k3s-control,60.9756087,11.3821138,0,295.8438,1039.077,139.0974,2.91
1777443311,k3s-worker-2,6.0606061,2.525253,0,544.9336,39.78485,255.8665,0.12
1777443311,k3s-worker-3,7.0707071,2.020202,0,556.6914,45.47148,266.1845,0.19
1777443311,k3s-worker-4,5.6122453,2.5510201,0,617.8633,35.23872,252.3958,0.11
1777443311,raspberrypi,3.0075189,0.5012531,0,1506.4688,29.62008,268.6023,0.15
1777443431,k3s-control,91.4285709,7.6190481,0,275.4844,1020.0987,144.04922,1.39
1777443431,k3s-worker-2,6.5326631,2.512563,0,549.1602,34.22342,248.8534,0.28
1777443431,k3s-worker-3,8.1632654,2.0408161,0.5102041,517.2773,32.28478,253.9305,0.44
1777443431,k3s-worker-4,6.0606061,2.020202,0,607.8906,38.19126,257.6462,0.1
1777443431,raspberrypi,2.756892,1.5037594,0,1507.2188,27.69443,272.0763,0.3
1777443577,k3s-control,70.5357128,16.0714296,1.7857141,281.668,1062.0581,134.89969,0.23
1777443577,k3s-worker-2,20.6896575,9.1954009,0,478.0742,35.35109,268.0567,0.72
1777443577,k3s-worker-3,6.060606,2.525253,0,553.3555,34.3682,256.4355,0.89
1777443577,k3s-worker-4,5.5555561,3.030303,0,618.6211,42.86897,262.6013,0.05
1777443577,raspberrypi,2.01005,1.0050251,0,1505.5156,38.37525,280.1083,0.36
1777443694,k3s-control,85,12,2,267.8594,1011.8944,137.09993,0.57
1777443694,k3s-worker-2,8.6294423,3.0456851,0,552.2695,73.28327,280.2443,0.43
1777443694,k3s-worker-3,5.0505051,2.525253,0.5050505,508.9297,35.36948,259.6157,0.36
1777443694,k3s-worker-4,4.568528,2.538071,0,618.2656,36.37946,251.5071,0.25
1777443694,raspberrypi,2.5125629,1.0050251,0,1503.0938,46.57511,292.3293,0.36
1777443817,k3s-control,81.9047616,12.3809522,0,234.75,1021.4456,131.46015,4.59
1777443817,k3s-worker-2,9.0909087,4.0404039,0,534.4922,30.55957,246.546,0.17
1777443817,k3s-worker-3,6.0913712,3.0456851,0,531.7148,28.96349,250.3654,0.09
1777443817,k3s-worker-4,6.0606061,2.525253,0,593.625,42.26151,261.907,0.1
1777443817,raspberrypi,4.0302269,1.0075567,0.2518892,1503.7031,43.87002,289.3759,0.06
1777443941,k3s-control,54.1984703,10.6870231,0.7633588,250.7812,1049.3509,159.58107,12.76
1777443941,k3s-worker-2,8.5858588,2.5252529,0,554.3594,33.16129,245.9531,0.02
1777443941,k3s-worker-3,5.5837558,2.0304569,0,542.4414,32.02369,258.1337,0.08
1777443941,k3s-worker-4,7.5757579,2.525253,0,615.1484,38.78015,254.8625,0.01
1777443941,raspberrypi,2.015113,1.0075567,0,1508.6094,30.25961,267.0166,0
1777444071,k3s-control,74.0384626,17.3076906,3.8461541,247.1562,1042.2009,123.30776,5.18
1777444071,k3s-worker-2,4.5685279,3.0456849,0,551.1914,26.71587,252.4499,0.12
1777444071,k3s-worker-3,5.0761418,2.5380709,0,548.75,29.39971,259.394,0.1
1777444071,k3s-worker-4,9.137056,4.060914,0,583.582,65.10969,292.5954,0.02
1777444071,raspberrypi,3.7688441,0.5025126,0,1508.0312,28.70233,273.225,0.06
1777444168,k3s-control,80.7692304,11.5384621,0,250.1211,987.5148,126.77702,5.42
1777444168,k3s-worker-2,6.5989849,2.030457,0,558.2305,19.62411,239.8081,0.14
1777444168,k3s-worker-3,5.0505051,3.0303031,0,519.1016,31.66826,252.9415,0.04
1777444168,k3s-worker-4,5.5837558,2.0304569,0,616.9727,39.22453,256.0079,0.08
1777444168,raspberrypi,2.261307,1.0050251,0,1504.1094,34.17671,279.2107,0.08
1777444315,k3s-control,37.7777803,7.7777781,0,245.5625,1182.7416,1335.2608,3.91
1777444315,k3s-worker-2,7.1065991,3.0456851,0,548.75,75.35504,301.8176,0.06
1777444315,k3s-worker-3,16.8539303,6.7415731,1.1235955,142.38281,80.70622,2002.92,1.14
1777444315,k3s-worker-4,6.0913709,2.5380709,0,612.1562,42.18825,253.3945,0.02
1777444315,raspberrypi,2.267003,1.0075567,0,1498.7344,25.36763,270.1633,1.74
1777444456,k3s-control,80.7692308,12.5000001,0,219.6602,1051.7672,153.1057,4.13
1777444456,k3s-worker-2,6,3,0.5,547.1406,42.41276,257.5102,0.01
1777444456,k3s-worker-3,6.0301508,2.0100499,0,902.2031,26.67288,245.825,1.04
1777444456,k3s-worker-4,4.568528,2.030457,0,612.1094,36.27958,250.5898,0
1777444456,raspberrypi,2.0100501,1.0050251,0,1505.9062,32.28866,271.3387,0.31
1777444577,k3s-control,64.3410837,9.3023251,0,251.1484,1033.1238,124.47608,1.11
1777444577,k3s-worker-2,5.5555561,2.525253,0,553.3086,42.86233,261.2363,0.21
1777444577,k3s-worker-3,6,3,0,942.3594,29.34137,251.0773,0.17
1777444577,k3s-worker-4,5.5555561,2.020202,0,557.7383,39.97451,257.5882,1.02
1777444577,raspberrypi,2.518892,1.0075567,0,1507.0312,39.39774,287.6665,0.06
1777444669,k3s-control,79.2452821,11.3207553,0,215.6406,1024.2396,151.26087,0.39
1777444669,k3s-worker-2,5.1020409,2.55102,0,545.6914,34.61656,242.7807,0.34
1777444669,k3s-worker-3,4.5454551,3.0303031,0,619.4609,33.84828,252.7654,0.33
1777444669,k3s-worker-4,13.1979695,4.0609138,0,614.6445,88.29842,1772.313,0.27
1777444669,raspberrypi,2.261307,1.2562814,0,1503.3438,28.83252,275.0377,0.16
1777444788,k3s-control,59.7122309,8.6330941,0,219.3203,1023.171,144.6804,0.24
1777444788,k3s-worker-2,5.6122453,2.5510201,0,503.918,36.38807,252.5026,0.39
1777444788,k3s-worker-3,6.565657,3.030303,0.5050505,621.4258,34.46055,264.2948,0.04
1777444788,k3s-worker-4,5.5555561,2.525253,0,615.4023,58.99164,1750.031,0.04
1777444788,raspberrypi,3.2745591,0.5037783,0,1501.7812,28.20585,273.3522,0.06
1777444907,k3s-control,39.8989912,6.0606062,0,229.5,1066.6263,160.26215,0.36
1777444907,k3s-worker-2,5.1020412,2.0408161,0,550.4336,197.2496,291.0377,0.07
1777444907,k3s-worker-3,6.0606061,3.030303,0,583.4062,99.13627,284.1498,0.09
1777444907,k3s-worker-4,5.5837558,2.0304569,0,608.1055,83.34581,280.9341,0.07
1777444907,raspberrypi,2.255639,1.0025063,0,1505.7188,27.38981,271.3021,0.27
1777445057,k3s-control,54.8611117,9.0277783,0,221.2773,1111.9616,147.39089,0.32
1777445057,k3s-worker-2,7.106599,2.538071,0,543.9219,46.63443,274.5696,0.29
1777445057,k3s-worker-3,6.0301511,2.512563,1.0050251,621.7148,41.89374,289.9073,0.04
1777445057,k3s-worker-4,26,8,0,280.1172,28.81002,287.9027,1.81
1777445057,raspberrypi,2.518892,0.7556675,0,1506.375,29.00395,282.6229,0.1
1777445177,k3s-control,83,10,0,216.1562,1015.6439,129.91996,9.65
1777445177,k3s-worker-2,6.0301512,3.0150751,0,540.625,39.89399,265.6867,0.36
1777445177,k3s-worker-3,6.0913711,2.030457,0,568.2109,37.29953,259.387,0.33
1777445177,k3s-worker-4,6.5989853,2.5380711,0,610.8984,44.0641,263.0703,2.37
1777445177,raspberrypi,1.763224,1.0075567,0,1505.2031,29.65376,272.2661,0.19
1777445296,k3s-control,57.1428567,9.7744354,0,198.6094,1035.2185,128.97842,8.9
1777445296,k3s-worker-2,8.1218268,3.0456849,0,540.2734,33.86102,261.1306,0.26
1777445296,k3s-worker-3,5.0251261,2.01005,0,611.2812,26.93211,246.2757,0.12
1777445296,k3s-worker-4,11.1111111,7.5757581,0,557.4141,36.58559,253.7994,0.69
1777445296,raspberrypi,2.5062661,0.7518797,0,1505.4219,25.28718,269.5584,0.12
1777445415,k3s-control,81.1320766,13.2075464,0,201.3789,1025.7906,142.75463,3.93
1777445415,k3s-worker-2,6.5656569,3.535354,0,543.0625,35.69441,256.8495,0.05
1777445415,k3s-worker-3,5.5555561,2.525253,0,598.9102,29.83416,258.553,0.13
1777445415,k3s-worker-4,5.5555561,2.020202,0,607.3477,35.30895,252.9191,0.09
1777445415,raspberrypi,2.267003,0.7556675,0,1506.2344,25.78642,265.0767,0.01
1777445537,k3s-control,54.7297303,8.108108,0,212.1328,1020.0251,216.2176,3.33
1777445537,k3s-worker-2,7.6142127,2.5380709,0,544.2031,28.90313,245.5648,0.1
1777445537,k3s-worker-3,6.0913709,2.5380709,0,611.4102,34.84634,258.6533,0.04
1777445537,k3s-worker-4,8.0402013,2.5125631,0.5025126,579.5469,64.36844,283.5989,0.47
1777445537,raspberrypi,2.267003,1.0075567,0,1504.8438,29.0902,270.1791,1.7
1777445629,k3s-control,44.3037981,8.2278476,15.8227843,225.5859,1016.7977,145.88729,8.35
1777445629,k3s-worker-2,7.1065992,4.5685281,0,525.3906,29.95328,252.1254,0.25
1777445629,k3s-worker-3,6.0913711,2.030457,0,616.1875,27.56022,246.051,0.01
1777445629,k3s-worker-4,6.0301508,2.0100499,0,604.9219,49.43476,1071.4186,0.24
1777445629,raspberrypi,2.015113,1.0075567,0,1501.9062,28.00706,268.0433,0.58
1777445700,k3s-control,61.7391274,16.5217383,0,177.9414,1099.6645,179.5683,9.62
1777445700,k3s-worker-2,5.5837559,3.045685,0,512.7344,33.04292,258.1635,0.11
1777445700,k3s-worker-3,5.5,2.5,0,605.6875,103.76066,266.6235,0
1777445700,k3s-worker-4,7.1428569,5.6122449,0,600.8672,208.0775,264.9906,1.39
1777445700,raspberrypi,3.0075191,2.255639,0,1499.2656,87.47504,282.1184,0.25
1777445816,k3s-control,45.0000013,5.5555562,0,259.7617,1038.0948,314.2055,9.83
1777445816,k3s-worker-2,13.1979705,5.5837562,0,496.6211,41.27102,600.323,6.19
1777445816,k3s-worker-3,5.5276379,2.512563,0,583.1562,29.30885,255.5196,0.07
1777445816,k3s-worker-4,7.1428573,3.5714291,0,608.8086,44.61229,269.0663,5.85
1777445816,raspberrypi,2.0202019,1.010101,0,1501.0156,56.20004,283.4383,0.17
1777445932,k3s-control,45.3551894,6.0109289,0.5464481,229.6758,1048.9332,171.0477,9.94
1777445932,k3s-worker-2,6.598985,3.045685,0,537.1406,41.58654,269.1414,5.12
1777445932,k3s-worker-3,5.5276382,2.5125631,0.5025126,562.7539,34.01579,265.6114,0.08
1777445932,k3s-worker-4,6.5326631,2.512563,0,602.8672,37.26078,253.4184,3.23
1777445932,raspberrypi,4.0302269,1.0075567,0,1506.2344,48.84963,289.3212,0.15
1777446055,k3s-control,46.3576203,10.5960261,0,204.5234,1077.8465,322.4169,8.58
1777446055,k3s-worker-2,9.1836728,3.5714289,0,532.0508,46.14784,1705.623,2.12
1777446055,k3s-worker-3,5.5,3,0,594.3828,53.75288,254.4047,0.17
1777446055,k3s-worker-4,7.0351759,4.5226129,0,562.5,52.76751,265.4675,1.8
1777446055,raspberrypi,2.0100501,1.0050251,0,1502.625,28.4679,276.949,0.05
1777446152,k3s-control,85,11,1,224.1406,1059.6983,156.64677,7.55
1777446152,k3s-worker-2,6.6326531,2.040816,0,527.418,35.39718,269.0673,0.75
1777446152,k3s-worker-3,5.527638,2.01005,0,603.7617,35.38248,254.8443,0.03
1777446152,k3s-worker-4,5.5555561,2.525253,0,600.8789,33.72163,251.8883,0.34
1777446152,raspberrypi,4.2394008,1.2468828,0,1507.8125,27.85136,270.8087,0.53
1777446271,k3s-control,54.5454542,9.8484858,1.5151516,182.9258,1046.1148,145.20775,3.02
1777446271,k3s-worker-2,6.0913712,3.0456851,0,484.4414,36.4718,256.3402,1.03
1777446271,k3s-worker-3,4.5226132,2.5125631,0,596.457,36.56524,250.6257,0
1777446271,k3s-worker-4,8.5858588,2.5252529,0,605.6289,46.0887,252.486,0.12
1777446271,raspberrypi,2.7707811,1.0075567,0,1502.125,46.64578,280.4677,0.25
1777446412,k3s-control,89,9,0,139.17578,1012.8818,129.36276,2.29
1777446412,k3s-worker-2,9.1836733,3.0612241,0,511.2773,32.23778,249.2634,0.99
1777446412,k3s-worker-3,6.0913706,3.0456848,0,523.2578,53.71705,300.3873,1.55
1777446412,k3s-worker-4,7.070707,2.525253,0,557.0352,37.57188,248.8391,0.46
1777446412,raspberrypi,4.292929,1.5151515,0,1499.3281,28.25636,268.823,0.04
1777446533,k3s-control,59.8484849,11.3636369,0,220.9727,1076.6554,1810.925,2.06
1777446533,k3s-worker-2,5.0505052,2.0202021,0,529.7578,29.22107,247.5447,0.9
1777446533,k3s-worker-3,18.1818185,5.6818175,0,525.5664,18.54282,276.8421,1.02
1777446533,k3s-worker-4,5,3.5,0,605.8242,49.16076,258.7942,0.06
1777446533,raspberrypi,3.0303029,1.5151514,0,1502.3438,36.58916,276.5773,0.02
1777446654,k3s-control,57.6923078,13.0769225,0,210.4766,1008.386,979.5991,12.38
1777446654,k3s-worker-2,6.532663,3.015075,0,521.9102,40.88809,271.8001,0.31
1777446654,k3s-worker-3,10.6060614,4.5454552,0,562.082,55.67778,2218.04,1.67
1777446654,k3s-worker-4,5.1020409,2.55102,0,608.9766,41.37729,258.5327,0.5
1777446654,raspberrypi,2.518892,0.5037783,0,1500.4375,25.52741,270.7702,0.04
1777446779,k3s-control,36.5482199,8.629442,0,173.3633,1077.6313,167.48926,6.88
1777446779,k3s-worker-2,6.0913709,2.5380709,0,528.2617,35.731,253.4952,0.21
1777446779,k3s-worker-3,6.0913711,2.030457,0,585.0234,43.84931,269.2939,0.55
1777446779,k3s-worker-4,6.060606,3.030303,0,575.7539,39.5569,252.139,1.02
1777446779,raspberrypi,3.0226701,1.0075567,0,1502.6875,30.2985,271.4666,2.61
1777446898,k3s-control,73.68421,8.77193,0,166.82422,1035.2888,117.61837,5.39
1777446898,k3s-worker-2,5.5837559,3.045685,0,534.5273,27.43227,245.3609,0.14
1777446898,k3s-worker-3,5.5837559,3.045685,0,568.7031,41.75411,267.586,0.15
1777446898,k3s-worker-4,7.5757579,2.525253,0,602.1836,89.75672,259.0207,0.57
1777446898,raspberrypi,2.518892,1.0075567,0,1502.4375,111.80441,288.396,0.61
1777447020,k3s-control,64.4628111,10.7438022,0,209.0977,1027.501,142.94489,5.49
1777447020,k3s-worker-2,5.5837562,2.5380711,0,517.4883,33.70223,250.9197,0.41
1777447020,k3s-worker-3,5.5276381,2.01005,0,534.8516,26.76708,246.752,0.27
1777447020,k3s-worker-4,4.568528,2.538071,0,558.9688,40.91404,253.9697,0.64
1777447020,raspberrypi,2.020202,0.7575758,0,1500.0625,50.88915,294.9279,0.41
1777447144,k3s-control,72.3214271,8.0357137,0,211.4883,1078.4942,144.87244,3.5
1777447144,k3s-worker-2,7.5376878,3.0150749,0,510.582,30.62963,258.295,0.05
1777447144,k3s-worker-3,5.0505052,2.0202021,0,581.7812,31.42277,259.4606,0.15
1777447144,k3s-worker-4,7.5,2.5,0,95.35547,40.95513,258.4192,0.37
1777447144,raspberrypi,2.015113,0.7556675,0,1506.125,31.22869,264.2085,0.27
1777447264,k3s-control,40.7407406,7.9365081,0,210.7734,1053.8535,158.33467,3.3
1777447264,k3s-worker-2,7.070707,2.525253,0,503.2969,33.84334,254.6529,0.47
1777447264,k3s-worker-3,5.5555561,2.020202,0,587.3242,77.90482,272.7767,0.23
1777447264,k3s-worker-4,11.4285716,3.8095242,0,140.48828,151.61975,274.2723,0.55
1777447264,raspberrypi,1.7543861,0.7518797,0,1506.2188,62.42946,276.6033,0.24
1777447391,k3s-control,49.2307707,6.1538461,11.7948722,186.7891,1049.4742,151.76232,2.67
1777447391,k3s-worker-2,6.0913712,2.5380711,0,520.3633,42.33408,257.8209,0.08
1777447391,k3s-worker-3,5.5837559,2.538071,0,556.2266,39.75916,267.0881,0.06
1777447391,k3s-worker-4,5.5276381,3.517588,0,927.0273,36.55365,255.1115,0.13
1777447391,raspberrypi,2.0202019,0.5050505,0,1503.875,33.94994,270.8339,0.4
1777447505,k3s-control,43.1137705,8.3832341,0.5988024,173.1836,997.2383,176.4803,1.09
1777447505,k3s-worker-2,6.0913712,3.0456851,0,527.2773,30.76613,252.7351,0.45
1777447505,k3s-worker-3,6,2,0,593.207,34.57511,248.5492,0.06
1777447505,k3s-worker-4,5.0761421,2.5380711,0,871.5898,34.0061,249.8881,2.05
1777447505,raspberrypi,2.01005,1.2562814,0,1507.1406,24.66921,264.7827,0.06
1777447599,k3s-control,71.4285707,16.3265312,5.1020411,242.2656,1110.486,152.81969,0.45
1777447599,k3s-worker-2,54.8223373,3.0456848,0,438.3867,42.91709,267.4422,1.76
1777447599,k3s-worker-3,46.9696972,5.0505047,1.0101009,483.3633,35.86365,266.8234,0.15
1777447599,k3s-worker-4,6.598985,2.538071,13.705584,606.5703,41.375,262.4011,0.93
1777447599,raspberrypi,2.015113,1.0075567,0,1505.0781,26.0709,268.8714,0.27
1777447690,k3s-control,70.0854701,11.965812,4.273504,171.1992,1010.8664,126.07791,0.93
1777447690,k3s-worker-2,8.5858588,2.5252529,0,485.0703,30.78179,251.8437,0.55
1777447690,k3s-worker-3,4.5685278,2.0304569,0,586.4375,39.56724,251.0734,0.03
1777447690,k3s-worker-4,5.5837558,2.0304569,0,661.9141,35.19463,243.7717,0.19
1777447690,raspberrypi,2.75,0.75,0,1500.9688,30.53866,263.5712,0.06
1777447812,k3s-control,83.6538467,12.4999995,1.9230769,183.3867,1087.4431,161.69331,0.48
1777447812,k3s-worker-2,5.5837559,3.045685,0,519.9492,33.06925,256.9013,0.12
1777447812,k3s-worker-3,5.5555561,2.020202,0,584.3398,38.77806,251.8536,0.09
1777447812,k3s-worker-4,6.0301508,2.5125629,0,661.9766,39.14491,251.4025,0.02
1777447812,raspberrypi,3.2745592,1.5113351,0,1182.4688,30.87729,306.0134,0.31
1777447927,k3s-control,40.4040398,8.080808,1.5151515,178.7969,1015.2311,168.0965,1.14
1777447927,k3s-worker-2,5.6122451,3.061224,0,506.2188,39.78545,258.2212,0.82
1777447927,k3s-worker-3,8.1632648,4.5918369,0,582.8438,56.82963,280.615,0.19
1777447927,k3s-worker-4,5.5837558,2.0304569,0,662.4023,34.37643,252.2491,0
1777447927,raspberrypi,6.0301511,1.2562814,0,1178.8906,26.57192,283.7674,1.83
1777448045,k3s-control,59.5588223,11.0294124,0,164.97656,1087.6965,139.82946,2.36
1777448045,k3s-worker-2,6.0913709,2.5380709,0,501.2031,32.49856,251.3161,0.43
1777448045,k3s-worker-3,5.5837558,2.0304569,0,495.5898,41.40395,243.9962,0.13
1777448045,k3s-worker-4,6.5656571,2.020202,0,658.5312,47.6538,253.5942,0.72
1777448045,raspberrypi,2.770781,0.5037783,0,1493.1406,30.9063,274.6275,3.75
1777448161,k3s-control,65.8333298,11.666667,0,189.5352,999.3221,113.00439,29.89
1777448161,k3s-worker-2,6.1538461,3.076923,0,518.4883,34.13873,261.4473,0.39
1777448161,k3s-worker-3,5.0251261,2.512563,0,587.2188,23.50008,239.1416,0.09
1777448161,k3s-worker-4,5.6122453,2.5510201,0,618.5664,37.20104,246.5041,0.15
1777448161,raspberrypi,2.261307,1.0050251,0,1498.2656,24.88494,266.9978,0.71
1777448282,k3s-control,65.8536573,10.5691056,0,313.7695,1093.13,173.1447,14.95
1777448282,k3s-worker-2,8.6294423,3.0456851,0,505.8125,34.32091,256.9256,0.16
1777448282,k3s-worker-3,5.0251259,2.512563,0,584.5625,80.17897,281.3683,0.61
1777448282,k3s-worker-4,7.5757579,2.525253,0,643.7578,36.41129,248.1047,0.29
1777448282,raspberrypi,2.267003,0.7556675,0,1494.4688,29.35615,271.4132,0.23
1777448403,k3s-control,57.1428567,9.0225555,0,295.3867,996.6498,123.55911,12.53
1777448403,k3s-worker-2,8.5858588,3.0303029,0,497.8125,30.82339,249.6845,0.2
1777448403,k3s-worker-3,6.5656569,4.040404,0,581.4297,38.14655,249.1398,0.17
1777448403,k3s-worker-4,7.5757579,3.030303,0,607.9375,35.84129,241.0137,0.41
1777448403,raspberrypi,2.255639,1.2531328,0,1498.7344,25.2456,263.0521,0.3
