arm,arm_order,trial,phase_name,phase_kind,stress_profile,stress_target,decision_mode,expected_node,expected_node_match,placed_on_stress_target,snapshot_path,ranking_path,workload_cpu_m,workload_memory_mib,decision_total_score,decision_predicted_load,decision_base_predicted_load,decision_anomaly_risk,decision_cpu_request_fraction,decision_memory_request_fraction,decision_capacity_penalty,decision_prediction_source,pod_name,workload_type,node,scheduling_latency_s,startup_time_s,total_time_s,creation_time,scheduled_time,started_time,chosen_observed_cpu,chosen_relative_cpu,high_contention,chosen_label
baseline,1,1,normal,normal,,,matched_round_robin_and_pin,k3s-worker-2,1,,/Users/finleyaf/Documents/COMP3931 Individual Project/project_folder/scheduler-prediction/online/results/stage_c_pi_guarded_retry_20260429_004010/decision_artifacts/baseline/cpu-pod-baseline-normal-t1_snapshot.csv,,250.0,64.0,,,,,,,,,cpu-pod-baseline-normal-t1,cpu,k3s-worker-2,0.0,2.0,2.0,1777416021.0,1777416021.0,1777416023.0,23.0,0.8762,0,0
baseline,1,1,normal,normal,,,matched_round_robin_and_pin,k3s-worker-3,1,,/Users/finleyaf/Documents/COMP3931 Individual Project/project_folder/scheduler-prediction/online/results/stage_c_pi_guarded_retry_20260429_004010/decision_artifacts/baseline/memory-pod-baseline-normal-t1_snapshot.csv,,100.0,256.0,,,,,,,,,memory-pod-baseline-normal-t1,memory,k3s-worker-3,1.0,2.0,3.0,1777416187.0,1777416188.0,1777416190.0,12.0,1.0667,0,0
baseline,1,1,normal,normal,,,matched_round_robin_and_pin,k3s-worker-4,1,,/Users/finleyaf/Documents/COMP3931 Individual Project/project_folder/scheduler-prediction/online/results/stage_c_pi_guarded_retry_20260429_004010/decision_artifacts/baseline/mixed-pod-baseline-normal-t1_snapshot.csv,,200.0,128.0,,,,,,,,,mixed-pod-baseline-normal-t1,mixed,k3s-worker-4,0.0,2.0,2.0,1777416302.0,1777416302.0,1777416304.0,11.0,1.1892,1,0
baseline,1,1,normal,normal,,,matched_round_robin_and_pin,raspberrypi,1,,/Users/finleyaf/Documents/COMP3931 Individual Project/project_folder/scheduler-prediction/online/results/stage_c_pi_guarded_retry_20260429_004010/decision_artifacts/baseline/cpu-lite-pod-baseline-normal-t1_snapshot.csv,,100.0,32.0,,,,,,,,,cpu-lite-pod-baseline-normal-t1,cpu-lite,raspberrypi,0.0,,,1777416422.0,1777416422.0,,3.0,0.375,0,0
baseline,1,1,normal,normal,,,matched_round_robin_and_pin,k3s-worker-2,1,,/Users/finleyaf/Documents/COMP3931 Individual Project/project_folder/scheduler-prediction/online/results/stage_c_pi_guarded_retry_20260429_004010/decision_artifacts/baseline/memory-lite-pod-baseline-normal-t1_snapshot.csv,,75.0,96.0,,,,,,,,,memory-lite-pod-baseline-normal-t1,memory-lite,k3s-worker-2,0.0,2.0,2.0,1777416517.0,1777416517.0,1777416519.0,12.0,1.4545,1,1
baseline,1,1,normal,normal,,,matched_round_robin_and_pin,k3s-worker-3,1,,/Users/finleyaf/Documents/COMP3931 Individual Project/project_folder/scheduler-prediction/online/results/stage_c_pi_guarded_retry_20260429_004010/decision_artifacts/baseline/mixed-lite-pod-baseline-normal-t1_snapshot.csv,,100.0,64.0,,,,,,,,,mixed-lite-pod-baseline-normal-t1,mixed-lite,k3s-worker-3,0.0,2.0,2.0,1777416639.0,1777416639.0,1777416641.0,9.0,1.0909,0,0
baseline,1,1,stress_cpu,stress,cpu,k3s-worker-2,matched_round_robin_and_pin,k3s-worker-2,1,1,/Users/finleyaf/Documents/COMP3931 Individual Project/project_folder/scheduler-prediction/online/results/stage_c_pi_guarded_retry_20260429_004010/decision_artifacts/baseline/cpu-pod-baseline-stress-cpu-t1_snapshot.csv,,250.0,64.0,,,,,,,,,cpu-pod-baseline-stress-cpu-t1,cpu,k3s-worker-2,0.0,2.0,2.0,1777416783.0,1777416783.0,1777416785.0,59.0,2.9136,1,1
baseline,1,1,stress_cpu,stress,cpu,k3s-worker-2,matched_round_robin_and_pin,k3s-worker-3,1,0,/Users/finleyaf/Documents/COMP3931 Individual Project/project_folder/scheduler-prediction/online/results/stage_c_pi_guarded_retry_20260429_004010/decision_artifacts/baseline/memory-pod-baseline-stress-cpu-t1_snapshot.csv,,100.0,256.0,,,,,,,,,memory-pod-baseline-stress-cpu-t1,memory,k3s-worker-3,0.0,2.0,2.0,1777416908.0,1777416908.0,1777416910.0,10.0,0.8163,0,0
baseline,1,1,stress_cpu,stress,cpu,k3s-worker-2,matched_round_robin_and_pin,k3s-worker-4,1,0,/Users/finleyaf/Documents/COMP3931 Individual Project/project_folder/scheduler-prediction/online/results/stage_c_pi_guarded_retry_20260429_004010/decision_artifacts/baseline/mixed-pod-baseline-stress-cpu-t1_snapshot.csv,,200.0,128.0,,,,,,,,,mixed-pod-baseline-stress-cpu-t1,mixed,k3s-worker-4,0.0,1.0,1.0,1777417034.0,1777417034.0,1777417035.0,9.0,0.766,0,0
baseline,1,1,stress_cpu,stress,cpu,k3s-worker-2,matched_round_robin_and_pin,k3s-worker-3,1,0,/Users/finleyaf/Documents/COMP3931 Individual Project/project_folder/scheduler-prediction/online/results/stage_c_pi_guarded_retry_20260429_004010/decision_artifacts/baseline/cpu-lite-pod-baseline-stress-cpu-t1_snapshot.csv,,100.0,32.0,,,,,,,,,cpu-lite-pod-baseline-stress-cpu-t1,cpu-lite,k3s-worker-3,0.0,2.0,2.0,1777417153.0,1777417153.0,1777417155.0,12.0,0.9796,0,0
baseline,1,1,stress_cpu,stress,cpu,k3s-worker-2,matched_round_robin_and_pin,k3s-worker-4,1,0,/Users/finleyaf/Documents/COMP3931 Individual Project/project_folder/scheduler-prediction/online/results/stage_c_pi_guarded_retry_20260429_004010/decision_artifacts/baseline/memory-lite-pod-baseline-stress-cpu-t1_snapshot.csv,,75.0,96.0,,,,,,,,,memory-lite-pod-baseline-stress-cpu-t1,memory-lite,k3s-worker-4,0.0,1.0,1.0,1777417278.0,1777417278.0,1777417279.0,8.0,1.0323,0,0
baseline,1,1,stress_cpu,stress,cpu,k3s-worker-2,matched_round_robin_and_pin,raspberrypi,1,0,/Users/finleyaf/Documents/COMP3931 Individual Project/project_folder/scheduler-prediction/online/results/stage_c_pi_guarded_retry_20260429_004010/decision_artifacts/baseline/mixed-lite-pod-baseline-stress-cpu-t1_snapshot.csv,,100.0,64.0,,,,,,,,,mixed-lite-pod-baseline-stress-cpu-t1,mixed-lite,raspberrypi,0.0,,,1777417399.0,1777417399.0,,3.0,0.375,0,0
baseline,1,1,stress_memory,stress,memory,k3s-worker-3,matched_round_robin_and_pin,k3s-worker-2,1,0,/Users/finleyaf/Documents/COMP3931 Individual Project/project_folder/scheduler-prediction/online/results/stage_c_pi_guarded_retry_20260429_004010/decision_artifacts/baseline/cpu-pod-baseline-stress-memory-t1_snapshot.csv,,250.0,64.0,,,,,,,,,cpu-pod-baseline-stress-memory-t1,cpu,k3s-worker-2,0.0,1.0,1.0,1777417525.0,1777417525.0,1777417526.0,10.0,0.4878,0,0
baseline,1,1,stress_memory,stress,memory,k3s-worker-3,matched_round_robin_and_pin,k3s-worker-3,1,1,/Users/finleyaf/Documents/COMP3931 Individual Project/project_folder/scheduler-prediction/online/results/stage_c_pi_guarded_retry_20260429_004010/decision_artifacts/baseline/memory-pod-baseline-stress-memory-t1_snapshot.csv,,100.0,256.0,,,,,,,,,memory-pod-baseline-stress-memory-t1,memory,k3s-worker-3,0.0,16.0,16.0,1777417658.0,1777417658.0,1777417674.0,24.0,1.6271,1,1
baseline,1,1,stress_memory,stress,memory,k3s-worker-3,matched_round_robin_and_pin,k3s-worker-4,1,0,/Users/finleyaf/Documents/COMP3931 Individual Project/project_folder/scheduler-prediction/online/results/stage_c_pi_guarded_retry_20260429_004010/decision_artifacts/baseline/mixed-pod-baseline-stress-memory-t1_snapshot.csv,,200.0,128.0,,,,,,,,,mixed-pod-baseline-stress-memory-t1,mixed,k3s-worker-4,0.0,2.0,2.0,1777417796.0,1777417796.0,1777417798.0,9.0,1.1613,1,0
baseline,1,1,stress_memory,stress,memory,k3s-worker-3,matched_round_robin_and_pin,raspberrypi,1,0,/Users/finleyaf/Documents/COMP3931 Individual Project/project_folder/scheduler-prediction/online/results/stage_c_pi_guarded_retry_20260429_004010/decision_artifacts/baseline/cpu-lite-pod-baseline-stress-memory-t1_snapshot.csv,,100.0,32.0,,,,,,,,,cpu-lite-pod-baseline-stress-memory-t1,cpu-lite,raspberrypi,0.0,,,1777417920.0,1777417920.0,,3.0,0.3636,0,0
baseline,1,1,stress_memory,stress,memory,k3s-worker-3,matched_round_robin_and_pin,k3s-worker-2,1,0,/Users/finleyaf/Documents/COMP3931 Individual Project/project_folder/scheduler-prediction/online/results/stage_c_pi_guarded_retry_20260429_004010/decision_artifacts/baseline/memory-lite-pod-baseline-stress-memory-t1_snapshot.csv,,75.0,96.0,,,,,,,,,memory-lite-pod-baseline-stress-memory-t1,memory-lite,k3s-worker-2,0.0,2.0,2.0,1777418014.0,1777418014.0,1777418016.0,9.0,1.2,1,0
baseline,1,1,stress_memory,stress,memory,k3s-worker-3,matched_round_robin_and_pin,k3s-worker-3,1,1,/Users/finleyaf/Documents/COMP3931 Individual Project/project_folder/scheduler-prediction/online/results/stage_c_pi_guarded_retry_20260429_004010/decision_artifacts/baseline/mixed-lite-pod-baseline-stress-memory-t1_snapshot.csv,,100.0,64.0,,,,,,,,,mixed-lite-pod-baseline-stress-memory-t1,mixed-lite,k3s-worker-3,0.0,2.0,2.0,1777418138.0,1777418138.0,1777418140.0,10.0,1.25,1,1
baseline,1,1,stress_mixed,stress,mixed,k3s-worker-4,matched_round_robin_and_pin,k3s-worker-2,1,0,/Users/finleyaf/Documents/COMP3931 Individual Project/project_folder/scheduler-prediction/online/results/stage_c_pi_guarded_retry_20260429_004010/decision_artifacts/baseline/cpu-pod-baseline-stress-mixed-t1_snapshot.csv,,250.0,64.0,,,,,,,,,cpu-pod-baseline-stress-mixed-t1,cpu,k3s-worker-2,0.0,2.0,2.0,1777418292.0,1777418292.0,1777418294.0,9.0,0.3273,0,0
baseline,1,1,stress_mixed,stress,mixed,k3s-worker-4,matched_round_robin_and_pin,k3s-worker-3,1,0,/Users/finleyaf/Documents/COMP3931 Individual Project/project_folder/scheduler-prediction/online/results/stage_c_pi_guarded_retry_20260429_004010/decision_artifacts/baseline/memory-pod-baseline-stress-mixed-t1_snapshot.csv,,100.0,256.0,,,,,,,,,memory-pod-baseline-stress-mixed-t1,memory,k3s-worker-3,0.0,1.0,1.0,1777418414.0,1777418414.0,1777418415.0,12.0,0.8727,0,0
baseline,1,1,stress_mixed,stress,mixed,k3s-worker-4,matched_round_robin_and_pin,k3s-worker-4,1,1,/Users/finleyaf/Documents/COMP3931 Individual Project/project_folder/scheduler-prediction/online/results/stage_c_pi_guarded_retry_20260429_004010/decision_artifacts/baseline/mixed-pod-baseline-stress-mixed-t1_snapshot.csv,,200.0,128.0,,,,,,,,,mixed-pod-baseline-stress-mixed-t1,mixed,k3s-worker-4,0.0,2.0,2.0,1777418530.0,1777418530.0,1777418532.0,10.0,1.0,0,0
baseline,1,1,stress_mixed,stress,mixed,k3s-worker-4,matched_round_robin_and_pin,k3s-worker-3,1,0,/Users/finleyaf/Documents/COMP3931 Individual Project/project_folder/scheduler-prediction/online/results/stage_c_pi_guarded_retry_20260429_004010/decision_artifacts/baseline/cpu-lite-pod-baseline-stress-mixed-t1_snapshot.csv,,100.0,32.0,,,,,,,,,cpu-lite-pod-baseline-stress-mixed-t1,cpu-lite,k3s-worker-3,0.0,2.0,2.0,1777418650.0,1777418650.0,1777418652.0,10.0,0.9524,0,0
baseline,1,1,stress_mixed,stress,mixed,k3s-worker-4,matched_round_robin_and_pin,k3s-worker-4,1,1,/Users/finleyaf/Documents/COMP3931 Individual Project/project_folder/scheduler-prediction/online/results/stage_c_pi_guarded_retry_20260429_004010/decision_artifacts/baseline/memory-lite-pod-baseline-stress-mixed-t1_snapshot.csv,,75.0,96.0,,,,,,,,,memory-lite-pod-baseline-stress-mixed-t1,memory-lite,k3s-worker-4,1.0,1.0,2.0,1777418771.0,1777418772.0,1777418773.0,10.0,1.0,0,0
baseline,1,1,stress_mixed,stress,mixed,k3s-worker-4,matched_round_robin_and_pin,raspberrypi,1,0,/Users/finleyaf/Documents/COMP3931 Individual Project/project_folder/scheduler-prediction/online/results/stage_c_pi_guarded_retry_20260429_004010/decision_artifacts/baseline/mixed-lite-pod-baseline-stress-mixed-t1_snapshot.csv,,100.0,64.0,,,,,,,,,mixed-lite-pod-baseline-stress-mixed-t1,mixed-lite,raspberrypi,0.0,,,1777418895.0,1777418895.0,,3.0,0.3,0,0
baseline,2,2,normal,normal,,,matched_round_robin_and_pin,k3s-worker-2,1,,/Users/finleyaf/Documents/COMP3931 Individual Project/project_folder/scheduler-prediction/online/results/stage_c_pi_guarded_retry_20260429_004010/decision_artifacts/baseline/cpu-pod-baseline-normal-t2_snapshot.csv,,250.0,64.0,,,,,,,,,cpu-pod-baseline-normal-t2,cpu,k3s-worker-2,0.0,2.0,2.0,1777419056.0,1777419056.0,1777419058.0,10.0,0.9756,0,0
baseline,2,2,normal,normal,,,matched_round_robin_and_pin,k3s-worker-3,1,,/Users/finleyaf/Documents/COMP3931 Individual Project/project_folder/scheduler-prediction/online/results/stage_c_pi_guarded_retry_20260429_004010/decision_artifacts/baseline/memory-pod-baseline-normal-t2_snapshot.csv,,100.0,256.0,,,,,,,,,memory-pod-baseline-normal-t2,memory,k3s-worker-3,0.0,1.0,1.0,1777419178.0,1777419178.0,1777419179.0,12.0,1.2308,1,0
baseline,2,2,normal,normal,,,matched_round_robin_and_pin,k3s-worker-4,1,,/Users/finleyaf/Documents/COMP3931 Individual Project/project_folder/scheduler-prediction/online/results/stage_c_pi_guarded_retry_20260429_004010/decision_artifacts/baseline/mixed-pod-baseline-normal-t2_snapshot.csv,,200.0,128.0,,,,,,,,,mixed-pod-baseline-normal-t2,mixed,k3s-worker-4,0.0,2.0,2.0,1777419303.0,1777419303.0,1777419305.0,9.0,1.0909,0,0
baseline,2,2,normal,normal,,,matched_round_robin_and_pin,raspberrypi,1,,/Users/finleyaf/Documents/COMP3931 Individual Project/project_folder/scheduler-prediction/online/results/stage_c_pi_guarded_retry_20260429_004010/decision_artifacts/baseline/cpu-lite-pod-baseline-normal-t2_snapshot.csv,,100.0,32.0,,,,,,,,,cpu-lite-pod-baseline-normal-t2,cpu-lite,raspberrypi,0.0,,,1777419426.0,1777419426.0,,3.0,0.3429,0,0
baseline,2,2,normal,normal,,,matched_round_robin_and_pin,k3s-worker-2,1,,/Users/finleyaf/Documents/COMP3931 Individual Project/project_folder/scheduler-prediction/online/results/stage_c_pi_guarded_retry_20260429_004010/decision_artifacts/baseline/memory-lite-pod-baseline-normal-t2_snapshot.csv,,75.0,96.0,,,,,,,,,memory-lite-pod-baseline-normal-t2,memory-lite,k3s-worker-2,0.0,2.0,2.0,1777419521.0,1777419521.0,1777419523.0,9.0,1.0588,0,0
baseline,2,2,normal,normal,,,matched_round_robin_and_pin,k3s-worker-3,1,,/Users/finleyaf/Documents/COMP3931 Individual Project/project_folder/scheduler-prediction/online/results/stage_c_pi_guarded_retry_20260429_004010/decision_artifacts/baseline/mixed-lite-pod-baseline-normal-t2_snapshot.csv,,100.0,64.0,,,,,,,,,mixed-lite-pod-baseline-normal-t2,mixed-lite,k3s-worker-3,0.0,1.0,1.0,1777419640.0,1777419640.0,1777419641.0,10.0,1.1111,1,0
baseline,2,2,stress_cpu,stress,cpu,k3s-worker-3,matched_round_robin_and_pin,k3s-worker-2,1,0,/Users/finleyaf/Documents/COMP3931 Individual Project/project_folder/scheduler-prediction/online/results/stage_c_pi_guarded_retry_20260429_004010/decision_artifacts/baseline/cpu-pod-baseline-stress-cpu-t2_snapshot.csv,,250.0,64.0,,,,,,,,,cpu-pod-baseline-stress-cpu-t2,cpu,k3s-worker-2,0.0,1.0,1.0,1777419782.0,1777419782.0,1777419783.0,12.0,1.0667,0,0
baseline,2,2,stress_cpu,stress,cpu,k3s-worker-3,matched_round_robin_and_pin,k3s-worker-3,1,1,/Users/finleyaf/Documents/COMP3931 Individual Project/project_folder/scheduler-prediction/online/results/stage_c_pi_guarded_retry_20260429_004010/decision_artifacts/baseline/memory-pod-baseline-stress-cpu-t2_snapshot.csv,,100.0,256.0,,,,,,,,,memory-pod-baseline-stress-cpu-t2,memory,k3s-worker-3,0.0,2.0,2.0,1777419899.0,1777419899.0,1777419901.0,19.0,1.551,1,1
baseline,2,2,stress_cpu,stress,cpu,k3s-worker-3,matched_round_robin_and_pin,k3s-worker-4,1,0,/Users/finleyaf/Documents/COMP3931 Individual Project/project_folder/scheduler-prediction/online/results/stage_c_pi_guarded_retry_20260429_004010/decision_artifacts/baseline/mixed-pod-baseline-stress-cpu-t2_snapshot.csv,,200.0,128.0,,,,,,,,,mixed-pod-baseline-stress-cpu-t2,mixed,k3s-worker-4,0.0,1.0,1.0,1777420023.0,1777420023.0,1777420024.0,8.0,0.5714,0,0
baseline,2,2,stress_cpu,stress,cpu,k3s-worker-3,matched_round_robin_and_pin,k3s-worker-3,1,1,/Users/finleyaf/Documents/COMP3931 Individual Project/project_folder/scheduler-prediction/online/results/stage_c_pi_guarded_retry_20260429_004010/decision_artifacts/baseline/cpu-lite-pod-baseline-stress-cpu-t2_snapshot.csv,,100.0,32.0,,,,,,,,,cpu-lite-pod-baseline-stress-cpu-t2,cpu-lite,k3s-worker-3,0.0,2.0,2.0,1777420141.0,1777420141.0,1777420143.0,14.0,1.5556,1,1
baseline,2,2,stress_cpu,stress,cpu,k3s-worker-3,matched_round_robin_and_pin,k3s-worker-4,1,0,/Users/finleyaf/Documents/COMP3931 Individual Project/project_folder/scheduler-prediction/online/results/stage_c_pi_guarded_retry_20260429_004010/decision_artifacts/baseline/memory-lite-pod-baseline-stress-cpu-t2_snapshot.csv,,75.0,96.0,,,,,,,,,memory-lite-pod-baseline-stress-cpu-t2,memory-lite,k3s-worker-4,0.0,2.0,2.0,1777420258.0,1777420258.0,1777420260.0,14.0,1.5135,1,1
baseline,2,2,stress_cpu,stress,cpu,k3s-worker-3,matched_round_robin_and_pin,raspberrypi,1,0,/Users/finleyaf/Documents/COMP3931 Individual Project/project_folder/scheduler-prediction/online/results/stage_c_pi_guarded_retry_20260429_004010/decision_artifacts/baseline/mixed-lite-pod-baseline-stress-cpu-t2_snapshot.csv,,100.0,64.0,,,,,,,,,mixed-lite-pod-baseline-stress-cpu-t2,mixed-lite,raspberrypi,0.0,,,1777420368.0,1777420368.0,,4.0,0.5333,0,0
baseline,2,2,stress_memory,stress,memory,k3s-worker-4,matched_round_robin_and_pin,k3s-worker-2,1,0,/Users/finleyaf/Documents/COMP3931 Individual Project/project_folder/scheduler-prediction/online/results/stage_c_pi_guarded_retry_20260429_004010/decision_artifacts/baseline/cpu-pod-baseline-stress-memory-t2_snapshot.csv,,250.0,64.0,,,,,,,,,cpu-pod-baseline-stress-memory-t2,cpu,k3s-worker-2,0.0,2.0,2.0,1777420473.0,1777420473.0,1777420475.0,12.0,0.7619,0,0
baseline,2,2,stress_memory,stress,memory,k3s-worker-4,matched_round_robin_and_pin,k3s-worker-3,1,0,/Users/finleyaf/Documents/COMP3931 Individual Project/project_folder/scheduler-prediction/online/results/stage_c_pi_guarded_retry_20260429_004010/decision_artifacts/baseline/memory-pod-baseline-stress-memory-t2_snapshot.csv,,100.0,256.0,,,,,,,,,memory-pod-baseline-stress-memory-t2,memory,k3s-worker-3,0.0,1.0,1.0,1777420580.0,1777420580.0,1777420581.0,9.0,0.878,0,0
baseline,2,2,stress_memory,stress,memory,k3s-worker-4,matched_round_robin_and_pin,k3s-worker-4,1,1,/Users/finleyaf/Documents/COMP3931 Individual Project/project_folder/scheduler-prediction/online/results/stage_c_pi_guarded_retry_20260429_004010/decision_artifacts/baseline/mixed-pod-baseline-stress-memory-t2_snapshot.csv,,200.0,128.0,,,,,,,,,mixed-pod-baseline-stress-memory-t2,mixed,k3s-worker-4,0.0,2.0,2.0,1777420701.0,1777420701.0,1777420703.0,8.0,1.1429,1,0
baseline,2,2,stress_memory,stress,memory,k3s-worker-4,matched_round_robin_and_pin,raspberrypi,1,0,/Users/finleyaf/Documents/COMP3931 Individual Project/project_folder/scheduler-prediction/online/results/stage_c_pi_guarded_retry_20260429_004010/decision_artifacts/baseline/cpu-lite-pod-baseline-stress-memory-t2_snapshot.csv,,100.0,32.0,,,,,,,,,cpu-lite-pod-baseline-stress-memory-t2,cpu-lite,raspberrypi,0.0,,,1777420820.0,1777420820.0,,3.0,0.4286,0,0
baseline,2,2,stress_memory,stress,memory,k3s-worker-4,matched_round_robin_and_pin,k3s-worker-2,1,0,/Users/finleyaf/Documents/COMP3931 Individual Project/project_folder/scheduler-prediction/online/results/stage_c_pi_guarded_retry_20260429_004010/decision_artifacts/baseline/memory-lite-pod-baseline-stress-memory-t2_snapshot.csv,,75.0,96.0,,,,,,,,,memory-lite-pod-baseline-stress-memory-t2,memory-lite,k3s-worker-2,0.0,2.0,2.0,1777420911.0,1777420911.0,1777420913.0,8.0,1.1852,1,0
baseline,2,2,stress_memory,stress,memory,k3s-worker-4,matched_round_robin_and_pin,k3s-worker-3,1,0,/Users/finleyaf/Documents/COMP3931 Individual Project/project_folder/scheduler-prediction/online/results/stage_c_pi_guarded_retry_20260429_004010/decision_artifacts/baseline/mixed-lite-pod-baseline-stress-memory-t2_snapshot.csv,,100.0,64.0,,,,,,,,,mixed-lite-pod-baseline-stress-memory-t2,mixed-lite,k3s-worker-3,0.0,1.0,1.0,1777421029.0,1777421029.0,1777421030.0,8.0,1.1852,1,0
baseline,2,2,stress_mixed,stress,mixed,raspberrypi,matched_round_robin_and_pin,k3s-worker-2,1,0,/Users/finleyaf/Documents/COMP3931 Individual Project/project_folder/scheduler-prediction/online/results/stage_c_pi_guarded_retry_20260429_004010/decision_artifacts/baseline/cpu-pod-baseline-stress-mixed-t2_snapshot.csv,,250.0,64.0,,,,,,,,,cpu-pod-baseline-stress-mixed-t2,cpu,k3s-worker-2,0.0,1.0,1.0,1777421176.0,1777421176.0,1777421177.0,10.0,0.5,0,0
baseline,2,2,stress_mixed,stress,mixed,raspberrypi,matched_round_robin_and_pin,k3s-worker-3,1,0,/Users/finleyaf/Documents/COMP3931 Individual Project/project_folder/scheduler-prediction/online/results/stage_c_pi_guarded_retry_20260429_004010/decision_artifacts/baseline/memory-pod-baseline-stress-mixed-t2_snapshot.csv,,100.0,256.0,,,,,,,,,memory-pod-baseline-stress-mixed-t2,memory,k3s-worker-3,0.0,2.0,2.0,1777421295.0,1777421295.0,1777421297.0,10.0,1.3333,1,1
baseline,2,2,stress_mixed,stress,mixed,raspberrypi,matched_round_robin_and_pin,k3s-worker-4,1,0,/Users/finleyaf/Documents/COMP3931 Individual Project/project_folder/scheduler-prediction/online/results/stage_c_pi_guarded_retry_20260429_004010/decision_artifacts/baseline/mixed-pod-baseline-stress-mixed-t2_snapshot.csv,,200.0,128.0,,,,,,,,,mixed-pod-baseline-stress-mixed-t2,mixed,k3s-worker-4,0.0,2.0,2.0,1777421414.0,1777421414.0,1777421416.0,9.0,0.8372,0,0
baseline,2,2,stress_mixed,stress,mixed,raspberrypi,matched_round_robin_and_pin,k3s-worker-3,1,0,/Users/finleyaf/Documents/COMP3931 Individual Project/project_folder/scheduler-prediction/online/results/stage_c_pi_guarded_retry_20260429_004010/decision_artifacts/baseline/cpu-lite-pod-baseline-stress-mixed-t2_snapshot.csv,,100.0,32.0,,,,,,,,,cpu-lite-pod-baseline-stress-mixed-t2,cpu-lite,k3s-worker-3,0.0,1.0,1.0,1777421532.0,1777421532.0,1777421533.0,9.0,0.9231,0,0
baseline,2,2,stress_mixed,stress,mixed,raspberrypi,matched_round_robin_and_pin,k3s-worker-4,1,0,/Users/finleyaf/Documents/COMP3931 Individual Project/project_folder/scheduler-prediction/online/results/stage_c_pi_guarded_retry_20260429_004010/decision_artifacts/baseline/memory-lite-pod-baseline-stress-mixed-t2_snapshot.csv,,75.0,96.0,,,,,,,,,memory-lite-pod-baseline-stress-mixed-t2,memory-lite,k3s-worker-4,0.0,1.0,1.0,1777421654.0,1777421654.0,1777421655.0,9.0,0.9,0,0
baseline,2,2,stress_mixed,stress,mixed,raspberrypi,matched_round_robin_and_pin,raspberrypi,1,1,/Users/finleyaf/Documents/COMP3931 Individual Project/project_folder/scheduler-prediction/online/results/stage_c_pi_guarded_retry_20260429_004010/decision_artifacts/baseline/mixed-lite-pod-baseline-stress-mixed-t2_snapshot.csv,,100.0,64.0,,,,,,,,,mixed-lite-pod-baseline-stress-mixed-t2,mixed-lite,raspberrypi,0.0,,,1777421772.0,1777421772.0,,3.0,0.2857,0,0
baseline,1,3,normal,normal,,,matched_round_robin_and_pin,k3s-worker-2,1,,/Users/finleyaf/Documents/COMP3931 Individual Project/project_folder/scheduler-prediction/online/results/stage_c_pi_guarded_retry_20260429_004010/decision_artifacts/baseline/cpu-pod-baseline-normal-t3_snapshot.csv,,250.0,64.0,,,,,,,,,cpu-pod-baseline-normal-t3,cpu,k3s-worker-2,0.0,1.0,1.0,1777421814.0,1777421814.0,1777421815.0,30.0,1.8182,1,1
baseline,1,3,normal,normal,,,matched_round_robin_and_pin,k3s-worker-3,1,,/Users/finleyaf/Documents/COMP3931 Individual Project/project_folder/scheduler-prediction/online/results/stage_c_pi_guarded_retry_20260429_004010/decision_artifacts/baseline/memory-pod-baseline-normal-t3_snapshot.csv,,100.0,256.0,,,,,,,,,memory-pod-baseline-normal-t3,memory,k3s-worker-3,0.0,2.0,2.0,1777421938.0,1777421938.0,1777421940.0,9.0,1.0286,0,0
baseline,1,3,normal,normal,,,matched_round_robin_and_pin,k3s-worker-4,1,,/Users/finleyaf/Documents/COMP3931 Individual Project/project_folder/scheduler-prediction/online/results/stage_c_pi_guarded_retry_20260429_004010/decision_artifacts/baseline/mixed-pod-baseline-normal-t3_snapshot.csv,,200.0,128.0,,,,,,,,,mixed-pod-baseline-normal-t3,mixed,k3s-worker-4,1.0,1.0,2.0,1777422050.0,1777422051.0,1777422052.0,8.0,0.9412,0,0
baseline,1,3,normal,normal,,,matched_round_robin_and_pin,raspberrypi,1,,/Users/finleyaf/Documents/COMP3931 Individual Project/project_folder/scheduler-prediction/online/results/stage_c_pi_guarded_retry_20260429_004010/decision_artifacts/baseline/cpu-lite-pod-baseline-normal-t3_snapshot.csv,,100.0,32.0,,,,,,,,,cpu-lite-pod-baseline-normal-t3,cpu-lite,raspberrypi,0.0,,,1777422170.0,1777422170.0,,3.0,0.4286,0,0
baseline,1,3,normal,normal,,,matched_round_robin_and_pin,k3s-worker-2,1,,/Users/finleyaf/Documents/COMP3931 Individual Project/project_folder/scheduler-prediction/online/results/stage_c_pi_guarded_retry_20260429_004010/decision_artifacts/baseline/memory-lite-pod-baseline-normal-t3_snapshot.csv,,75.0,96.0,,,,,,,,,memory-lite-pod-baseline-normal-t3,memory-lite,k3s-worker-2,0.0,1.0,1.0,1777422258.0,1777422258.0,1777422259.0,12.0,1.5484,1,1
baseline,1,3,normal,normal,,,matched_round_robin_and_pin,k3s-worker-3,1,,/Users/finleyaf/Documents/COMP3931 Individual Project/project_folder/scheduler-prediction/online/results/stage_c_pi_guarded_retry_20260429_004010/decision_artifacts/baseline/mixed-lite-pod-baseline-normal-t3_snapshot.csv,,100.0,64.0,,,,,,,,,mixed-lite-pod-baseline-normal-t3,mixed-lite,k3s-worker-3,0.0,2.0,2.0,1777422382.0,1777422382.0,1777422384.0,9.0,1.125,1,0
baseline,1,3,stress_cpu,stress,cpu,k3s-worker-4,matched_round_robin_and_pin,k3s-worker-2,1,0,/Users/finleyaf/Documents/COMP3931 Individual Project/project_folder/scheduler-prediction/online/results/stage_c_pi_guarded_retry_20260429_004010/decision_artifacts/baseline/cpu-pod-baseline-stress-cpu-t3_snapshot.csv,,250.0,64.0,,,,,,,,,cpu-pod-baseline-stress-cpu-t3,cpu,k3s-worker-2,0.0,1.0,1.0,1777422529.0,1777422529.0,1777422530.0,9.0,0.4557,0,0
baseline,1,3,stress_cpu,stress,cpu,k3s-worker-4,matched_round_robin_and_pin,k3s-worker-3,1,0,/Users/finleyaf/Documents/COMP3931 Individual Project/project_folder/scheduler-prediction/online/results/stage_c_pi_guarded_retry_20260429_004010/decision_artifacts/baseline/memory-pod-baseline-stress-cpu-t3_snapshot.csv,,100.0,256.0,,,,,,,,,memory-pod-baseline-stress-cpu-t3,memory,k3s-worker-3,0.0,1.0,1.0,1777422647.0,1777422647.0,1777422648.0,11.0,1.0,0,0
baseline,1,3,stress_cpu,stress,cpu,k3s-worker-4,matched_round_robin_and_pin,k3s-worker-4,1,1,/Users/finleyaf/Documents/COMP3931 Individual Project/project_folder/scheduler-prediction/online/results/stage_c_pi_guarded_retry_20260429_004010/decision_artifacts/baseline/mixed-pod-baseline-stress-cpu-t3_snapshot.csv,,200.0,128.0,,,,,,,,,mixed-pod-baseline-stress-cpu-t3,mixed,k3s-worker-4,0.0,2.0,2.0,1777422769.0,1777422769.0,1777422771.0,9.0,1.1613,1,0
baseline,1,3,stress_cpu,stress,cpu,k3s-worker-4,matched_round_robin_and_pin,k3s-worker-3,1,0,/Users/finleyaf/Documents/COMP3931 Individual Project/project_folder/scheduler-prediction/online/results/stage_c_pi_guarded_retry_20260429_004010/decision_artifacts/baseline/cpu-lite-pod-baseline-stress-cpu-t3_snapshot.csv,,100.0,32.0,,,,,,,,,cpu-lite-pod-baseline-stress-cpu-t3,cpu-lite,k3s-worker-3,0.0,2.0,2.0,1777422893.0,1777422893.0,1777422895.0,8.0,0.9412,0,0
baseline,1,3,stress_cpu,stress,cpu,k3s-worker-4,matched_round_robin_and_pin,k3s-worker-4,1,1,/Users/finleyaf/Documents/COMP3931 Individual Project/project_folder/scheduler-prediction/online/results/stage_c_pi_guarded_retry_20260429_004010/decision_artifacts/baseline/memory-lite-pod-baseline-stress-cpu-t3_snapshot.csv,,75.0,96.0,,,,,,,,,memory-lite-pod-baseline-stress-cpu-t3,memory-lite,k3s-worker-4,0.0,2.0,2.0,1777423014.0,1777423014.0,1777423016.0,18.0,0.6429,0,0
baseline,1,3,stress_cpu,stress,cpu,k3s-worker-4,matched_round_robin_and_pin,raspberrypi,1,0,/Users/finleyaf/Documents/COMP3931 Individual Project/project_folder/scheduler-prediction/online/results/stage_c_pi_guarded_retry_20260429_004010/decision_artifacts/baseline/mixed-lite-pod-baseline-stress-cpu-t3_snapshot.csv,,100.0,64.0,,,,,,,,,mixed-lite-pod-baseline-stress-cpu-t3,mixed-lite,raspberrypi,0.0,,,1777423138.0,1777423138.0,,4.0,0.4848,0,0
baseline,1,3,stress_memory,stress,memory,raspberrypi,matched_round_robin_and_pin,k3s-worker-2,1,0,/Users/finleyaf/Documents/COMP3931 Individual Project/project_folder/scheduler-prediction/online/results/stage_c_pi_guarded_retry_20260429_004010/decision_artifacts/baseline/cpu-pod-baseline-stress-memory-t3_snapshot.csv,,250.0,64.0,,,,,,,,,cpu-pod-baseline-stress-memory-t3,cpu,k3s-worker-2,0.0,2.0,2.0,1777423262.0,1777423262.0,1777423264.0,9.0,0.6545,0,0
baseline,1,3,stress_memory,stress,memory,raspberrypi,matched_round_robin_and_pin,k3s-worker-3,1,0,/Users/finleyaf/Documents/COMP3931 Individual Project/project_folder/scheduler-prediction/online/results/stage_c_pi_guarded_retry_20260429_004010/decision_artifacts/baseline/memory-pod-baseline-stress-memory-t3_snapshot.csv,,100.0,256.0,,,,,,,,,memory-pod-baseline-stress-memory-t3,memory,k3s-worker-3,0.0,2.0,2.0,1777423385.0,1777423385.0,1777423387.0,9.0,0.6429,0,0
baseline,1,3,stress_memory,stress,memory,raspberrypi,matched_round_robin_and_pin,k3s-worker-4,1,0,/Users/finleyaf/Documents/COMP3931 Individual Project/project_folder/scheduler-prediction/online/results/stage_c_pi_guarded_retry_20260429_004010/decision_artifacts/baseline/mixed-pod-baseline-stress-memory-t3_snapshot.csv,,200.0,128.0,,,,,,,,,mixed-pod-baseline-stress-memory-t3,mixed,k3s-worker-4,0.0,2.0,2.0,1777423504.0,1777423504.0,1777423506.0,9.0,1.2,1,0
baseline,1,3,stress_memory,stress,memory,raspberrypi,matched_round_robin_and_pin,raspberrypi,1,1,/Users/finleyaf/Documents/COMP3931 Individual Project/project_folder/scheduler-prediction/online/results/stage_c_pi_guarded_retry_20260429_004010/decision_artifacts/baseline/cpu-lite-pod-baseline-stress-memory-t3_snapshot.csv,,100.0,32.0,,,,,,,,,cpu-lite-pod-baseline-stress-memory-t3,cpu-lite,raspberrypi,0.0,1.0,1.0,1777423626.0,1777423626.0,1777423627.0,3.0,0.4,0,0
baseline,1,3,stress_memory,stress,memory,raspberrypi,matched_round_robin_and_pin,k3s-worker-2,1,0,/Users/finleyaf/Documents/COMP3931 Individual Project/project_folder/scheduler-prediction/online/results/stage_c_pi_guarded_retry_20260429_004010/decision_artifacts/baseline/memory-lite-pod-baseline-stress-memory-t3_snapshot.csv,,75.0,96.0,,,,,,,,,memory-lite-pod-baseline-stress-memory-t3,memory-lite,k3s-worker-2,0.0,1.0,1.0,1777423717.0,1777423717.0,1777423718.0,9.0,1.2414,1,0
baseline,1,3,stress_memory,stress,memory,raspberrypi,matched_round_robin_and_pin,k3s-worker-3,1,0,/Users/finleyaf/Documents/COMP3931 Individual Project/project_folder/scheduler-prediction/online/results/stage_c_pi_guarded_retry_20260429_004010/decision_artifacts/baseline/mixed-lite-pod-baseline-stress-memory-t3_snapshot.csv,,100.0,64.0,,,,,,,,,mixed-lite-pod-baseline-stress-memory-t3,mixed-lite,k3s-worker-3,0.0,2.0,2.0,1777423840.0,1777423840.0,1777423842.0,9.0,1.0588,0,0
baseline,1,3,stress_mixed,stress,mixed,k3s-worker-2,matched_round_robin_and_pin,k3s-worker-2,1,1,/Users/finleyaf/Documents/COMP3931 Individual Project/project_folder/scheduler-prediction/online/results/stage_c_pi_guarded_retry_20260429_004010/decision_artifacts/baseline/cpu-pod-baseline-stress-mixed-t3_snapshot.csv,,250.0,64.0,,,,,,,,,cpu-pod-baseline-stress-mixed-t3,cpu,k3s-worker-2,0.0,7.0,7.0,1777423992.0,1777423992.0,1777423999.0,26.0,2.2128,1,1
baseline,1,3,stress_mixed,stress,mixed,k3s-worker-2,matched_round_robin_and_pin,k3s-worker-3,1,0,/Users/finleyaf/Documents/COMP3931 Individual Project/project_folder/scheduler-prediction/online/results/stage_c_pi_guarded_retry_20260429_004010/decision_artifacts/baseline/memory-pod-baseline-stress-mixed-t3_snapshot.csv,,100.0,256.0,,,,,,,,,memory-pod-baseline-stress-mixed-t3,memory,k3s-worker-3,0.0,1.0,1.0,1777424135.0,1777424135.0,1777424136.0,8.0,0.7111,0,0
baseline,1,3,stress_mixed,stress,mixed,k3s-worker-2,matched_round_robin_and_pin,k3s-worker-4,1,0,/Users/finleyaf/Documents/COMP3931 Individual Project/project_folder/scheduler-prediction/online/results/stage_c_pi_guarded_retry_20260429_004010/decision_artifacts/baseline/mixed-pod-baseline-stress-mixed-t3_snapshot.csv,,200.0,128.0,,,,,,,,,mixed-pod-baseline-stress-mixed-t3,mixed,k3s-worker-4,1.0,1.0,2.0,1777424252.0,1777424253.0,1777424254.0,10.0,1.2121,1,0
baseline,1,3,stress_mixed,stress,mixed,k3s-worker-2,matched_round_robin_and_pin,k3s-worker-3,1,0,/Users/finleyaf/Documents/COMP3931 Individual Project/project_folder/scheduler-prediction/online/results/stage_c_pi_guarded_retry_20260429_004010/decision_artifacts/baseline/cpu-lite-pod-baseline-stress-mixed-t3_snapshot.csv,,100.0,32.0,,,,,,,,,cpu-lite-pod-baseline-stress-mixed-t3,cpu-lite,k3s-worker-3,0.0,2.0,2.0,1777424371.0,1777424371.0,1777424373.0,9.0,0.8372,0,0
baseline,1,3,stress_mixed,stress,mixed,k3s-worker-2,matched_round_robin_and_pin,k3s-worker-4,1,0,/Users/finleyaf/Documents/COMP3931 Individual Project/project_folder/scheduler-prediction/online/results/stage_c_pi_guarded_retry_20260429_004010/decision_artifacts/baseline/memory-lite-pod-baseline-stress-mixed-t3_snapshot.csv,,75.0,96.0,,,,,,,,,memory-lite-pod-baseline-stress-mixed-t3,memory-lite,k3s-worker-4,0.0,2.0,2.0,1777424498.0,1777424498.0,1777424500.0,9.0,1.1613,1,0
baseline,1,3,stress_mixed,stress,mixed,k3s-worker-2,matched_round_robin_and_pin,raspberrypi,1,0,/Users/finleyaf/Documents/COMP3931 Individual Project/project_folder/scheduler-prediction/online/results/stage_c_pi_guarded_retry_20260429_004010/decision_artifacts/baseline/mixed-lite-pod-baseline-stress-mixed-t3_snapshot.csv,,100.0,64.0,,,,,,,,,mixed-lite-pod-baseline-stress-mixed-t3,mixed-lite,raspberrypi,0.0,,,1777424624.0,1777424624.0,,3.0,0.4,0,0
baseline,2,4,normal,normal,,,matched_round_robin_and_pin,k3s-worker-2,1,,/Users/finleyaf/Documents/COMP3931 Individual Project/project_folder/scheduler-prediction/online/results/stage_c_pi_guarded_retry_20260429_004010/decision_artifacts/baseline/cpu-pod-baseline-normal-t4_snapshot.csv,,250.0,64.0,,,,,,,,,cpu-pod-baseline-normal-t4,cpu,k3s-worker-2,0.0,1.0,1.0,1777424782.0,1777424782.0,1777424783.0,9.0,1.2414,1,0
baseline,2,4,normal,normal,,,matched_round_robin_and_pin,k3s-worker-3,1,,/Users/finleyaf/Documents/COMP3931 Individual Project/project_folder/scheduler-prediction/online/results/stage_c_pi_guarded_retry_20260429_004010/decision_artifacts/baseline/memory-pod-baseline-normal-t4_snapshot.csv,,100.0,256.0,,,,,,,,,memory-pod-baseline-normal-t4,memory,k3s-worker-3,0.0,1.0,1.0,1777424907.0,1777424907.0,1777424908.0,9.0,0.9474,0,0
baseline,2,4,normal,normal,,,matched_round_robin_and_pin,k3s-worker-4,1,,/Users/finleyaf/Documents/COMP3931 Individual Project/project_folder/scheduler-prediction/online/results/stage_c_pi_guarded_retry_20260429_004010/decision_artifacts/baseline/mixed-pod-baseline-normal-t4_snapshot.csv,,200.0,128.0,,,,,,,,,mixed-pod-baseline-normal-t4,mixed,k3s-worker-4,0.0,1.0,1.0,1777425029.0,1777425029.0,1777425030.0,21.0,2.0,1,1
baseline,2,4,normal,normal,,,matched_round_robin_and_pin,raspberrypi,1,,/Users/finleyaf/Documents/COMP3931 Individual Project/project_folder/scheduler-prediction/online/results/stage_c_pi_guarded_retry_20260429_004010/decision_artifacts/baseline/cpu-lite-pod-baseline-normal-t4_snapshot.csv,,100.0,32.0,,,,,,,,,cpu-lite-pod-baseline-normal-t4,cpu-lite,raspberrypi,0.0,,,1777425148.0,1777425148.0,,4.0,0.5,0,0
baseline,2,4,normal,normal,,,matched_round_robin_and_pin,k3s-worker-2,1,,/Users/finleyaf/Documents/COMP3931 Individual Project/project_folder/scheduler-prediction/online/results/stage_c_pi_guarded_retry_20260429_004010/decision_artifacts/baseline/memory-lite-pod-baseline-normal-t4_snapshot.csv,,75.0,96.0,,,,,,,,,memory-lite-pod-baseline-normal-t4,memory-lite,k3s-worker-2,0.0,2.0,2.0,1777425245.0,1777425245.0,1777425247.0,9.0,1.2,1,0
baseline,2,4,normal,normal,,,matched_round_robin_and_pin,k3s-worker-3,1,,/Users/finleyaf/Documents/COMP3931 Individual Project/project_folder/scheduler-prediction/online/results/stage_c_pi_guarded_retry_20260429_004010/decision_artifacts/baseline/mixed-lite-pod-baseline-normal-t4_snapshot.csv,,100.0,64.0,,,,,,,,,mixed-lite-pod-baseline-normal-t4,mixed-lite,k3s-worker-3,0.0,1.0,1.0,1777425364.0,1777425364.0,1777425365.0,9.0,1.2,1,0
baseline,2,4,stress_cpu,stress,cpu,raspberrypi,matched_round_robin_and_pin,k3s-worker-2,1,0,/Users/finleyaf/Documents/COMP3931 Individual Project/project_folder/scheduler-prediction/online/results/stage_c_pi_guarded_retry_20260429_004010/decision_artifacts/baseline/cpu-pod-baseline-stress-cpu-t4_snapshot.csv,,250.0,64.0,,,,,,,,,cpu-pod-baseline-stress-cpu-t4,cpu,k3s-worker-2,0.0,2.0,2.0,1777425506.0,1777425506.0,1777425508.0,19.0,0.8261,0,0
baseline,2,4,stress_cpu,stress,cpu,raspberrypi,matched_round_robin_and_pin,k3s-worker-3,1,0,/Users/finleyaf/Documents/COMP3931 Individual Project/project_folder/scheduler-prediction/online/results/stage_c_pi_guarded_retry_20260429_004010/decision_artifacts/baseline/memory-pod-baseline-stress-cpu-t4_snapshot.csv,,100.0,256.0,,,,,,,,,memory-pod-baseline-stress-cpu-t4,memory,k3s-worker-3,0.0,1.0,1.0,1777425627.0,1777425627.0,1777425628.0,9.0,1.0286,0,0
baseline,2,4,stress_cpu,stress,cpu,raspberrypi,matched_round_robin_and_pin,k3s-worker-4,1,0,/Users/finleyaf/Documents/COMP3931 Individual Project/project_folder/scheduler-prediction/online/results/stage_c_pi_guarded_retry_20260429_004010/decision_artifacts/baseline/mixed-pod-baseline-stress-cpu-t4_snapshot.csv,,200.0,128.0,,,,,,,,,mixed-pod-baseline-stress-cpu-t4,mixed,k3s-worker-4,0.0,1.0,1.0,1777425745.0,1777425745.0,1777425746.0,9.0,0.9231,0,0
baseline,2,4,stress_cpu,stress,cpu,raspberrypi,matched_round_robin_and_pin,k3s-worker-3,1,0,/Users/finleyaf/Documents/COMP3931 Individual Project/project_folder/scheduler-prediction/online/results/stage_c_pi_guarded_retry_20260429_004010/decision_artifacts/baseline/cpu-lite-pod-baseline-stress-cpu-t4_snapshot.csv,,100.0,32.0,,,,,,,,,cpu-lite-pod-baseline-stress-cpu-t4,cpu-lite,k3s-worker-3,0.0,2.0,2.0,1777425865.0,1777425865.0,1777425867.0,8.0,0.9412,0,0
baseline,2,4,stress_cpu,stress,cpu,raspberrypi,matched_round_robin_and_pin,k3s-worker-4,1,0,/Users/finleyaf/Documents/COMP3931 Individual Project/project_folder/scheduler-prediction/online/results/stage_c_pi_guarded_retry_20260429_004010/decision_artifacts/baseline/memory-lite-pod-baseline-stress-cpu-t4_snapshot.csv,,75.0,96.0,,,,,,,,,memory-lite-pod-baseline-stress-cpu-t4,memory-lite,k3s-worker-4,0.0,1.0,1.0,1777425989.0,1777425989.0,1777425990.0,9.0,1.0286,0,0
baseline,2,4,stress_cpu,stress,cpu,raspberrypi,matched_round_robin_and_pin,raspberrypi,1,1,/Users/finleyaf/Documents/COMP3931 Individual Project/project_folder/scheduler-prediction/online/results/stage_c_pi_guarded_retry_20260429_004010/decision_artifacts/baseline/mixed-lite-pod-baseline-stress-cpu-t4_snapshot.csv,,100.0,64.0,,,,,,,,,mixed-lite-pod-baseline-stress-cpu-t4,mixed-lite,raspberrypi,0.0,,,1777426109.0,1777426109.0,,4.0,0.5161,0,0
baseline,2,4,stress_memory,stress,memory,k3s-worker-2,matched_round_robin_and_pin,k3s-worker-2,1,1,/Users/finleyaf/Documents/COMP3931 Individual Project/project_folder/scheduler-prediction/online/results/stage_c_pi_guarded_retry_20260429_004010/decision_artifacts/baseline/cpu-pod-baseline-stress-memory-t4_snapshot.csv,,250.0,64.0,,,,,,,,,cpu-pod-baseline-stress-memory-t4,cpu,k3s-worker-2,0.0,7.0,7.0,1777426249.0,1777426249.0,1777426256.0,20.0,2.0,1,1
baseline,2,4,stress_memory,stress,memory,k3s-worker-2,matched_round_robin_and_pin,k3s-worker-3,1,0,/Users/finleyaf/Documents/COMP3931 Individual Project/project_folder/scheduler-prediction/online/results/stage_c_pi_guarded_retry_20260429_004010/decision_artifacts/baseline/memory-pod-baseline-stress-memory-t4_snapshot.csv,,100.0,256.0,,,,,,,,,memory-pod-baseline-stress-memory-t4,memory,k3s-worker-3,0.0,1.0,1.0,1777426388.0,1777426388.0,1777426389.0,9.0,1.0588,0,0
baseline,2,4,stress_memory,stress,memory,k3s-worker-2,matched_round_robin_and_pin,k3s-worker-4,1,0,/Users/finleyaf/Documents/COMP3931 Individual Project/project_folder/scheduler-prediction/online/results/stage_c_pi_guarded_retry_20260429_004010/decision_artifacts/baseline/mixed-pod-baseline-stress-memory-t4_snapshot.csv,,200.0,128.0,,,,,,,,,mixed-pod-baseline-stress-memory-t4,mixed,k3s-worker-4,0.0,2.0,2.0,1777426507.0,1777426507.0,1777426509.0,13.0,1.4857,1,1
baseline,2,4,stress_memory,stress,memory,k3s-worker-2,matched_round_robin_and_pin,raspberrypi,1,0,/Users/finleyaf/Documents/COMP3931 Individual Project/project_folder/scheduler-prediction/online/results/stage_c_pi_guarded_retry_20260429_004010/decision_artifacts/baseline/cpu-lite-pod-baseline-stress-memory-t4_snapshot.csv,,100.0,32.0,,,,,,,,,cpu-lite-pod-baseline-stress-memory-t4,cpu-lite,raspberrypi,0.0,,,1777426630.0,1777426630.0,,3.0,0.3333,0,0
baseline,2,4,stress_memory,stress,memory,k3s-worker-2,matched_round_robin_and_pin,k3s-worker-2,1,1,/Users/finleyaf/Documents/COMP3931 Individual Project/project_folder/scheduler-prediction/online/results/stage_c_pi_guarded_retry_20260429_004010/decision_artifacts/baseline/memory-lite-pod-baseline-stress-memory-t4_snapshot.csv,,75.0,96.0,,,,,,,,,memory-lite-pod-baseline-stress-memory-t4,memory-lite,k3s-worker-2,0.0,2.0,2.0,1777426721.0,1777426721.0,1777426723.0,15.0,1.5385,1,1
baseline,2,4,stress_memory,stress,memory,k3s-worker-2,matched_round_robin_and_pin,k3s-worker-3,1,0,/Users/finleyaf/Documents/COMP3931 Individual Project/project_folder/scheduler-prediction/online/results/stage_c_pi_guarded_retry_20260429_004010/decision_artifacts/baseline/mixed-lite-pod-baseline-stress-memory-t4_snapshot.csv,,100.0,64.0,,,,,,,,,mixed-lite-pod-baseline-stress-memory-t4,mixed-lite,k3s-worker-3,0.0,2.0,2.0,1777426841.0,1777426841.0,1777426843.0,8.0,0.9412,0,0
baseline,2,4,stress_mixed,stress,mixed,k3s-worker-3,matched_round_robin_and_pin,k3s-worker-2,1,0,/Users/finleyaf/Documents/COMP3931 Individual Project/project_folder/scheduler-prediction/online/results/stage_c_pi_guarded_retry_20260429_004010/decision_artifacts/baseline/cpu-pod-baseline-stress-mixed-t4_snapshot.csv,,250.0,64.0,,,,,,,,,cpu-pod-baseline-stress-mixed-t4,cpu,k3s-worker-2,0.0,2.0,2.0,1777426989.0,1777426989.0,1777426991.0,9.0,0.7826,0,0
baseline,2,4,stress_mixed,stress,mixed,k3s-worker-3,matched_round_robin_and_pin,k3s-worker-3,1,1,/Users/finleyaf/Documents/COMP3931 Individual Project/project_folder/scheduler-prediction/online/results/stage_c_pi_guarded_retry_20260429_004010/decision_artifacts/baseline/memory-pod-baseline-stress-mixed-t4_snapshot.csv,,100.0,256.0,,,,,,,,,memory-pod-baseline-stress-mixed-t4,memory,k3s-worker-3,0.0,1.0,1.0,1777427108.0,1777427108.0,1777427109.0,12.0,1.3333,1,1
baseline,2,4,stress_mixed,stress,mixed,k3s-worker-3,matched_round_robin_and_pin,k3s-worker-4,1,0,/Users/finleyaf/Documents/COMP3931 Individual Project/project_folder/scheduler-prediction/online/results/stage_c_pi_guarded_retry_20260429_004010/decision_artifacts/baseline/mixed-pod-baseline-stress-mixed-t4_snapshot.csv,,200.0,128.0,,,,,,,,,mixed-pod-baseline-stress-mixed-t4,mixed,k3s-worker-4,0.0,2.0,2.0,1777427232.0,1777427232.0,1777427234.0,9.0,0.8372,0,0
baseline,2,4,stress_mixed,stress,mixed,k3s-worker-3,matched_round_robin_and_pin,k3s-worker-3,1,1,/Users/finleyaf/Documents/COMP3931 Individual Project/project_folder/scheduler-prediction/online/results/stage_c_pi_guarded_retry_20260429_004010/decision_artifacts/baseline/cpu-lite-pod-baseline-stress-mixed-t4_snapshot.csv,,100.0,32.0,,,,,,,,,cpu-lite-pod-baseline-stress-mixed-t4,cpu-lite,k3s-worker-3,0.0,1.0,1.0,1777427355.0,1777427355.0,1777427356.0,17.0,1.7895,1,1
baseline,2,4,stress_mixed,stress,mixed,k3s-worker-3,matched_round_robin_and_pin,k3s-worker-4,1,0,/Users/finleyaf/Documents/COMP3931 Individual Project/project_folder/scheduler-prediction/online/results/stage_c_pi_guarded_retry_20260429_004010/decision_artifacts/baseline/memory-lite-pod-baseline-stress-mixed-t4_snapshot.csv,,75.0,96.0,,,,,,,,,memory-lite-pod-baseline-stress-mixed-t4,memory-lite,k3s-worker-4,0.0,2.0,2.0,1777427470.0,1777427470.0,1777427472.0,13.0,1.5294,1,1
baseline,2,4,stress_mixed,stress,mixed,k3s-worker-3,matched_round_robin_and_pin,raspberrypi,1,0,/Users/finleyaf/Documents/COMP3931 Individual Project/project_folder/scheduler-prediction/online/results/stage_c_pi_guarded_retry_20260429_004010/decision_artifacts/baseline/mixed-lite-pod-baseline-stress-mixed-t4_snapshot.csv,,100.0,64.0,,,,,,,,,mixed-lite-pod-baseline-stress-mixed-t4,mixed-lite,raspberrypi,0.0,,,1777427591.0,1777427591.0,,3.0,0.3529,0,0
baseline,1,5,normal,normal,,,matched_round_robin_and_pin,k3s-worker-2,1,,/Users/finleyaf/Documents/COMP3931 Individual Project/project_folder/scheduler-prediction/online/results/stage_c_pi_guarded_retry_20260429_004010/decision_artifacts/baseline/cpu-pod-baseline-normal-t5_snapshot.csv,,250.0,64.0,,,,,,,,,cpu-pod-baseline-normal-t5,cpu,k3s-worker-2,0.0,1.0,1.0,1777427633.0,1777427633.0,1777427634.0,9.0,1.2414,1,0
baseline,1,5,normal,normal,,,matched_round_robin_and_pin,k3s-worker-3,1,,/Users/finleyaf/Documents/COMP3931 Individual Project/project_folder/scheduler-prediction/online/results/stage_c_pi_guarded_retry_20260429_004010/decision_artifacts/baseline/memory-pod-baseline-normal-t5_snapshot.csv,,100.0,256.0,,,,,,,,,memory-pod-baseline-normal-t5,memory,k3s-worker-3,1.0,1.0,2.0,1777427750.0,1777427751.0,1777427752.0,8.0,1.1852,1,0
baseline,1,5,normal,normal,,,matched_round_robin_and_pin,k3s-worker-4,1,,/Users/finleyaf/Documents/COMP3931 Individual Project/project_folder/scheduler-prediction/online/results/stage_c_pi_guarded_retry_20260429_004010/decision_artifacts/baseline/mixed-pod-baseline-normal-t5_snapshot.csv,,200.0,128.0,,,,,,,,,mixed-pod-baseline-normal-t5,mixed,k3s-worker-4,0.0,1.0,1.0,1777427875.0,1777427875.0,1777427876.0,8.0,1.1034,1,0
baseline,1,5,normal,normal,,,matched_round_robin_and_pin,raspberrypi,1,,/Users/finleyaf/Documents/COMP3931 Individual Project/project_folder/scheduler-prediction/online/results/stage_c_pi_guarded_retry_20260429_004010/decision_artifacts/baseline/cpu-lite-pod-baseline-normal-t5_snapshot.csv,,100.0,32.0,,,,,,,,,cpu-lite-pod-baseline-normal-t5,cpu-lite,raspberrypi,0.0,,,1777427996.0,1777427996.0,,3.0,0.4286,0,0
baseline,1,5,normal,normal,,,matched_round_robin_and_pin,k3s-worker-2,1,,/Users/finleyaf/Documents/COMP3931 Individual Project/project_folder/scheduler-prediction/online/results/stage_c_pi_guarded_retry_20260429_004010/decision_artifacts/baseline/memory-lite-pod-baseline-normal-t5_snapshot.csv,,75.0,96.0,,,,,,,,,memory-lite-pod-baseline-normal-t5,memory-lite,k3s-worker-2,0.0,1.0,1.0,1777428083.0,1777428083.0,1777428084.0,9.0,1.2857,1,1
baseline,1,5,normal,normal,,,matched_round_robin_and_pin,k3s-worker-3,1,,/Users/finleyaf/Documents/COMP3931 Individual Project/project_folder/scheduler-prediction/online/results/stage_c_pi_guarded_retry_20260429_004010/decision_artifacts/baseline/mixed-lite-pod-baseline-normal-t5_snapshot.csv,,100.0,64.0,,,,,,,,,mixed-lite-pod-baseline-normal-t5,mixed-lite,k3s-worker-3,0.0,2.0,2.0,1777428202.0,1777428202.0,1777428204.0,9.0,1.0909,0,0
baseline,1,5,stress_cpu,stress,cpu,k3s-worker-2,matched_round_robin_and_pin,k3s-worker-2,1,1,/Users/finleyaf/Documents/COMP3931 Individual Project/project_folder/scheduler-prediction/online/results/stage_c_pi_guarded_retry_20260429_004010/decision_artifacts/baseline/cpu-pod-baseline-stress-cpu-t5_snapshot.csv,,250.0,64.0,,,,,,,,,cpu-pod-baseline-stress-cpu-t5,cpu,k3s-worker-2,0.0,2.0,2.0,1777428337.0,1777428337.0,1777428339.0,60.0,2.963,1,1
baseline,1,5,stress_cpu,stress,cpu,k3s-worker-2,matched_round_robin_and_pin,k3s-worker-3,1,0,/Users/finleyaf/Documents/COMP3931 Individual Project/project_folder/scheduler-prediction/online/results/stage_c_pi_guarded_retry_20260429_004010/decision_artifacts/baseline/memory-pod-baseline-stress-cpu-t5_snapshot.csv,,100.0,256.0,,,,,,,,,memory-pod-baseline-stress-cpu-t5,memory,k3s-worker-3,0.0,1.0,1.0,1777428465.0,1777428465.0,1777428466.0,24.0,1.5238,1,1
baseline,1,5,stress_cpu,stress,cpu,k3s-worker-2,matched_round_robin_and_pin,k3s-worker-4,1,0,/Users/finleyaf/Documents/COMP3931 Individual Project/project_folder/scheduler-prediction/online/results/stage_c_pi_guarded_retry_20260429_004010/decision_artifacts/baseline/mixed-pod-baseline-stress-cpu-t5_snapshot.csv,,200.0,128.0,,,,,,,,,mixed-pod-baseline-stress-cpu-t5,mixed,k3s-worker-4,0.0,2.0,2.0,1777428583.0,1777428583.0,1777428585.0,10.0,1.1111,1,0
baseline,1,5,stress_cpu,stress,cpu,k3s-worker-2,matched_round_robin_and_pin,k3s-worker-3,1,0,/Users/finleyaf/Documents/COMP3931 Individual Project/project_folder/scheduler-prediction/online/results/stage_c_pi_guarded_retry_20260429_004010/decision_artifacts/baseline/cpu-lite-pod-baseline-stress-cpu-t5_snapshot.csv,,100.0,32.0,,,,,,,,,cpu-lite-pod-baseline-stress-cpu-t5,cpu-lite,k3s-worker-3,0.0,1.0,1.0,1777428696.0,1777428696.0,1777428697.0,8.0,1.1034,1,0
baseline,1,5,stress_cpu,stress,cpu,k3s-worker-2,matched_round_robin_and_pin,k3s-worker-4,1,0,/Users/finleyaf/Documents/COMP3931 Individual Project/project_folder/scheduler-prediction/online/results/stage_c_pi_guarded_retry_20260429_004010/decision_artifacts/baseline/memory-lite-pod-baseline-stress-cpu-t5_snapshot.csv,,75.0,96.0,,,,,,,,,memory-lite-pod-baseline-stress-cpu-t5,memory-lite,k3s-worker-4,0.0,2.0,2.0,1777428814.0,1777428814.0,1777428816.0,9.0,1.2414,1,0
baseline,1,5,stress_cpu,stress,cpu,k3s-worker-2,matched_round_robin_and_pin,raspberrypi,1,0,/Users/finleyaf/Documents/COMP3931 Individual Project/project_folder/scheduler-prediction/online/results/stage_c_pi_guarded_retry_20260429_004010/decision_artifacts/baseline/mixed-lite-pod-baseline-stress-cpu-t5_snapshot.csv,,100.0,64.0,,,,,,,,,mixed-lite-pod-baseline-stress-cpu-t5,mixed-lite,raspberrypi,0.0,,,1777428933.0,1777428933.0,,3.0,0.4286,0,0
baseline,1,5,stress_memory,stress,memory,k3s-worker-3,matched_round_robin_and_pin,k3s-worker-2,1,0,/Users/finleyaf/Documents/COMP3931 Individual Project/project_folder/scheduler-prediction/online/results/stage_c_pi_guarded_retry_20260429_004010/decision_artifacts/baseline/cpu-pod-baseline-stress-memory-t5_snapshot.csv,,250.0,64.0,,,,,,,,,cpu-pod-baseline-stress-memory-t5,cpu,k3s-worker-2,0.0,1.0,1.0,1777429055.0,1777429055.0,1777429056.0,10.0,0.4878,0,0
baseline,1,5,stress_memory,stress,memory,k3s-worker-3,matched_round_robin_and_pin,k3s-worker-3,1,1,/Users/finleyaf/Documents/COMP3931 Individual Project/project_folder/scheduler-prediction/online/results/stage_c_pi_guarded_retry_20260429_004010/decision_artifacts/baseline/memory-pod-baseline-stress-memory-t5_snapshot.csv,,100.0,256.0,,,,,,,,,memory-pod-baseline-stress-memory-t5,memory,k3s-worker-3,0.0,9.0,9.0,1777429174.0,1777429174.0,1777429183.0,20.0,1.9512,1,1
baseline,1,5,stress_memory,stress,memory,k3s-worker-3,matched_round_robin_and_pin,k3s-worker-4,1,0,/Users/finleyaf/Documents/COMP3931 Individual Project/project_folder/scheduler-prediction/online/results/stage_c_pi_guarded_retry_20260429_004010/decision_artifacts/baseline/mixed-pod-baseline-stress-memory-t5_snapshot.csv,,200.0,128.0,,,,,,,,,mixed-pod-baseline-stress-memory-t5,mixed,k3s-worker-4,0.0,1.0,1.0,1777429296.0,1777429296.0,1777429297.0,9.0,1.1613,1,0
baseline,1,5,stress_memory,stress,memory,k3s-worker-3,matched_round_robin_and_pin,raspberrypi,1,0,/Users/finleyaf/Documents/COMP3931 Individual Project/project_folder/scheduler-prediction/online/results/stage_c_pi_guarded_retry_20260429_004010/decision_artifacts/baseline/cpu-lite-pod-baseline-stress-memory-t5_snapshot.csv,,100.0,32.0,,,,,,,,,cpu-lite-pod-baseline-stress-memory-t5,cpu-lite,raspberrypi,0.0,,,1777429412.0,1777429412.0,,3.0,0.4,0,0
baseline,1,5,stress_memory,stress,memory,k3s-worker-3,matched_round_robin_and_pin,k3s-worker-2,1,0,/Users/finleyaf/Documents/COMP3931 Individual Project/project_folder/scheduler-prediction/online/results/stage_c_pi_guarded_retry_20260429_004010/decision_artifacts/baseline/memory-lite-pod-baseline-stress-memory-t5_snapshot.csv,,75.0,96.0,,,,,,,,,memory-lite-pod-baseline-stress-memory-t5,memory-lite,k3s-worker-2,0.0,2.0,2.0,1777429506.0,1777429506.0,1777429508.0,9.0,1.2,1,0
baseline,1,5,stress_memory,stress,memory,k3s-worker-3,matched_round_robin_and_pin,k3s-worker-3,1,1,/Users/finleyaf/Documents/COMP3931 Individual Project/project_folder/scheduler-prediction/online/results/stage_c_pi_guarded_retry_20260429_004010/decision_artifacts/baseline/mixed-lite-pod-baseline-stress-memory-t5_snapshot.csv,,100.0,64.0,,,,,,,,,mixed-lite-pod-baseline-stress-memory-t5,mixed-lite,k3s-worker-3,0.0,2.0,2.0,1777429626.0,1777429626.0,1777429628.0,8.0,1.1034,1,0
baseline,1,5,stress_mixed,stress,mixed,k3s-worker-4,matched_round_robin_and_pin,k3s-worker-2,1,0,/Users/finleyaf/Documents/COMP3931 Individual Project/project_folder/scheduler-prediction/online/results/stage_c_pi_guarded_retry_20260429_004010/decision_artifacts/baseline/cpu-pod-baseline-stress-mixed-t5_snapshot.csv,,250.0,64.0,,,,,,,,,cpu-pod-baseline-stress-mixed-t5,cpu,k3s-worker-2,0.0,2.0,2.0,1777429775.0,1777429775.0,1777429777.0,8.0,0.2712,0,0
baseline,1,5,stress_mixed,stress,mixed,k3s-worker-4,matched_round_robin_and_pin,k3s-worker-3,1,0,/Users/finleyaf/Documents/COMP3931 Individual Project/project_folder/scheduler-prediction/online/results/stage_c_pi_guarded_retry_20260429_004010/decision_artifacts/baseline/memory-pod-baseline-stress-mixed-t5_snapshot.csv,,100.0,256.0,,,,,,,,,memory-pod-baseline-stress-mixed-t5,memory,k3s-worker-3,0.0,1.0,1.0,1777429907.0,1777429907.0,1777429908.0,8.0,0.7273,0,0
baseline,1,5,stress_mixed,stress,mixed,k3s-worker-4,matched_round_robin_and_pin,k3s-worker-4,1,1,/Users/finleyaf/Documents/COMP3931 Individual Project/project_folder/scheduler-prediction/online/results/stage_c_pi_guarded_retry_20260429_004010/decision_artifacts/baseline/mixed-pod-baseline-stress-mixed-t5_snapshot.csv,,200.0,128.0,,,,,,,,,mixed-pod-baseline-stress-mixed-t5,mixed,k3s-worker-4,0.0,1.0,1.0,1777430031.0,1777430031.0,1777430032.0,9.0,1.2414,1,0
baseline,1,5,stress_mixed,stress,mixed,k3s-worker-4,matched_round_robin_and_pin,k3s-worker-3,1,0,/Users/finleyaf/Documents/COMP3931 Individual Project/project_folder/scheduler-prediction/online/results/stage_c_pi_guarded_retry_20260429_004010/decision_artifacts/baseline/cpu-lite-pod-baseline-stress-mixed-t5_snapshot.csv,,100.0,32.0,,,,,,,,,cpu-lite-pod-baseline-stress-mixed-t5,cpu-lite,k3s-worker-3,0.0,2.0,2.0,1777430151.0,1777430151.0,1777430153.0,8.0,1.1034,1,0
baseline,1,5,stress_mixed,stress,mixed,k3s-worker-4,matched_round_robin_and_pin,k3s-worker-4,1,1,/Users/finleyaf/Documents/COMP3931 Individual Project/project_folder/scheduler-prediction/online/results/stage_c_pi_guarded_retry_20260429_004010/decision_artifacts/baseline/memory-lite-pod-baseline-stress-mixed-t5_snapshot.csv,,75.0,96.0,,,,,,,,,memory-lite-pod-baseline-stress-mixed-t5,memory-lite,k3s-worker-4,0.0,2.0,2.0,1777430274.0,1777430274.0,1777430276.0,9.0,1.0909,0,0
baseline,1,5,stress_mixed,stress,mixed,k3s-worker-4,matched_round_robin_and_pin,raspberrypi,1,0,/Users/finleyaf/Documents/COMP3931 Individual Project/project_folder/scheduler-prediction/online/results/stage_c_pi_guarded_retry_20260429_004010/decision_artifacts/baseline/mixed-lite-pod-baseline-stress-mixed-t5_snapshot.csv,,100.0,64.0,,,,,,,,,mixed-lite-pod-baseline-stress-mixed-t5,mixed-lite,raspberrypi,0.0,,,1777430393.0,1777430393.0,,3.0,0.375,0,0
baseline,2,6,normal,normal,,,matched_round_robin_and_pin,k3s-worker-2,1,,/Users/finleyaf/Documents/COMP3931 Individual Project/project_folder/scheduler-prediction/online/results/stage_c_pi_guarded_retry_20260429_004010/decision_artifacts/baseline/cpu-pod-baseline-normal-t6_snapshot.csv,,250.0,64.0,,,,,,,,,cpu-pod-baseline-normal-t6,cpu,k3s-worker-2,0.0,1.0,1.0,1777430557.0,1777430557.0,1777430558.0,9.0,1.0909,0,0
baseline,2,6,normal,normal,,,matched_round_robin_and_pin,k3s-worker-3,1,,/Users/finleyaf/Documents/COMP3931 Individual Project/project_folder/scheduler-prediction/online/results/stage_c_pi_guarded_retry_20260429_004010/decision_artifacts/baseline/memory-pod-baseline-normal-t6_snapshot.csv,,100.0,256.0,,,,,,,,,memory-pod-baseline-normal-t6,memory,k3s-worker-3,0.0,1.0,1.0,1777430677.0,1777430677.0,1777430678.0,9.0,1.0909,0,0
baseline,2,6,normal,normal,,,matched_round_robin_and_pin,k3s-worker-4,1,,/Users/finleyaf/Documents/COMP3931 Individual Project/project_folder/scheduler-prediction/online/results/stage_c_pi_guarded_retry_20260429_004010/decision_artifacts/baseline/mixed-pod-baseline-normal-t6_snapshot.csv,,200.0,128.0,,,,,,,,,mixed-pod-baseline-normal-t6,mixed,k3s-worker-4,0.0,1.0,1.0,1777430794.0,1777430794.0,1777430795.0,25.0,1.8868,1,1
baseline,2,6,normal,normal,,,matched_round_robin_and_pin,raspberrypi,1,,/Users/finleyaf/Documents/COMP3931 Individual Project/project_folder/scheduler-prediction/online/results/stage_c_pi_guarded_retry_20260429_004010/decision_artifacts/baseline/cpu-lite-pod-baseline-normal-t6_snapshot.csv,,100.0,32.0,,,,,,,,,cpu-lite-pod-baseline-normal-t6,cpu-lite,raspberrypi,0.0,,,1777430913.0,1777430913.0,,3.0,0.3871,0,0
baseline,2,6,normal,normal,,,matched_round_robin_and_pin,k3s-worker-2,1,,/Users/finleyaf/Documents/COMP3931 Individual Project/project_folder/scheduler-prediction/online/results/stage_c_pi_guarded_retry_20260429_004010/decision_artifacts/baseline/memory-lite-pod-baseline-normal-t6_snapshot.csv,,75.0,96.0,,,,,,,,,memory-lite-pod-baseline-normal-t6,memory-lite,k3s-worker-2,0.0,1.0,1.0,1777431011.0,1777431011.0,1777431012.0,9.0,1.0588,0,0
baseline,2,6,normal,normal,,,matched_round_robin_and_pin,k3s-worker-3,1,,/Users/finleyaf/Documents/COMP3931 Individual Project/project_folder/scheduler-prediction/online/results/stage_c_pi_guarded_retry_20260429_004010/decision_artifacts/baseline/mixed-lite-pod-baseline-normal-t6_snapshot.csv,,100.0,64.0,,,,,,,,,mixed-lite-pod-baseline-normal-t6,mixed-lite,k3s-worker-3,0.0,2.0,2.0,1777431129.0,1777431129.0,1777431131.0,9.0,1.0909,0,0
baseline,2,6,stress_cpu,stress,cpu,k3s-worker-3,matched_round_robin_and_pin,k3s-worker-2,1,0,/Users/finleyaf/Documents/COMP3931 Individual Project/project_folder/scheduler-prediction/online/results/stage_c_pi_guarded_retry_20260429_004010/decision_artifacts/baseline/cpu-pod-baseline-stress-cpu-t6_snapshot.csv,,250.0,64.0,,,,,,,,,cpu-pod-baseline-stress-cpu-t6,cpu,k3s-worker-2,0.0,2.0,2.0,1777431268.0,1777431268.0,1777431270.0,9.0,0.6,0,0
baseline,2,6,stress_cpu,stress,cpu,k3s-worker-3,matched_round_robin_and_pin,k3s-worker-3,1,1,/Users/finleyaf/Documents/COMP3931 Individual Project/project_folder/scheduler-prediction/online/results/stage_c_pi_guarded_retry_20260429_004010/decision_artifacts/baseline/memory-pod-baseline-stress-cpu-t6_snapshot.csv,,100.0,256.0,,,,,,,,,memory-pod-baseline-stress-cpu-t6,memory,k3s-worker-3,0.0,2.0,2.0,1777431387.0,1777431387.0,1777431389.0,15.0,1.4286,1,1
baseline,2,6,stress_cpu,stress,cpu,k3s-worker-3,matched_round_robin_and_pin,k3s-worker-4,1,0,/Users/finleyaf/Documents/COMP3931 Individual Project/project_folder/scheduler-prediction/online/results/stage_c_pi_guarded_retry_20260429_004010/decision_artifacts/baseline/mixed-pod-baseline-stress-cpu-t6_snapshot.csv,,200.0,128.0,,,,,,,,,mixed-pod-baseline-stress-cpu-t6,mixed,k3s-worker-4,0.0,2.0,2.0,1777431510.0,1777431510.0,1777431512.0,20.0,1.9512,1,1
baseline,2,6,stress_cpu,stress,cpu,k3s-worker-3,matched_round_robin_and_pin,k3s-worker-3,1,1,/Users/finleyaf/Documents/COMP3931 Individual Project/project_folder/scheduler-prediction/online/results/stage_c_pi_guarded_retry_20260429_004010/decision_artifacts/baseline/cpu-lite-pod-baseline-stress-cpu-t6_snapshot.csv,,100.0,32.0,,,,,,,,,cpu-lite-pod-baseline-stress-cpu-t6,cpu-lite,k3s-worker-3,0.0,1.0,1.0,1777431629.0,1777431629.0,1777431630.0,8.0,0.8889,0,0
baseline,2,6,stress_cpu,stress,cpu,k3s-worker-3,matched_round_robin_and_pin,k3s-worker-4,1,0,/Users/finleyaf/Documents/COMP3931 Individual Project/project_folder/scheduler-prediction/online/results/stage_c_pi_guarded_retry_20260429_004010/decision_artifacts/baseline/memory-lite-pod-baseline-stress-cpu-t6_snapshot.csv,,75.0,96.0,,,,,,,,,memory-lite-pod-baseline-stress-cpu-t6,memory-lite,k3s-worker-4,0.0,2.0,2.0,1777431751.0,1777431751.0,1777431753.0,12.0,1.3333,1,1
baseline,2,6,stress_cpu,stress,cpu,k3s-worker-3,matched_round_robin_and_pin,raspberrypi,1,0,/Users/finleyaf/Documents/COMP3931 Individual Project/project_folder/scheduler-prediction/online/results/stage_c_pi_guarded_retry_20260429_004010/decision_artifacts/baseline/mixed-lite-pod-baseline-stress-cpu-t6_snapshot.csv,,100.0,64.0,,,,,,,,,mixed-lite-pod-baseline-stress-cpu-t6,mixed-lite,raspberrypi,0.0,,,1777431877.0,1777431877.0,,3.0,0.3871,0,0
baseline,2,6,stress_memory,stress,memory,k3s-worker-4,matched_round_robin_and_pin,k3s-worker-2,1,0,/Users/finleyaf/Documents/COMP3931 Individual Project/project_folder/scheduler-prediction/online/results/stage_c_pi_guarded_retry_20260429_004010/decision_artifacts/baseline/cpu-pod-baseline-stress-memory-t6_snapshot.csv,,250.0,64.0,,,,,,,,,cpu-pod-baseline-stress-memory-t6,cpu,k3s-worker-2,0.0,2.0,2.0,1777432017.0,1777432017.0,1777432019.0,26.0,1.3165,1,1
baseline,2,6,stress_memory,stress,memory,k3s-worker-4,matched_round_robin_and_pin,k3s-worker-3,1,0,/Users/finleyaf/Documents/COMP3931 Individual Project/project_folder/scheduler-prediction/online/results/stage_c_pi_guarded_retry_20260429_004010/decision_artifacts/baseline/memory-pod-baseline-stress-memory-t6_snapshot.csv,,100.0,256.0,,,,,,,,,memory-pod-baseline-stress-memory-t6,memory,k3s-worker-3,0.0,2.0,2.0,1777432145.0,1777432145.0,1777432147.0,9.0,1.1613,1,0
baseline,2,6,stress_memory,stress,memory,k3s-worker-4,matched_round_robin_and_pin,k3s-worker-4,1,1,/Users/finleyaf/Documents/COMP3931 Individual Project/project_folder/scheduler-prediction/online/results/stage_c_pi_guarded_retry_20260429_004010/decision_artifacts/baseline/mixed-pod-baseline-stress-memory-t6_snapshot.csv,,200.0,128.0,,,,,,,,,mixed-pod-baseline-stress-memory-t6,mixed,k3s-worker-4,0.0,2.0,2.0,1777432263.0,1777432263.0,1777432265.0,9.0,1.2,1,0
baseline,2,6,stress_memory,stress,memory,k3s-worker-4,matched_round_robin_and_pin,raspberrypi,1,0,/Users/finleyaf/Documents/COMP3931 Individual Project/project_folder/scheduler-prediction/online/results/stage_c_pi_guarded_retry_20260429_004010/decision_artifacts/baseline/cpu-lite-pod-baseline-stress-memory-t6_snapshot.csv,,100.0,32.0,,,,,,,,,cpu-lite-pod-baseline-stress-memory-t6,cpu-lite,raspberrypi,0.0,,,1777432382.0,1777432382.0,,3.0,0.4,0,0
baseline,2,6,stress_memory,stress,memory,k3s-worker-4,matched_round_robin_and_pin,k3s-worker-2,1,0,/Users/finleyaf/Documents/COMP3931 Individual Project/project_folder/scheduler-prediction/online/results/stage_c_pi_guarded_retry_20260429_004010/decision_artifacts/baseline/memory-lite-pod-baseline-stress-memory-t6_snapshot.csv,,75.0,96.0,,,,,,,,,memory-lite-pod-baseline-stress-memory-t6,memory-lite,k3s-worker-2,0.0,1.0,1.0,1777432476.0,1777432476.0,1777432477.0,9.0,1.2,1,0
baseline,2,6,stress_memory,stress,memory,k3s-worker-4,matched_round_robin_and_pin,k3s-worker-3,1,0,/Users/finleyaf/Documents/COMP3931 Individual Project/project_folder/scheduler-prediction/online/results/stage_c_pi_guarded_retry_20260429_004010/decision_artifacts/baseline/mixed-lite-pod-baseline-stress-memory-t6_snapshot.csv,,100.0,64.0,,,,,,,,,mixed-lite-pod-baseline-stress-memory-t6,mixed-lite,k3s-worker-3,0.0,2.0,2.0,1777432595.0,1777432595.0,1777432597.0,8.0,0.6809,0,0
baseline,2,6,stress_mixed,stress,mixed,raspberrypi,matched_round_robin_and_pin,k3s-worker-2,1,0,/Users/finleyaf/Documents/COMP3931 Individual Project/project_folder/scheduler-prediction/online/results/stage_c_pi_guarded_retry_20260429_004010/decision_artifacts/baseline/cpu-pod-baseline-stress-mixed-t6_snapshot.csv,,250.0,64.0,,,,,,,,,cpu-pod-baseline-stress-mixed-t6,cpu,k3s-worker-2,0.0,1.0,1.0,1777432750.0,1777432750.0,1777432751.0,9.0,0.4557,0,0
baseline,2,6,stress_mixed,stress,mixed,raspberrypi,matched_round_robin_and_pin,k3s-worker-3,1,0,/Users/finleyaf/Documents/COMP3931 Individual Project/project_folder/scheduler-prediction/online/results/stage_c_pi_guarded_retry_20260429_004010/decision_artifacts/baseline/memory-pod-baseline-stress-mixed-t6_snapshot.csv,,100.0,256.0,,,,,,,,,memory-pod-baseline-stress-mixed-t6,memory,k3s-worker-3,0.0,1.0,1.0,1777432871.0,1777432871.0,1777432872.0,9.0,0.766,0,0
baseline,2,6,stress_mixed,stress,mixed,raspberrypi,matched_round_robin_and_pin,k3s-worker-4,1,0,/Users/finleyaf/Documents/COMP3931 Individual Project/project_folder/scheduler-prediction/online/results/stage_c_pi_guarded_retry_20260429_004010/decision_artifacts/baseline/mixed-pod-baseline-stress-mixed-t6_snapshot.csv,,200.0,128.0,,,,,,,,,mixed-pod-baseline-stress-mixed-t6,mixed,k3s-worker-4,0.0,2.0,2.0,1777432986.0,1777432986.0,1777432988.0,9.0,1.0286,0,0
baseline,2,6,stress_mixed,stress,mixed,raspberrypi,matched_round_robin_and_pin,k3s-worker-3,1,0,/Users/finleyaf/Documents/COMP3931 Individual Project/project_folder/scheduler-prediction/online/results/stage_c_pi_guarded_retry_20260429_004010/decision_artifacts/baseline/cpu-lite-pod-baseline-stress-mixed-t6_snapshot.csv,,100.0,32.0,,,,,,,,,cpu-lite-pod-baseline-stress-mixed-t6,cpu-lite,k3s-worker-3,0.0,1.0,1.0,1777433105.0,1777433105.0,1777433106.0,8.0,1.0667,0,0
baseline,2,6,stress_mixed,stress,mixed,raspberrypi,matched_round_robin_and_pin,k3s-worker-4,1,0,/Users/finleyaf/Documents/COMP3931 Individual Project/project_folder/scheduler-prediction/online/results/stage_c_pi_guarded_retry_20260429_004010/decision_artifacts/baseline/memory-lite-pod-baseline-stress-mixed-t6_snapshot.csv,,75.0,96.0,,,,,,,,,memory-lite-pod-baseline-stress-mixed-t6,memory-lite,k3s-worker-4,0.0,1.0,1.0,1777433223.0,1777433223.0,1777433224.0,9.0,1.1613,1,0
baseline,2,6,stress_mixed,stress,mixed,raspberrypi,matched_round_robin_and_pin,raspberrypi,1,1,/Users/finleyaf/Documents/COMP3931 Individual Project/project_folder/scheduler-prediction/online/results/stage_c_pi_guarded_retry_20260429_004010/decision_artifacts/baseline/mixed-lite-pod-baseline-stress-mixed-t6_snapshot.csv,,100.0,64.0,,,,,,,,,mixed-lite-pod-baseline-stress-mixed-t6,mixed-lite,raspberrypi,0.0,,,1777433341.0,1777433341.0,,3.0,0.4,0,0
baseline,1,7,normal,normal,,,matched_round_robin_and_pin,k3s-worker-2,1,,/Users/finleyaf/Documents/COMP3931 Individual Project/project_folder/scheduler-prediction/online/results/stage_c_pi_guarded_retry_20260429_004010/decision_artifacts/baseline/cpu-pod-baseline-normal-t7_snapshot.csv,,250.0,64.0,,,,,,,,,cpu-pod-baseline-normal-t7,cpu,k3s-worker-2,0.0,2.0,2.0,1777433382.0,1777433382.0,1777433384.0,9.0,1.2,1,0
baseline,1,7,normal,normal,,,matched_round_robin_and_pin,k3s-worker-3,1,,/Users/finleyaf/Documents/COMP3931 Individual Project/project_folder/scheduler-prediction/online/results/stage_c_pi_guarded_retry_20260429_004010/decision_artifacts/baseline/memory-pod-baseline-normal-t7_snapshot.csv,,100.0,256.0,,,,,,,,,memory-pod-baseline-normal-t7,memory,k3s-worker-3,0.0,1.0,1.0,1777433501.0,1777433501.0,1777433502.0,10.0,0.8889,0,0
baseline,1,7,normal,normal,,,matched_round_robin_and_pin,k3s-worker-4,1,,/Users/finleyaf/Documents/COMP3931 Individual Project/project_folder/scheduler-prediction/online/results/stage_c_pi_guarded_retry_20260429_004010/decision_artifacts/baseline/mixed-pod-baseline-normal-t7_snapshot.csv,,200.0,128.0,,,,,,,,,mixed-pod-baseline-normal-t7,mixed,k3s-worker-4,0.0,1.0,1.0,1777433618.0,1777433618.0,1777433619.0,8.0,0.9697,0,0
baseline,1,7,normal,normal,,,matched_round_robin_and_pin,raspberrypi,1,,/Users/finleyaf/Documents/COMP3931 Individual Project/project_folder/scheduler-prediction/online/results/stage_c_pi_guarded_retry_20260429_004010/decision_artifacts/baseline/cpu-lite-pod-baseline-normal-t7_snapshot.csv,,100.0,32.0,,,,,,,,,cpu-lite-pod-baseline-normal-t7,cpu-lite,raspberrypi,0.0,,,1777433737.0,1777433737.0,,3.0,0.3333,0,0
baseline,1,7,normal,normal,,,matched_round_robin_and_pin,k3s-worker-2,1,,/Users/finleyaf/Documents/COMP3931 Individual Project/project_folder/scheduler-prediction/online/results/stage_c_pi_guarded_retry_20260429_004010/decision_artifacts/baseline/memory-lite-pod-baseline-normal-t7_snapshot.csv,,75.0,96.0,,,,,,,,,memory-lite-pod-baseline-normal-t7,memory-lite,k3s-worker-2,0.0,2.0,2.0,1777433834.0,1777433834.0,1777433836.0,11.0,1.1892,1,0
baseline,1,7,normal,normal,,,matched_round_robin_and_pin,k3s-worker-3,1,,/Users/finleyaf/Documents/COMP3931 Individual Project/project_folder/scheduler-prediction/online/results/stage_c_pi_guarded_retry_20260429_004010/decision_artifacts/baseline/mixed-lite-pod-baseline-normal-t7_snapshot.csv,,100.0,64.0,,,,,,,,,mixed-lite-pod-baseline-normal-t7,mixed-lite,k3s-worker-3,0.0,1.0,1.0,1777433957.0,1777433957.0,1777433958.0,8.0,1.1429,1,0
baseline,1,7,stress_cpu,stress,cpu,k3s-worker-4,matched_round_robin_and_pin,k3s-worker-2,1,0,/Users/finleyaf/Documents/COMP3931 Individual Project/project_folder/scheduler-prediction/online/results/stage_c_pi_guarded_retry_20260429_004010/decision_artifacts/baseline/cpu-pod-baseline-stress-cpu-t7_snapshot.csv,,250.0,64.0,,,,,,,,,cpu-pod-baseline-stress-cpu-t7,cpu,k3s-worker-2,0.0,1.0,1.0,1777434095.0,1777434095.0,1777434096.0,10.0,0.5,0,0
baseline,1,7,stress_cpu,stress,cpu,k3s-worker-4,matched_round_robin_and_pin,k3s-worker-3,1,0,/Users/finleyaf/Documents/COMP3931 Individual Project/project_folder/scheduler-prediction/online/results/stage_c_pi_guarded_retry_20260429_004010/decision_artifacts/baseline/memory-pod-baseline-stress-cpu-t7_snapshot.csv,,100.0,256.0,,,,,,,,,memory-pod-baseline-stress-cpu-t7,memory,k3s-worker-3,0.0,2.0,2.0,1777434212.0,1777434212.0,1777434214.0,10.0,0.9302,0,0
baseline,1,7,stress_cpu,stress,cpu,k3s-worker-4,matched_round_robin_and_pin,k3s-worker-4,1,1,/Users/finleyaf/Documents/COMP3931 Individual Project/project_folder/scheduler-prediction/online/results/stage_c_pi_guarded_retry_20260429_004010/decision_artifacts/baseline/mixed-pod-baseline-stress-cpu-t7_snapshot.csv,,200.0,128.0,,,,,,,,,mixed-pod-baseline-stress-cpu-t7,mixed,k3s-worker-4,0.0,2.0,2.0,1777434330.0,1777434330.0,1777434332.0,14.0,1.5135,1,1
baseline,1,7,stress_cpu,stress,cpu,k3s-worker-4,matched_round_robin_and_pin,k3s-worker-3,1,0,/Users/finleyaf/Documents/COMP3931 Individual Project/project_folder/scheduler-prediction/online/results/stage_c_pi_guarded_retry_20260429_004010/decision_artifacts/baseline/cpu-lite-pod-baseline-stress-cpu-t7_snapshot.csv,,100.0,32.0,,,,,,,,,cpu-lite-pod-baseline-stress-cpu-t7,cpu-lite,k3s-worker-3,0.0,2.0,2.0,1777434459.0,1777434459.0,1777434461.0,17.0,1.7436,1,1
baseline,1,7,stress_cpu,stress,cpu,k3s-worker-4,matched_round_robin_and_pin,k3s-worker-4,1,1,/Users/finleyaf/Documents/COMP3931 Individual Project/project_folder/scheduler-prediction/online/results/stage_c_pi_guarded_retry_20260429_004010/decision_artifacts/baseline/memory-lite-pod-baseline-stress-cpu-t7_snapshot.csv,,75.0,96.0,,,,,,,,,memory-lite-pod-baseline-stress-cpu-t7,memory-lite,k3s-worker-4,0.0,1.0,1.0,1777434575.0,1777434575.0,1777434576.0,9.0,1.0909,0,0
baseline,1,7,stress_cpu,stress,cpu,k3s-worker-4,matched_round_robin_and_pin,raspberrypi,1,0,/Users/finleyaf/Documents/COMP3931 Individual Project/project_folder/scheduler-prediction/online/results/stage_c_pi_guarded_retry_20260429_004010/decision_artifacts/baseline/mixed-lite-pod-baseline-stress-cpu-t7_snapshot.csv,,100.0,64.0,,,,,,,,,mixed-lite-pod-baseline-stress-cpu-t7,mixed-lite,raspberrypi,0.0,,,1777434695.0,1777434695.0,,3.0,0.3871,0,0
baseline,1,7,stress_memory,stress,memory,raspberrypi,matched_round_robin_and_pin,k3s-worker-2,1,0,/Users/finleyaf/Documents/COMP3931 Individual Project/project_folder/scheduler-prediction/online/results/stage_c_pi_guarded_retry_20260429_004010/decision_artifacts/baseline/cpu-pod-baseline-stress-memory-t7_snapshot.csv,,250.0,64.0,,,,,,,,,cpu-pod-baseline-stress-memory-t7,cpu,k3s-worker-2,0.0,1.0,1.0,1777434820.0,1777434820.0,1777434821.0,10.0,0.8,0,0
baseline,1,7,stress_memory,stress,memory,raspberrypi,matched_round_robin_and_pin,k3s-worker-3,1,0,/Users/finleyaf/Documents/COMP3931 Individual Project/project_folder/scheduler-prediction/online/results/stage_c_pi_guarded_retry_20260429_004010/decision_artifacts/baseline/memory-pod-baseline-stress-memory-t7_snapshot.csv,,100.0,256.0,,,,,,,,,memory-pod-baseline-stress-memory-t7,memory,k3s-worker-3,0.0,2.0,2.0,1777434936.0,1777434936.0,1777434938.0,16.0,1.0159,0,0
baseline,1,7,stress_memory,stress,memory,raspberrypi,matched_round_robin_and_pin,k3s-worker-4,1,0,/Users/finleyaf/Documents/COMP3931 Individual Project/project_folder/scheduler-prediction/online/results/stage_c_pi_guarded_retry_20260429_004010/decision_artifacts/baseline/mixed-pod-baseline-stress-memory-t7_snapshot.csv,,200.0,128.0,,,,,,,,,mixed-pod-baseline-stress-memory-t7,mixed,k3s-worker-4,0.0,2.0,2.0,1777435064.0,1777435064.0,1777435066.0,9.0,1.0286,0,0
baseline,1,7,stress_memory,stress,memory,raspberrypi,matched_round_robin_and_pin,raspberrypi,1,1,/Users/finleyaf/Documents/COMP3931 Individual Project/project_folder/scheduler-prediction/online/results/stage_c_pi_guarded_retry_20260429_004010/decision_artifacts/baseline/cpu-lite-pod-baseline-stress-memory-t7_snapshot.csv,,100.0,32.0,,,,,,,,,cpu-lite-pod-baseline-stress-memory-t7,cpu-lite,raspberrypi,0.0,,,1777435183.0,1777435183.0,,3.0,0.3077,0,0
baseline,1,7,stress_memory,stress,memory,raspberrypi,matched_round_robin_and_pin,k3s-worker-2,1,0,/Users/finleyaf/Documents/COMP3931 Individual Project/project_folder/scheduler-prediction/online/results/stage_c_pi_guarded_retry_20260429_004010/decision_artifacts/baseline/memory-lite-pod-baseline-stress-memory-t7_snapshot.csv,,75.0,96.0,,,,,,,,,memory-lite-pod-baseline-stress-memory-t7,memory-lite,k3s-worker-2,0.0,2.0,2.0,1777435278.0,1777435278.0,1777435280.0,8.0,1.1852,1,0
baseline,1,7,stress_memory,stress,memory,raspberrypi,matched_round_robin_and_pin,k3s-worker-3,1,0,/Users/finleyaf/Documents/COMP3931 Individual Project/project_folder/scheduler-prediction/online/results/stage_c_pi_guarded_retry_20260429_004010/decision_artifacts/baseline/mixed-lite-pod-baseline-stress-memory-t7_snapshot.csv,,100.0,64.0,,,,,,,,,mixed-lite-pod-baseline-stress-memory-t7,mixed-lite,k3s-worker-3,0.0,2.0,2.0,1777435399.0,1777435399.0,1777435401.0,8.0,1.0667,0,0
baseline,1,7,stress_mixed,stress,mixed,k3s-worker-2,matched_round_robin_and_pin,k3s-worker-2,1,1,/Users/finleyaf/Documents/COMP3931 Individual Project/project_folder/scheduler-prediction/online/results/stage_c_pi_guarded_retry_20260429_004010/decision_artifacts/baseline/cpu-pod-baseline-stress-mixed-t7_snapshot.csv,,250.0,64.0,,,,,,,,,cpu-pod-baseline-stress-mixed-t7,cpu,k3s-worker-2,0.0,2.0,2.0,1777435554.0,1777435554.0,1777435556.0,89.0,3.2963,1,1
baseline,1,7,stress_mixed,stress,mixed,k3s-worker-2,matched_round_robin_and_pin,k3s-worker-3,1,0,/Users/finleyaf/Documents/COMP3931 Individual Project/project_folder/scheduler-prediction/online/results/stage_c_pi_guarded_retry_20260429_004010/decision_artifacts/baseline/memory-pod-baseline-stress-mixed-t7_snapshot.csv,,100.0,256.0,,,,,,,,,memory-pod-baseline-stress-mixed-t7,memory,k3s-worker-3,0.0,1.0,1.0,1777435677.0,1777435677.0,1777435678.0,16.0,1.2308,1,0
baseline,1,7,stress_mixed,stress,mixed,k3s-worker-2,matched_round_robin_and_pin,k3s-worker-4,1,0,/Users/finleyaf/Documents/COMP3931 Individual Project/project_folder/scheduler-prediction/online/results/stage_c_pi_guarded_retry_20260429_004010/decision_artifacts/baseline/mixed-pod-baseline-stress-mixed-t7_snapshot.csv,,200.0,128.0,,,,,,,,,mixed-pod-baseline-stress-mixed-t7,mixed,k3s-worker-4,0.0,2.0,2.0,1777435795.0,1777435795.0,1777435797.0,8.0,1.1034,1,0
baseline,1,7,stress_mixed,stress,mixed,k3s-worker-2,matched_round_robin_and_pin,k3s-worker-3,1,0,/Users/finleyaf/Documents/COMP3931 Individual Project/project_folder/scheduler-prediction/online/results/stage_c_pi_guarded_retry_20260429_004010/decision_artifacts/baseline/cpu-lite-pod-baseline-stress-mixed-t7_snapshot.csv,,100.0,32.0,,,,,,,,,cpu-lite-pod-baseline-stress-mixed-t7,cpu-lite,k3s-worker-3,0.0,2.0,2.0,1777435913.0,1777435913.0,1777435915.0,8.0,1.1429,1,0
baseline,1,7,stress_mixed,stress,mixed,k3s-worker-2,matched_round_robin_and_pin,k3s-worker-4,1,0,/Users/finleyaf/Documents/COMP3931 Individual Project/project_folder/scheduler-prediction/online/results/stage_c_pi_guarded_retry_20260429_004010/decision_artifacts/baseline/memory-lite-pod-baseline-stress-mixed-t7_snapshot.csv,,75.0,96.0,,,,,,,,,memory-lite-pod-baseline-stress-mixed-t7,memory-lite,k3s-worker-4,0.0,1.0,1.0,1777436039.0,1777436039.0,1777436040.0,9.0,0.9474,0,0
baseline,1,7,stress_mixed,stress,mixed,k3s-worker-2,matched_round_robin_and_pin,raspberrypi,1,0,/Users/finleyaf/Documents/COMP3931 Individual Project/project_folder/scheduler-prediction/online/results/stage_c_pi_guarded_retry_20260429_004010/decision_artifacts/baseline/mixed-lite-pod-baseline-stress-mixed-t7_snapshot.csv,,100.0,64.0,,,,,,,,,mixed-lite-pod-baseline-stress-mixed-t7,mixed-lite,raspberrypi,0.0,,,1777436158.0,1777436158.0,,4.0,0.5,0,0
baseline,2,8,normal,normal,,,matched_round_robin_and_pin,k3s-worker-2,1,,/Users/finleyaf/Documents/COMP3931 Individual Project/project_folder/scheduler-prediction/online/results/stage_c_pi_guarded_retry_20260429_004010/decision_artifacts/baseline/cpu-pod-baseline-normal-t8_snapshot.csv,,250.0,64.0,,,,,,,,,cpu-pod-baseline-normal-t8,cpu,k3s-worker-2,0.0,2.0,2.0,1777436324.0,1777436324.0,1777436326.0,24.0,2.1818,1,1
baseline,2,8,normal,normal,,,matched_round_robin_and_pin,k3s-worker-3,1,,/Users/finleyaf/Documents/COMP3931 Individual Project/project_folder/scheduler-prediction/online/results/stage_c_pi_guarded_retry_20260429_004010/decision_artifacts/baseline/memory-pod-baseline-normal-t8_snapshot.csv,,100.0,256.0,,,,,,,,,memory-pod-baseline-normal-t8,memory,k3s-worker-3,0.0,2.0,2.0,1777436448.0,1777436448.0,1777436450.0,8.0,1.1034,1,0
baseline,2,8,normal,normal,,,matched_round_robin_and_pin,k3s-worker-4,1,,/Users/finleyaf/Documents/COMP3931 Individual Project/project_folder/scheduler-prediction/online/results/stage_c_pi_guarded_retry_20260429_004010/decision_artifacts/baseline/mixed-pod-baseline-normal-t8_snapshot.csv,,200.0,128.0,,,,,,,,,mixed-pod-baseline-normal-t8,mixed,k3s-worker-4,0.0,2.0,2.0,1777436570.0,1777436570.0,1777436572.0,9.0,1.2414,1,0
baseline,2,8,normal,normal,,,matched_round_robin_and_pin,raspberrypi,1,,/Users/finleyaf/Documents/COMP3931 Individual Project/project_folder/scheduler-prediction/online/results/stage_c_pi_guarded_retry_20260429_004010/decision_artifacts/baseline/cpu-lite-pod-baseline-normal-t8_snapshot.csv,,100.0,32.0,,,,,,,,,cpu-lite-pod-baseline-normal-t8,cpu-lite,raspberrypi,0.0,,,1777436695.0,1777436695.0,,3.0,0.4138,0,0
baseline,2,8,normal,normal,,,matched_round_robin_and_pin,k3s-worker-2,1,,/Users/finleyaf/Documents/COMP3931 Individual Project/project_folder/scheduler-prediction/online/results/stage_c_pi_guarded_retry_20260429_004010/decision_artifacts/baseline/memory-lite-pod-baseline-normal-t8_snapshot.csv,,75.0,96.0,,,,,,,,,memory-lite-pod-baseline-normal-t8,memory-lite,k3s-worker-2,0.0,2.0,2.0,1777436785.0,1777436785.0,1777436787.0,9.0,1.2,1,0
baseline,2,8,normal,normal,,,matched_round_robin_and_pin,k3s-worker-3,1,,/Users/finleyaf/Documents/COMP3931 Individual Project/project_folder/scheduler-prediction/online/results/stage_c_pi_guarded_retry_20260429_004010/decision_artifacts/baseline/mixed-lite-pod-baseline-normal-t8_snapshot.csv,,100.0,64.0,,,,,,,,,mixed-lite-pod-baseline-normal-t8,mixed-lite,k3s-worker-3,0.0,2.0,2.0,1777436906.0,1777436906.0,1777436908.0,8.0,0.9697,0,0
baseline,2,8,stress_cpu,stress,cpu,raspberrypi,matched_round_robin_and_pin,k3s-worker-2,1,0,/Users/finleyaf/Documents/COMP3931 Individual Project/project_folder/scheduler-prediction/online/results/stage_c_pi_guarded_retry_20260429_004010/decision_artifacts/baseline/cpu-pod-baseline-stress-cpu-t8_snapshot.csv,,250.0,64.0,,,,,,,,,cpu-pod-baseline-stress-cpu-t8,cpu,k3s-worker-2,1.0,1.0,2.0,1777437056.0,1777437057.0,1777437058.0,9.0,0.3913,0,0
baseline,2,8,stress_cpu,stress,cpu,raspberrypi,matched_round_robin_and_pin,k3s-worker-3,1,0,/Users/finleyaf/Documents/COMP3931 Individual Project/project_folder/scheduler-prediction/online/results/stage_c_pi_guarded_retry_20260429_004010/decision_artifacts/baseline/memory-pod-baseline-stress-cpu-t8_snapshot.csv,,100.0,256.0,,,,,,,,,memory-pod-baseline-stress-cpu-t8,memory,k3s-worker-3,0.0,2.0,2.0,1777437176.0,1777437176.0,1777437178.0,9.0,1.0909,0,0
baseline,2,8,stress_cpu,stress,cpu,raspberrypi,matched_round_robin_and_pin,k3s-worker-4,1,0,/Users/finleyaf/Documents/COMP3931 Individual Project/project_folder/scheduler-prediction/online/results/stage_c_pi_guarded_retry_20260429_004010/decision_artifacts/baseline/mixed-pod-baseline-stress-cpu-t8_snapshot.csv,,200.0,128.0,,,,,,,,,mixed-pod-baseline-stress-cpu-t8,mixed,k3s-worker-4,0.0,2.0,2.0,1777437294.0,1777437294.0,1777437296.0,9.0,1.2414,1,0
baseline,2,8,stress_cpu,stress,cpu,raspberrypi,matched_round_robin_and_pin,k3s-worker-3,1,0,/Users/finleyaf/Documents/COMP3931 Individual Project/project_folder/scheduler-prediction/online/results/stage_c_pi_guarded_retry_20260429_004010/decision_artifacts/baseline/cpu-lite-pod-baseline-stress-cpu-t8_snapshot.csv,,100.0,32.0,,,,,,,,,cpu-lite-pod-baseline-stress-cpu-t8,cpu-lite,k3s-worker-3,0.0,3.0,3.0,1777437417.0,1777437417.0,1777437420.0,31.0,1.5122,1,1
baseline,2,8,stress_cpu,stress,cpu,raspberrypi,matched_round_robin_and_pin,k3s-worker-4,1,0,/Users/finleyaf/Documents/COMP3931 Individual Project/project_folder/scheduler-prediction/online/results/stage_c_pi_guarded_retry_20260429_004010/decision_artifacts/baseline/memory-lite-pod-baseline-stress-cpu-t8_snapshot.csv,,75.0,96.0,,,,,,,,,memory-lite-pod-baseline-stress-cpu-t8,memory-lite,k3s-worker-4,0.0,2.0,2.0,1777437545.0,1777437545.0,1777437547.0,9.0,1.1613,1,0
baseline,2,8,stress_cpu,stress,cpu,raspberrypi,matched_round_robin_and_pin,raspberrypi,1,1,/Users/finleyaf/Documents/COMP3931 Individual Project/project_folder/scheduler-prediction/online/results/stage_c_pi_guarded_retry_20260429_004010/decision_artifacts/baseline/mixed-lite-pod-baseline-stress-cpu-t8_snapshot.csv,,100.0,64.0,,,,,,,,,mixed-lite-pod-baseline-stress-cpu-t8,mixed-lite,raspberrypi,1.0,,,1777437667.0,1777437668.0,,3.0,0.375,0,0
baseline,2,8,stress_memory,stress,memory,k3s-worker-2,matched_round_robin_and_pin,k3s-worker-2,1,1,/Users/finleyaf/Documents/COMP3931 Individual Project/project_folder/scheduler-prediction/online/results/stage_c_pi_guarded_retry_20260429_004010/decision_artifacts/baseline/cpu-pod-baseline-stress-memory-t8_snapshot.csv,,250.0,64.0,,,,,,,,,cpu-pod-baseline-stress-memory-t8,cpu,k3s-worker-2,0.0,7.0,7.0,1777437801.0,1777437801.0,1777437808.0,21.0,2.1,1,1
baseline,2,8,stress_memory,stress,memory,k3s-worker-2,matched_round_robin_and_pin,k3s-worker-3,1,0,/Users/finleyaf/Documents/COMP3931 Individual Project/project_folder/scheduler-prediction/online/results/stage_c_pi_guarded_retry_20260429_004010/decision_artifacts/baseline/memory-pod-baseline-stress-memory-t8_snapshot.csv,,100.0,256.0,,,,,,,,,memory-pod-baseline-stress-memory-t8,memory,k3s-worker-3,0.0,1.0,1.0,1777437931.0,1777437931.0,1777437932.0,18.0,1.8,1,1
baseline,2,8,stress_memory,stress,memory,k3s-worker-2,matched_round_robin_and_pin,k3s-worker-4,1,0,/Users/finleyaf/Documents/COMP3931 Individual Project/project_folder/scheduler-prediction/online/results/stage_c_pi_guarded_retry_20260429_004010/decision_artifacts/baseline/mixed-pod-baseline-stress-memory-t8_snapshot.csv,,200.0,128.0,,,,,,,,,mixed-pod-baseline-stress-memory-t8,mixed,k3s-worker-4,0.0,1.0,1.0,1777438052.0,1777438052.0,1777438053.0,9.0,1.2,1,0
baseline,2,8,stress_memory,stress,memory,k3s-worker-2,matched_round_robin_and_pin,raspberrypi,1,0,/Users/finleyaf/Documents/COMP3931 Individual Project/project_folder/scheduler-prediction/online/results/stage_c_pi_guarded_retry_20260429_004010/decision_artifacts/baseline/cpu-lite-pod-baseline-stress-memory-t8_snapshot.csv,,100.0,32.0,,,,,,,,,cpu-lite-pod-baseline-stress-memory-t8,cpu-lite,raspberrypi,1.0,,,1777438168.0,1777438169.0,,3.0,0.4138,0,0
baseline,2,8,stress_memory,stress,memory,k3s-worker-2,matched_round_robin_and_pin,k3s-worker-2,1,1,/Users/finleyaf/Documents/COMP3931 Individual Project/project_folder/scheduler-prediction/online/results/stage_c_pi_guarded_retry_20260429_004010/decision_artifacts/baseline/memory-lite-pod-baseline-stress-memory-t8_snapshot.csv,,75.0,96.0,,,,,,,,,memory-lite-pod-baseline-stress-memory-t8,memory-lite,k3s-worker-2,0.0,2.0,2.0,1777438263.0,1777438263.0,1777438265.0,11.0,1.375,1,1
baseline,2,8,stress_memory,stress,memory,k3s-worker-2,matched_round_robin_and_pin,k3s-worker-3,1,0,/Users/finleyaf/Documents/COMP3931 Individual Project/project_folder/scheduler-prediction/online/results/stage_c_pi_guarded_retry_20260429_004010/decision_artifacts/baseline/mixed-lite-pod-baseline-stress-memory-t8_snapshot.csv,,100.0,64.0,,,,,,,,,mixed-lite-pod-baseline-stress-memory-t8,mixed-lite,k3s-worker-3,0.0,1.0,1.0,1777438385.0,1777438385.0,1777438386.0,9.0,1.0588,0,0
baseline,2,8,stress_mixed,stress,mixed,k3s-worker-3,matched_round_robin_and_pin,k3s-worker-2,1,0,/Users/finleyaf/Documents/COMP3931 Individual Project/project_folder/scheduler-prediction/online/results/stage_c_pi_guarded_retry_20260429_004010/decision_artifacts/baseline/cpu-pod-baseline-stress-mixed-t8_snapshot.csv,,250.0,64.0,,,,,,,,,cpu-pod-baseline-stress-mixed-t8,cpu,k3s-worker-2,0.0,1.0,1.0,1777438537.0,1777438537.0,1777438538.0,9.0,0.8,0,0
baseline,2,8,stress_mixed,stress,mixed,k3s-worker-3,matched_round_robin_and_pin,k3s-worker-3,1,1,/Users/finleyaf/Documents/COMP3931 Individual Project/project_folder/scheduler-prediction/online/results/stage_c_pi_guarded_retry_20260429_004010/decision_artifacts/baseline/memory-pod-baseline-stress-mixed-t8_snapshot.csv,,100.0,256.0,,,,,,,,,memory-pod-baseline-stress-mixed-t8,memory,k3s-worker-3,0.0,2.0,2.0,1777438679.0,1777438679.0,1777438681.0,15.0,1.6216,1,1
baseline,2,8,stress_mixed,stress,mixed,k3s-worker-3,matched_round_robin_and_pin,k3s-worker-4,1,0,/Users/finleyaf/Documents/COMP3931 Individual Project/project_folder/scheduler-prediction/online/results/stage_c_pi_guarded_retry_20260429_004010/decision_artifacts/baseline/mixed-pod-baseline-stress-mixed-t8_snapshot.csv,,200.0,128.0,,,,,,,,,mixed-pod-baseline-stress-mixed-t8,mixed,k3s-worker-4,0.0,2.0,2.0,1777438805.0,1777438805.0,1777438807.0,9.0,1.2,1,0
baseline,2,8,stress_mixed,stress,mixed,k3s-worker-3,matched_round_robin_and_pin,k3s-worker-3,1,1,/Users/finleyaf/Documents/COMP3931 Individual Project/project_folder/scheduler-prediction/online/results/stage_c_pi_guarded_retry_20260429_004010/decision_artifacts/baseline/cpu-lite-pod-baseline-stress-mixed-t8_snapshot.csv,,100.0,32.0,,,,,,,,,cpu-lite-pod-baseline-stress-mixed-t8,cpu-lite,k3s-worker-3,0.0,2.0,2.0,1777438925.0,1777438925.0,1777438927.0,9.0,1.1613,1,0
baseline,2,8,stress_mixed,stress,mixed,k3s-worker-3,matched_round_robin_and_pin,k3s-worker-4,1,0,/Users/finleyaf/Documents/COMP3931 Individual Project/project_folder/scheduler-prediction/online/results/stage_c_pi_guarded_retry_20260429_004010/decision_artifacts/baseline/memory-lite-pod-baseline-stress-mixed-t8_snapshot.csv,,75.0,96.0,,,,,,,,,memory-lite-pod-baseline-stress-mixed-t8,memory-lite,k3s-worker-4,1.0,2.0,3.0,1777439040.0,1777439041.0,1777439043.0,9.0,1.1613,1,0
baseline,2,8,stress_mixed,stress,mixed,k3s-worker-3,matched_round_robin_and_pin,raspberrypi,1,0,/Users/finleyaf/Documents/COMP3931 Individual Project/project_folder/scheduler-prediction/online/results/stage_c_pi_guarded_retry_20260429_004010/decision_artifacts/baseline/mixed-lite-pod-baseline-stress-mixed-t8_snapshot.csv,,100.0,64.0,,,,,,,,,mixed-lite-pod-baseline-stress-mixed-t8,mixed-lite,raspberrypi,0.0,,,1777439162.0,1777439162.0,,3.0,0.4,0,0
baseline,1,9,normal,normal,,,matched_round_robin_and_pin,k3s-worker-2,1,,/Users/finleyaf/Documents/COMP3931 Individual Project/project_folder/scheduler-prediction/online/results/stage_c_pi_guarded_retry_20260429_004010/decision_artifacts/baseline/cpu-pod-baseline-normal-t9_snapshot.csv,,250.0,64.0,,,,,,,,,cpu-pod-baseline-normal-t9,cpu,k3s-worker-2,1.0,1.0,2.0,1777439206.0,1777439207.0,1777439208.0,36.0,1.7778,1,1
baseline,1,9,normal,normal,,,matched_round_robin_and_pin,k3s-worker-3,1,,/Users/finleyaf/Documents/COMP3931 Individual Project/project_folder/scheduler-prediction/online/results/stage_c_pi_guarded_retry_20260429_004010/decision_artifacts/baseline/memory-pod-baseline-normal-t9_snapshot.csv,,100.0,256.0,,,,,,,,,memory-pod-baseline-normal-t9,memory,k3s-worker-3,0.0,1.0,1.0,1777439328.0,1777439328.0,1777439329.0,8.0,1.1034,1,0
baseline,1,9,normal,normal,,,matched_round_robin_and_pin,k3s-worker-4,1,,/Users/finleyaf/Documents/COMP3931 Individual Project/project_folder/scheduler-prediction/online/results/stage_c_pi_guarded_retry_20260429_004010/decision_artifacts/baseline/mixed-pod-baseline-normal-t9_snapshot.csv,,200.0,128.0,,,,,,,,,mixed-pod-baseline-normal-t9,mixed,k3s-worker-4,0.0,1.0,1.0,1777439449.0,1777439449.0,1777439450.0,12.0,1.3714,1,1
baseline,1,9,normal,normal,,,matched_round_robin_and_pin,raspberrypi,1,,/Users/finleyaf/Documents/COMP3931 Individual Project/project_folder/scheduler-prediction/online/results/stage_c_pi_guarded_retry_20260429_004010/decision_artifacts/baseline/cpu-lite-pod-baseline-normal-t9_snapshot.csv,,100.0,32.0,,,,,,,,,cpu-lite-pod-baseline-normal-t9,cpu-lite,raspberrypi,0.0,,,1777439570.0,1777439570.0,,3.0,0.3871,0,0
baseline,1,9,normal,normal,,,matched_round_robin_and_pin,k3s-worker-2,1,,/Users/finleyaf/Documents/COMP3931 Individual Project/project_folder/scheduler-prediction/online/results/stage_c_pi_guarded_retry_20260429_004010/decision_artifacts/baseline/memory-lite-pod-baseline-normal-t9_snapshot.csv,,75.0,96.0,,,,,,,,,memory-lite-pod-baseline-normal-t9,memory-lite,k3s-worker-2,0.0,1.0,1.0,1777439663.0,1777439663.0,1777439664.0,10.0,1.2903,1,1
baseline,1,9,normal,normal,,,matched_round_robin_and_pin,k3s-worker-3,1,,/Users/finleyaf/Documents/COMP3931 Individual Project/project_folder/scheduler-prediction/online/results/stage_c_pi_guarded_retry_20260429_004010/decision_artifacts/baseline/mixed-lite-pod-baseline-normal-t9_snapshot.csv,,100.0,64.0,,,,,,,,,mixed-lite-pod-baseline-normal-t9,mixed-lite,k3s-worker-3,0.0,1.0,1.0,1777439783.0,1777439783.0,1777439784.0,8.0,1.0667,0,0
baseline,1,9,stress_cpu,stress,cpu,k3s-worker-2,matched_round_robin_and_pin,k3s-worker-2,1,1,/Users/finleyaf/Documents/COMP3931 Individual Project/project_folder/scheduler-prediction/online/results/stage_c_pi_guarded_retry_20260429_004010/decision_artifacts/baseline/cpu-pod-baseline-stress-cpu-t9_snapshot.csv,,250.0,64.0,,,,,,,,,cpu-pod-baseline-stress-cpu-t9,cpu,k3s-worker-2,0.0,2.0,2.0,1777439926.0,1777439926.0,1777439928.0,59.0,3.0256,1,1
baseline,1,9,stress_cpu,stress,cpu,k3s-worker-2,matched_round_robin_and_pin,k3s-worker-3,1,0,/Users/finleyaf/Documents/COMP3931 Individual Project/project_folder/scheduler-prediction/online/results/stage_c_pi_guarded_retry_20260429_004010/decision_artifacts/baseline/memory-pod-baseline-stress-cpu-t9_snapshot.csv,,100.0,256.0,,,,,,,,,memory-pod-baseline-stress-cpu-t9,memory,k3s-worker-3,0.0,2.0,2.0,1777440046.0,1777440046.0,1777440048.0,23.0,1.6429,1,1
baseline,1,9,stress_cpu,stress,cpu,k3s-worker-2,matched_round_robin_and_pin,k3s-worker-4,1,0,/Users/finleyaf/Documents/COMP3931 Individual Project/project_folder/scheduler-prediction/online/results/stage_c_pi_guarded_retry_20260429_004010/decision_artifacts/baseline/mixed-pod-baseline-stress-cpu-t9_snapshot.csv,,200.0,128.0,,,,,,,,,mixed-pod-baseline-stress-cpu-t9,mixed,k3s-worker-4,0.0,2.0,2.0,1777440165.0,1777440165.0,1777440167.0,8.0,1.1429,1,0
baseline,1,9,stress_cpu,stress,cpu,k3s-worker-2,matched_round_robin_and_pin,k3s-worker-3,1,0,/Users/finleyaf/Documents/COMP3931 Individual Project/project_folder/scheduler-prediction/online/results/stage_c_pi_guarded_retry_20260429_004010/decision_artifacts/baseline/cpu-lite-pod-baseline-stress-cpu-t9_snapshot.csv,,100.0,32.0,,,,,,,,,cpu-lite-pod-baseline-stress-cpu-t9,cpu-lite,k3s-worker-3,0.0,1.0,1.0,1777440291.0,1777440291.0,1777440292.0,9.0,1.2414,1,0
baseline,1,9,stress_cpu,stress,cpu,k3s-worker-2,matched_round_robin_and_pin,k3s-worker-4,1,0,/Users/finleyaf/Documents/COMP3931 Individual Project/project_folder/scheduler-prediction/online/results/stage_c_pi_guarded_retry_20260429_004010/decision_artifacts/baseline/memory-lite-pod-baseline-stress-cpu-t9_snapshot.csv,,75.0,96.0,,,,,,,,,memory-lite-pod-baseline-stress-cpu-t9,memory-lite,k3s-worker-4,0.0,2.0,2.0,1777440420.0,1777440420.0,1777440422.0,11.0,1.375,1,1
baseline,1,9,stress_cpu,stress,cpu,k3s-worker-2,matched_round_robin_and_pin,raspberrypi,1,0,/Users/finleyaf/Documents/COMP3931 Individual Project/project_folder/scheduler-prediction/online/results/stage_c_pi_guarded_retry_20260429_004010/decision_artifacts/baseline/mixed-lite-pod-baseline-stress-cpu-t9_snapshot.csv,,100.0,64.0,,,,,,,,,mixed-lite-pod-baseline-stress-cpu-t9,mixed-lite,raspberrypi,0.0,,,1777440544.0,1777440544.0,,3.0,0.4,0,0
baseline,1,9,stress_memory,stress,memory,k3s-worker-3,matched_round_robin_and_pin,k3s-worker-2,1,0,/Users/finleyaf/Documents/COMP3931 Individual Project/project_folder/scheduler-prediction/online/results/stage_c_pi_guarded_retry_20260429_004010/decision_artifacts/baseline/cpu-pod-baseline-stress-memory-t9_snapshot.csv,,250.0,64.0,,,,,,,,,cpu-pod-baseline-stress-memory-t9,cpu,k3s-worker-2,0.0,1.0,1.0,1777440667.0,1777440667.0,1777440668.0,10.0,0.4878,0,0
baseline,1,9,stress_memory,stress,memory,k3s-worker-3,matched_round_robin_and_pin,k3s-worker-3,1,1,/Users/finleyaf/Documents/COMP3931 Individual Project/project_folder/scheduler-prediction/online/results/stage_c_pi_guarded_retry_20260429_004010/decision_artifacts/baseline/memory-pod-baseline-stress-memory-t9_snapshot.csv,,100.0,256.0,,,,,,,,,memory-pod-baseline-stress-memory-t9,memory,k3s-worker-3,0.0,6.0,6.0,1777440800.0,1777440800.0,1777440806.0,20.0,2.0513,1,1
baseline,1,9,stress_memory,stress,memory,k3s-worker-3,matched_round_robin_and_pin,k3s-worker-4,1,0,/Users/finleyaf/Documents/COMP3931 Individual Project/project_folder/scheduler-prediction/online/results/stage_c_pi_guarded_retry_20260429_004010/decision_artifacts/baseline/mixed-pod-baseline-stress-memory-t9_snapshot.csv,,200.0,128.0,,,,,,,,,mixed-pod-baseline-stress-memory-t9,mixed,k3s-worker-4,0.0,1.0,1.0,1777440929.0,1777440929.0,1777440930.0,9.0,0.973,0,0
baseline,1,9,stress_memory,stress,memory,k3s-worker-3,matched_round_robin_and_pin,raspberrypi,1,0,/Users/finleyaf/Documents/COMP3931 Individual Project/project_folder/scheduler-prediction/online/results/stage_c_pi_guarded_retry_20260429_004010/decision_artifacts/baseline/cpu-lite-pod-baseline-stress-memory-t9_snapshot.csv,,100.0,32.0,,,,,,,,,cpu-lite-pod-baseline-stress-memory-t9,cpu-lite,raspberrypi,0.0,,,1777441049.0,1777441049.0,,4.0,0.3721,0,0
baseline,1,9,stress_memory,stress,memory,k3s-worker-3,matched_round_robin_and_pin,k3s-worker-2,1,0,/Users/finleyaf/Documents/COMP3931 Individual Project/project_folder/scheduler-prediction/online/results/stage_c_pi_guarded_retry_20260429_004010/decision_artifacts/baseline/memory-lite-pod-baseline-stress-memory-t9_snapshot.csv,,75.0,96.0,,,,,,,,,memory-lite-pod-baseline-stress-memory-t9,memory-lite,k3s-worker-2,0.0,1.0,1.0,1777441140.0,1777441140.0,1777441141.0,15.0,1.6667,1,1
baseline,1,9,stress_memory,stress,memory,k3s-worker-3,matched_round_robin_and_pin,k3s-worker-3,1,1,/Users/finleyaf/Documents/COMP3931 Individual Project/project_folder/scheduler-prediction/online/results/stage_c_pi_guarded_retry_20260429_004010/decision_artifacts/baseline/mixed-lite-pod-baseline-stress-memory-t9_snapshot.csv,,100.0,64.0,,,,,,,,,mixed-lite-pod-baseline-stress-memory-t9,mixed-lite,k3s-worker-3,0.0,1.0,1.0,1777441259.0,1777441259.0,1777441260.0,11.0,1.2222,1,0
baseline,1,9,stress_mixed,stress,mixed,k3s-worker-4,matched_round_robin_and_pin,k3s-worker-2,1,0,/Users/finleyaf/Documents/COMP3931 Individual Project/project_folder/scheduler-prediction/online/results/stage_c_pi_guarded_retry_20260429_004010/decision_artifacts/baseline/cpu-pod-baseline-stress-mixed-t9_snapshot.csv,,250.0,64.0,,,,,,,,,cpu-pod-baseline-stress-mixed-t9,cpu,k3s-worker-2,0.0,2.0,2.0,1777441409.0,1777441409.0,1777441411.0,9.0,0.3871,0,0
baseline,1,9,stress_mixed,stress,mixed,k3s-worker-4,matched_round_robin_and_pin,k3s-worker-3,1,0,/Users/finleyaf/Documents/COMP3931 Individual Project/project_folder/scheduler-prediction/online/results/stage_c_pi_guarded_retry_20260429_004010/decision_artifacts/baseline/memory-pod-baseline-stress-mixed-t9_snapshot.csv,,100.0,256.0,,,,,,,,,memory-pod-baseline-stress-mixed-t9,memory,k3s-worker-3,0.0,1.0,1.0,1777441529.0,1777441529.0,1777441530.0,9.0,0.6792,0,0
baseline,1,9,stress_mixed,stress,mixed,k3s-worker-4,matched_round_robin_and_pin,k3s-worker-4,1,1,/Users/finleyaf/Documents/COMP3931 Individual Project/project_folder/scheduler-prediction/online/results/stage_c_pi_guarded_retry_20260429_004010/decision_artifacts/baseline/mixed-pod-baseline-stress-mixed-t9_snapshot.csv,,200.0,128.0,,,,,,,,,mixed-pod-baseline-stress-mixed-t9,mixed,k3s-worker-4,0.0,1.0,1.0,1777441648.0,1777441648.0,1777441649.0,9.0,0.973,0,0
baseline,1,9,stress_mixed,stress,mixed,k3s-worker-4,matched_round_robin_and_pin,k3s-worker-3,1,0,/Users/finleyaf/Documents/COMP3931 Individual Project/project_folder/scheduler-prediction/online/results/stage_c_pi_guarded_retry_20260429_004010/decision_artifacts/baseline/cpu-lite-pod-baseline-stress-mixed-t9_snapshot.csv,,100.0,32.0,,,,,,,,,cpu-lite-pod-baseline-stress-mixed-t9,cpu-lite,k3s-worker-3,0.0,2.0,2.0,1777441767.0,1777441767.0,1777441769.0,8.0,0.8,0,0
baseline,1,9,stress_mixed,stress,mixed,k3s-worker-4,matched_round_robin_and_pin,k3s-worker-4,1,1,/Users/finleyaf/Documents/COMP3931 Individual Project/project_folder/scheduler-prediction/online/results/stage_c_pi_guarded_retry_20260429_004010/decision_artifacts/baseline/memory-lite-pod-baseline-stress-mixed-t9_snapshot.csv,,75.0,96.0,,,,,,,,,memory-lite-pod-baseline-stress-mixed-t9,memory-lite,k3s-worker-4,0.0,1.0,1.0,1777441889.0,1777441889.0,1777441890.0,9.0,1.0,0,0
baseline,1,9,stress_mixed,stress,mixed,k3s-worker-4,matched_round_robin_and_pin,raspberrypi,1,0,/Users/finleyaf/Documents/COMP3931 Individual Project/project_folder/scheduler-prediction/online/results/stage_c_pi_guarded_retry_20260429_004010/decision_artifacts/baseline/mixed-lite-pod-baseline-stress-mixed-t9_snapshot.csv,,100.0,64.0,,,,,,,,,mixed-lite-pod-baseline-stress-mixed-t9,mixed-lite,raspberrypi,0.0,,,1777442007.0,1777442007.0,,3.0,0.3636,0,0
baseline,2,10,normal,normal,,,matched_round_robin_and_pin,k3s-worker-2,1,,/Users/finleyaf/Documents/COMP3931 Individual Project/project_folder/scheduler-prediction/online/results/stage_c_pi_guarded_retry_20260429_004010/decision_artifacts/baseline/cpu-pod-baseline-normal-t10_snapshot.csv,,250.0,64.0,,,,,,,,,cpu-pod-baseline-normal-t10,cpu,k3s-worker-2,0.0,2.0,2.0,1777442168.0,1777442168.0,1777442170.0,16.0,1.6842,1,1
baseline,2,10,normal,normal,,,matched_round_robin_and_pin,k3s-worker-3,1,,/Users/finleyaf/Documents/COMP3931 Individual Project/project_folder/scheduler-prediction/online/results/stage_c_pi_guarded_retry_20260429_004010/decision_artifacts/baseline/memory-pod-baseline-normal-t10_snapshot.csv,,100.0,256.0,,,,,,,,,memory-pod-baseline-normal-t10,memory,k3s-worker-3,0.0,2.0,2.0,1777442286.0,1777442286.0,1777442288.0,8.0,0.8889,0,0
baseline,2,10,normal,normal,,,matched_round_robin_and_pin,k3s-worker-4,1,,/Users/finleyaf/Documents/COMP3931 Individual Project/project_folder/scheduler-prediction/online/results/stage_c_pi_guarded_retry_20260429_004010/decision_artifacts/baseline/mixed-pod-baseline-normal-t10_snapshot.csv,,200.0,128.0,,,,,,,,,mixed-pod-baseline-normal-t10,mixed,k3s-worker-4,0.0,4.0,4.0,1777442404.0,1777442404.0,1777442408.0,9.0,1.2,1,0
baseline,2,10,normal,normal,,,matched_round_robin_and_pin,raspberrypi,1,,/Users/finleyaf/Documents/COMP3931 Individual Project/project_folder/scheduler-prediction/online/results/stage_c_pi_guarded_retry_20260429_004010/decision_artifacts/baseline/cpu-lite-pod-baseline-normal-t10_snapshot.csv,,100.0,32.0,,,,,,,,,cpu-lite-pod-baseline-normal-t10,cpu-lite,raspberrypi,0.0,,,1777442530.0,1777442530.0,,2.0,0.2286,0,0
baseline,2,10,normal,normal,,,matched_round_robin_and_pin,k3s-worker-2,1,,/Users/finleyaf/Documents/COMP3931 Individual Project/project_folder/scheduler-prediction/online/results/stage_c_pi_guarded_retry_20260429_004010/decision_artifacts/baseline/memory-lite-pod-baseline-normal-t10_snapshot.csv,,75.0,96.0,,,,,,,,,memory-lite-pod-baseline-normal-t10,memory-lite,k3s-worker-2,0.0,2.0,2.0,1777442623.0,1777442623.0,1777442625.0,10.0,1.0256,0,0
baseline,2,10,normal,normal,,,matched_round_robin_and_pin,k3s-worker-3,1,,/Users/finleyaf/Documents/COMP3931 Individual Project/project_folder/scheduler-prediction/online/results/stage_c_pi_guarded_retry_20260429_004010/decision_artifacts/baseline/mixed-lite-pod-baseline-normal-t10_snapshot.csv,,100.0,64.0,,,,,,,,,mixed-lite-pod-baseline-normal-t10,mixed-lite,k3s-worker-3,0.0,2.0,2.0,1777442741.0,1777442741.0,1777442743.0,8.0,0.8649,0,0
baseline,2,10,stress_cpu,stress,cpu,k3s-worker-3,matched_round_robin_and_pin,k3s-worker-2,1,0,/Users/finleyaf/Documents/COMP3931 Individual Project/project_folder/scheduler-prediction/online/results/stage_c_pi_guarded_retry_20260429_004010/decision_artifacts/baseline/cpu-pod-baseline-stress-cpu-t10_snapshot.csv,,250.0,64.0,,,,,,,,,cpu-pod-baseline-stress-cpu-t10,cpu,k3s-worker-2,0.0,2.0,2.0,1777442884.0,1777442884.0,1777442886.0,10.0,0.9302,0,0
baseline,2,10,stress_cpu,stress,cpu,k3s-worker-3,matched_round_robin_and_pin,k3s-worker-3,1,1,/Users/finleyaf/Documents/COMP3931 Individual Project/project_folder/scheduler-prediction/online/results/stage_c_pi_guarded_retry_20260429_004010/decision_artifacts/baseline/memory-pod-baseline-stress-cpu-t10_snapshot.csv,,100.0,256.0,,,,,,,,,memory-pod-baseline-stress-cpu-t10,memory,k3s-worker-3,0.0,1.0,1.0,1777443006.0,1777443006.0,1777443007.0,8.0,1.0667,0,0
baseline,2,10,stress_cpu,stress,cpu,k3s-worker-3,matched_round_robin_and_pin,k3s-worker-4,1,0,/Users/finleyaf/Documents/COMP3931 Individual Project/project_folder/scheduler-prediction/online/results/stage_c_pi_guarded_retry_20260429_004010/decision_artifacts/baseline/mixed-pod-baseline-stress-cpu-t10_snapshot.csv,,200.0,128.0,,,,,,,,,mixed-pod-baseline-stress-cpu-t10,mixed,k3s-worker-4,0.0,1.0,1.0,1777443127.0,1777443127.0,1777443128.0,9.0,1.125,1,0
baseline,2,10,stress_cpu,stress,cpu,k3s-worker-3,matched_round_robin_and_pin,k3s-worker-3,1,1,/Users/finleyaf/Documents/COMP3931 Individual Project/project_folder/scheduler-prediction/online/results/stage_c_pi_guarded_retry_20260429_004010/decision_artifacts/baseline/cpu-lite-pod-baseline-stress-cpu-t10_snapshot.csv,,100.0,32.0,,,,,,,,,cpu-lite-pod-baseline-stress-cpu-t10,cpu-lite,k3s-worker-3,0.0,1.0,1.0,1777443250.0,1777443250.0,1777443251.0,9.0,1.0588,0,0
baseline,2,10,stress_cpu,stress,cpu,k3s-worker-3,matched_round_robin_and_pin,k3s-worker-4,1,0,/Users/finleyaf/Documents/COMP3931 Individual Project/project_folder/scheduler-prediction/online/results/stage_c_pi_guarded_retry_20260429_004010/decision_artifacts/baseline/memory-lite-pod-baseline-stress-cpu-t10_snapshot.csv,,75.0,96.0,,,,,,,,,memory-lite-pod-baseline-stress-cpu-t10,memory-lite,k3s-worker-4,1.0,1.0,2.0,1777443370.0,1777443371.0,1777443372.0,10.0,1.0811,0,0
baseline,2,10,stress_cpu,stress,cpu,k3s-worker-3,matched_round_robin_and_pin,raspberrypi,1,0,/Users/finleyaf/Documents/COMP3931 Individual Project/project_folder/scheduler-prediction/online/results/stage_c_pi_guarded_retry_20260429_004010/decision_artifacts/baseline/mixed-lite-pod-baseline-stress-cpu-t10_snapshot.csv,,100.0,64.0,,,,,,,,,mixed-lite-pod-baseline-stress-cpu-t10,mixed-lite,raspberrypi,0.0,,,1777443491.0,1777443491.0,,3.0,0.3429,0,0
baseline,2,10,stress_memory,stress,memory,k3s-worker-4,matched_round_robin_and_pin,k3s-worker-2,1,0,/Users/finleyaf/Documents/COMP3931 Individual Project/project_folder/scheduler-prediction/online/results/stage_c_pi_guarded_retry_20260429_004010/decision_artifacts/baseline/cpu-pod-baseline-stress-memory-t10_snapshot.csv,,250.0,64.0,,,,,,,,,cpu-pod-baseline-stress-memory-t10,cpu,k3s-worker-2,0.0,2.0,2.0,1777443616.0,1777443616.0,1777443618.0,10.0,0.7547,0,0
baseline,2,10,stress_memory,stress,memory,k3s-worker-4,matched_round_robin_and_pin,k3s-worker-3,1,0,/Users/finleyaf/Documents/COMP3931 Individual Project/project_folder/scheduler-prediction/online/results/stage_c_pi_guarded_retry_20260429_004010/decision_artifacts/baseline/memory-pod-baseline-stress-memory-t10_snapshot.csv,,100.0,256.0,,,,,,,,,memory-pod-baseline-stress-memory-t10,memory,k3s-worker-3,0.0,2.0,2.0,1777443744.0,1777443744.0,1777443746.0,9.0,1.0909,0,0
baseline,2,10,stress_memory,stress,memory,k3s-worker-4,matched_round_robin_and_pin,k3s-worker-4,1,1,/Users/finleyaf/Documents/COMP3931 Individual Project/project_folder/scheduler-prediction/online/results/stage_c_pi_guarded_retry_20260429_004010/decision_artifacts/baseline/mixed-pod-baseline-stress-memory-t10_snapshot.csv,,200.0,128.0,,,,,,,,,mixed-pod-baseline-stress-memory-t10,mixed,k3s-worker-4,0.0,1.0,1.0,1777443858.0,1777443858.0,1777443859.0,8.0,1.1429,1,0
baseline,2,10,stress_memory,stress,memory,k3s-worker-4,matched_round_robin_and_pin,raspberrypi,1,0,/Users/finleyaf/Documents/COMP3931 Individual Project/project_folder/scheduler-prediction/online/results/stage_c_pi_guarded_retry_20260429_004010/decision_artifacts/baseline/cpu-lite-pod-baseline-stress-memory-t10_snapshot.csv,,100.0,32.0,,,,,,,,,cpu-lite-pod-baseline-stress-memory-t10,cpu-lite,raspberrypi,0.0,,,1777443977.0,1777443977.0,,3.0,0.3529,0,0
baseline,2,10,stress_memory,stress,memory,k3s-worker-4,matched_round_robin_and_pin,k3s-worker-2,1,0,/Users/finleyaf/Documents/COMP3931 Individual Project/project_folder/scheduler-prediction/online/results/stage_c_pi_guarded_retry_20260429_004010/decision_artifacts/baseline/memory-lite-pod-baseline-stress-memory-t10_snapshot.csv,,75.0,96.0,,,,,,,,,memory-lite-pod-baseline-stress-memory-t10,memory-lite,k3s-worker-2,0.0,2.0,2.0,1777444043.0,1777444043.0,1777444045.0,9.0,1.2414,1,0
baseline,2,10,stress_memory,stress,memory,k3s-worker-4,matched_round_robin_and_pin,k3s-worker-3,1,0,/Users/finleyaf/Documents/COMP3931 Individual Project/project_folder/scheduler-prediction/online/results/stage_c_pi_guarded_retry_20260429_004010/decision_artifacts/baseline/mixed-lite-pod-baseline-stress-memory-t10_snapshot.csv,,100.0,64.0,,,,,,,,,mixed-lite-pod-baseline-stress-memory-t10,mixed-lite,k3s-worker-3,0.0,2.0,2.0,1777444135.0,1777444135.0,1777444137.0,8.0,1.1034,1,0
baseline,2,10,stress_mixed,stress,mixed,raspberrypi,matched_round_robin_and_pin,k3s-worker-2,1,0,/Users/finleyaf/Documents/COMP3931 Individual Project/project_folder/scheduler-prediction/online/results/stage_c_pi_guarded_retry_20260429_004010/decision_artifacts/baseline/cpu-pod-baseline-stress-mixed-t10_snapshot.csv,,250.0,64.0,,,,,,,,,cpu-pod-baseline-stress-mixed-t10,cpu,k3s-worker-2,0.0,1.0,1.0,1777444281.0,1777444281.0,1777444282.0,10.0,0.5,0,0
baseline,2,10,stress_mixed,stress,mixed,raspberrypi,matched_round_robin_and_pin,k3s-worker-3,1,0,/Users/finleyaf/Documents/COMP3931 Individual Project/project_folder/scheduler-prediction/online/results/stage_c_pi_guarded_retry_20260429_004010/decision_artifacts/baseline/memory-pod-baseline-stress-mixed-t10_snapshot.csv,,100.0,256.0,,,,,,,,,memory-pod-baseline-stress-mixed-t10,memory,k3s-worker-3,0.0,1.0,1.0,1777444398.0,1777444398.0,1777444399.0,8.0,1.1034,1,0
baseline,2,10,stress_mixed,stress,mixed,raspberrypi,matched_round_robin_and_pin,k3s-worker-4,1,0,/Users/finleyaf/Documents/COMP3931 Individual Project/project_folder/scheduler-prediction/online/results/stage_c_pi_guarded_retry_20260429_004010/decision_artifacts/baseline/mixed-pod-baseline-stress-mixed-t10_snapshot.csv,,200.0,128.0,,,,,,,,,mixed-pod-baseline-stress-mixed-t10,mixed,k3s-worker-4,0.0,2.0,2.0,1777444513.0,1777444513.0,1777444515.0,10.0,0.9302,0,0
baseline,2,10,stress_mixed,stress,mixed,raspberrypi,matched_round_robin_and_pin,k3s-worker-3,1,0,/Users/finleyaf/Documents/COMP3931 Individual Project/project_folder/scheduler-prediction/online/results/stage_c_pi_guarded_retry_20260429_004010/decision_artifacts/baseline/cpu-lite-pod-baseline-stress-mixed-t10_snapshot.csv,,100.0,32.0,,,,,,,,,cpu-lite-pod-baseline-stress-mixed-t10,cpu-lite,k3s-worker-3,0.0,1.0,1.0,1777444634.0,1777444634.0,1777444635.0,10.0,1.1429,1,0
baseline,2,10,stress_mixed,stress,mixed,raspberrypi,matched_round_robin_and_pin,k3s-worker-4,1,0,/Users/finleyaf/Documents/COMP3931 Individual Project/project_folder/scheduler-prediction/online/results/stage_c_pi_guarded_retry_20260429_004010/decision_artifacts/baseline/memory-lite-pod-baseline-stress-mixed-t10_snapshot.csv,,75.0,96.0,,,,,,,,,memory-lite-pod-baseline-stress-mixed-t10,memory-lite,k3s-worker-4,0.0,1.0,1.0,1777444755.0,1777444755.0,1777444756.0,10.0,1.0526,0,0
baseline,2,10,stress_mixed,stress,mixed,raspberrypi,matched_round_robin_and_pin,raspberrypi,1,1,/Users/finleyaf/Documents/COMP3931 Individual Project/project_folder/scheduler-prediction/online/results/stage_c_pi_guarded_retry_20260429_004010/decision_artifacts/baseline/mixed-lite-pod-baseline-stress-mixed-t10_snapshot.csv,,100.0,64.0,,,,,,,,,mixed-lite-pod-baseline-stress-mixed-t10,mixed-lite,raspberrypi,0.0,,,1777444875.0,1777444875.0,,3.0,0.3871,0,0
