arm,arm_order,trial,phase_name,phase_kind,stress_profile,stress_target,decision_mode,expected_node,expected_node_match,placed_on_stress_target,snapshot_path,ranking_path,workload_cpu_m,workload_memory_mib,decision_total_score,decision_predicted_load,decision_base_predicted_load,decision_anomaly_risk,decision_cpu_request_fraction,decision_memory_request_fraction,decision_capacity_penalty,decision_prediction_source,pod_name,workload_type,node,scheduling_latency_s,startup_time_s,total_time_s,creation_time,scheduled_time,started_time,chosen_observed_cpu,chosen_relative_cpu,high_contention,chosen_label
custom,2,1,normal,normal,,,rank_and_pin,k3s-worker-2,1,,/Users/finleyaf/Documents/COMP3931 Individual Project/project_folder/scheduler-prediction/online/results/stage_c_pi_guarded_retry_20260429_004010/decision_artifacts/custom/cpu-pod-custom-normal-t1_snapshot.csv,/Users/finleyaf/Documents/COMP3931 Individual Project/project_folder/scheduler-prediction/online/results/stage_c_pi_guarded_retry_20260429_004010/decision_artifacts/custom/cpu-pod-custom-normal-t1_ranking.json,250.0,64.0,0.2372,0.2633,0.1383,0.0022,0.125,0.0326,0.125,model,cpu-pod-custom-normal-t1,cpu,k3s-worker-2,0.0,2.0,2.0,1777416134.0,1777416134.0,1777416136.0,9.0,1.2,1,0
custom,2,1,normal,normal,,,rank_and_pin,k3s-worker-2,1,,/Users/finleyaf/Documents/COMP3931 Individual Project/project_folder/scheduler-prediction/online/results/stage_c_pi_guarded_retry_20260429_004010/decision_artifacts/custom/memory-pod-custom-normal-t1_snapshot.csv,/Users/finleyaf/Documents/COMP3931 Individual Project/project_folder/scheduler-prediction/online/results/stage_c_pi_guarded_retry_20260429_004010/decision_artifacts/custom/memory-pod-custom-normal-t1_ranking.json,100.0,256.0,0.2295,0.255,0.1247,0.0,0.05,0.1303,0.1303,model,memory-pod-custom-normal-t1,memory,k3s-worker-2,0.0,1.0,1.0,1777416246.0,1777416246.0,1777416247.0,9.0,1.1613,1,0
custom,2,1,normal,normal,,,rank_and_pin,k3s-worker-4,1,,/Users/finleyaf/Documents/COMP3931 Individual Project/project_folder/scheduler-prediction/online/results/stage_c_pi_guarded_retry_20260429_004010/decision_artifacts/custom/mixed-pod-custom-normal-t1_snapshot.csv,/Users/finleyaf/Documents/COMP3931 Individual Project/project_folder/scheduler-prediction/online/results/stage_c_pi_guarded_retry_20260429_004010/decision_artifacts/custom/mixed-pod-custom-normal-t1_ranking.json,200.0,128.0,0.218,0.2422,0.1422,0.0,0.1,0.0651,0.1,model,mixed-pod-custom-normal-t1,mixed,k3s-worker-4,0.0,2.0,2.0,1777416362.0,1777416362.0,1777416364.0,10.0,1.25,1,1
custom,2,1,normal,normal,,,rank_and_pin,k3s-worker-2,1,,/Users/finleyaf/Documents/COMP3931 Individual Project/project_folder/scheduler-prediction/online/results/stage_c_pi_guarded_retry_20260429_004010/decision_artifacts/custom/cpu-lite-pod-custom-normal-t1_snapshot.csv,/Users/finleyaf/Documents/COMP3931 Individual Project/project_folder/scheduler-prediction/online/results/stage_c_pi_guarded_retry_20260429_004010/decision_artifacts/custom/cpu-lite-pod-custom-normal-t1_ranking.json,100.0,32.0,0.17,0.1889,0.1389,0.0002,0.05,0.0163,0.05,model,cpu-lite-pod-custom-normal-t1,cpu-lite,k3s-worker-2,0.0,2.0,2.0,1777416456.0,1777416456.0,1777416458.0,10.0,1.25,1,1
custom,2,1,normal,normal,,,rank_and_pin,k3s-worker-2,1,,/Users/finleyaf/Documents/COMP3931 Individual Project/project_folder/scheduler-prediction/online/results/stage_c_pi_guarded_retry_20260429_004010/decision_artifacts/custom/memory-lite-pod-custom-normal-t1_snapshot.csv,/Users/finleyaf/Documents/COMP3931 Individual Project/project_folder/scheduler-prediction/online/results/stage_c_pi_guarded_retry_20260429_004010/decision_artifacts/custom/memory-lite-pod-custom-normal-t1_ranking.json,75.0,96.0,0.1612,0.1791,0.1302,0.0,0.0375,0.0489,0.0489,model,memory-lite-pod-custom-normal-t1,memory-lite,k3s-worker-2,0.0,2.0,2.0,1777416578.0,1777416578.0,1777416580.0,12.0,1.4118,1,1
custom,2,1,normal,normal,,,rank_and_pin,k3s-worker-2,1,,/Users/finleyaf/Documents/COMP3931 Individual Project/project_folder/scheduler-prediction/online/results/stage_c_pi_guarded_retry_20260429_004010/decision_artifacts/custom/mixed-lite-pod-custom-normal-t1_snapshot.csv,/Users/finleyaf/Documents/COMP3931 Individual Project/project_folder/scheduler-prediction/online/results/stage_c_pi_guarded_retry_20260429_004010/decision_artifacts/custom/mixed-lite-pod-custom-normal-t1_ranking.json,100.0,64.0,0.1924,0.2138,0.1638,0.0,0.05,0.0326,0.05,model,mixed-lite-pod-custom-normal-t1,mixed-lite,k3s-worker-2,0.0,1.0,1.0,1777416701.0,1777416701.0,1777416702.0,10.0,1.1765,1,0
custom,2,1,stress_cpu,stress,cpu,k3s-worker-2,rank_and_pin,k3s-worker-4,1,0,/Users/finleyaf/Documents/COMP3931 Individual Project/project_folder/scheduler-prediction/online/results/stage_c_pi_guarded_retry_20260429_004010/decision_artifacts/custom/cpu-pod-custom-stress-cpu-t1_snapshot.csv,/Users/finleyaf/Documents/COMP3931 Individual Project/project_folder/scheduler-prediction/online/results/stage_c_pi_guarded_retry_20260429_004010/decision_artifacts/custom/cpu-pod-custom-stress-cpu-t1_ranking.json,250.0,64.0,0.2662,0.2958,0.1708,0.0,0.125,0.0326,0.125,model,cpu-pod-custom-stress-cpu-t1,cpu,k3s-worker-4,0.0,1.0,1.0,1777416849.0,1777416849.0,1777416850.0,9.0,0.8182,0,0
custom,2,1,stress_cpu,stress,cpu,k3s-worker-2,rank_and_pin,k3s-worker-2,1,1,/Users/finleyaf/Documents/COMP3931 Individual Project/project_folder/scheduler-prediction/online/results/stage_c_pi_guarded_retry_20260429_004010/decision_artifacts/custom/memory-pod-custom-stress-cpu-t1_snapshot.csv,/Users/finleyaf/Documents/COMP3931 Individual Project/project_folder/scheduler-prediction/online/results/stage_c_pi_guarded_retry_20260429_004010/decision_artifacts/custom/memory-pod-custom-stress-cpu-t1_ranking.json,100.0,256.0,0.2571,0.2857,0.1554,0.0,0.05,0.1303,0.1303,model,memory-pod-custom-stress-cpu-t1,memory,k3s-worker-2,0.0,1.0,1.0,1777416970.0,1777416970.0,1777416971.0,10.0,1.25,1,1
custom,2,1,stress_cpu,stress,cpu,k3s-worker-2,rank_and_pin,k3s-worker-2,1,1,/Users/finleyaf/Documents/COMP3931 Individual Project/project_folder/scheduler-prediction/online/results/stage_c_pi_guarded_retry_20260429_004010/decision_artifacts/custom/mixed-pod-custom-stress-cpu-t1_snapshot.csv,/Users/finleyaf/Documents/COMP3931 Individual Project/project_folder/scheduler-prediction/online/results/stage_c_pi_guarded_retry_20260429_004010/decision_artifacts/custom/mixed-pod-custom-stress-cpu-t1_ranking.json,200.0,128.0,0.2339,0.2599,0.1599,0.0,0.1,0.0651,0.1,model,mixed-pod-custom-stress-cpu-t1,mixed,k3s-worker-2,0.0,1.0,1.0,1777417094.0,1777417094.0,1777417095.0,10.0,0.9524,0,0
custom,2,1,stress_cpu,stress,cpu,k3s-worker-2,rank_and_pin,k3s-worker-2,1,1,/Users/finleyaf/Documents/COMP3931 Individual Project/project_folder/scheduler-prediction/online/results/stage_c_pi_guarded_retry_20260429_004010/decision_artifacts/custom/cpu-lite-pod-custom-stress-cpu-t1_snapshot.csv,/Users/finleyaf/Documents/COMP3931 Individual Project/project_folder/scheduler-prediction/online/results/stage_c_pi_guarded_retry_20260429_004010/decision_artifacts/custom/cpu-lite-pod-custom-stress-cpu-t1_ranking.json,100.0,32.0,0.1821,0.2023,0.1523,0.0,0.05,0.0163,0.05,model,cpu-lite-pod-custom-stress-cpu-t1,cpu-lite,k3s-worker-2,1.0,1.0,2.0,1777417215.0,1777417216.0,1777417217.0,11.0,1.1579,1,0
custom,2,1,stress_cpu,stress,cpu,k3s-worker-2,rank_and_pin,k3s-worker-2,1,1,/Users/finleyaf/Documents/COMP3931 Individual Project/project_folder/scheduler-prediction/online/results/stage_c_pi_guarded_retry_20260429_004010/decision_artifacts/custom/memory-lite-pod-custom-stress-cpu-t1_snapshot.csv,/Users/finleyaf/Documents/COMP3931 Individual Project/project_folder/scheduler-prediction/online/results/stage_c_pi_guarded_retry_20260429_004010/decision_artifacts/custom/memory-lite-pod-custom-stress-cpu-t1_ranking.json,75.0,96.0,0.1866,0.2074,0.1585,0.0,0.0375,0.0489,0.0489,model,memory-lite-pod-custom-stress-cpu-t1,memory-lite,k3s-worker-2,0.0,2.0,2.0,1777417341.0,1777417341.0,1777417343.0,9.0,1.2,1,0
custom,2,1,stress_cpu,stress,cpu,k3s-worker-2,rank_and_pin,k3s-worker-2,1,1,/Users/finleyaf/Documents/COMP3931 Individual Project/project_folder/scheduler-prediction/online/results/stage_c_pi_guarded_retry_20260429_004010/decision_artifacts/custom/mixed-lite-pod-custom-stress-cpu-t1_snapshot.csv,/Users/finleyaf/Documents/COMP3931 Individual Project/project_folder/scheduler-prediction/online/results/stage_c_pi_guarded_retry_20260429_004010/decision_artifacts/custom/mixed-lite-pod-custom-stress-cpu-t1_ranking.json,100.0,64.0,0.1815,0.2017,0.1517,0.0,0.05,0.0326,0.05,model,mixed-lite-pod-custom-stress-cpu-t1,mixed-lite,k3s-worker-2,0.0,2.0,2.0,1777417434.0,1777417434.0,1777417436.0,9.0,1.2,1,0
custom,2,1,stress_memory,stress,memory,k3s-worker-3,rank_and_pin,k3s-worker-2,1,0,/Users/finleyaf/Documents/COMP3931 Individual Project/project_folder/scheduler-prediction/online/results/stage_c_pi_guarded_retry_20260429_004010/decision_artifacts/custom/cpu-pod-custom-stress-memory-t1_snapshot.csv,/Users/finleyaf/Documents/COMP3931 Individual Project/project_folder/scheduler-prediction/online/results/stage_c_pi_guarded_retry_20260429_004010/decision_artifacts/custom/cpu-pod-custom-stress-memory-t1_ranking.json,250.0,64.0,0.2525,0.2806,0.1556,0.0,0.125,0.0326,0.125,model,cpu-pod-custom-stress-memory-t1,cpu,k3s-worker-2,0.0,2.0,2.0,1777417586.0,1777417586.0,1777417588.0,17.0,1.3077,1,1
custom,2,1,stress_memory,stress,memory,k3s-worker-3,rank_and_pin,k3s-worker-4,1,0,/Users/finleyaf/Documents/COMP3931 Individual Project/project_folder/scheduler-prediction/online/results/stage_c_pi_guarded_retry_20260429_004010/decision_artifacts/custom/memory-pod-custom-stress-memory-t1_snapshot.csv,/Users/finleyaf/Documents/COMP3931 Individual Project/project_folder/scheduler-prediction/online/results/stage_c_pi_guarded_retry_20260429_004010/decision_artifacts/custom/memory-pod-custom-stress-memory-t1_ranking.json,100.0,256.0,0.2546,0.2829,0.1526,0.0,0.05,0.1303,0.1303,model,memory-pod-custom-stress-memory-t1,memory,k3s-worker-4,0.0,1.0,1.0,1777417737.0,1777417737.0,1777417738.0,9.0,0.7826,0,0
custom,2,1,stress_memory,stress,memory,k3s-worker-3,rank_and_pin,k3s-worker-4,1,0,/Users/finleyaf/Documents/COMP3931 Individual Project/project_folder/scheduler-prediction/online/results/stage_c_pi_guarded_retry_20260429_004010/decision_artifacts/custom/mixed-pod-custom-stress-memory-t1_snapshot.csv,/Users/finleyaf/Documents/COMP3931 Individual Project/project_folder/scheduler-prediction/online/results/stage_c_pi_guarded_retry_20260429_004010/decision_artifacts/custom/mixed-pod-custom-stress-memory-t1_ranking.json,200.0,128.0,0.237,0.2633,0.1633,0.0,0.1,0.0651,0.1,model,mixed-pod-custom-stress-memory-t1,mixed,k3s-worker-4,0.0,2.0,2.0,1777417859.0,1777417859.0,1777417861.0,10.0,1.25,1,1
custom,2,1,stress_memory,stress,memory,k3s-worker-3,rank_and_pin,k3s-worker-4,1,0,/Users/finleyaf/Documents/COMP3931 Individual Project/project_folder/scheduler-prediction/online/results/stage_c_pi_guarded_retry_20260429_004010/decision_artifacts/custom/cpu-lite-pod-custom-stress-memory-t1_snapshot.csv,/Users/finleyaf/Documents/COMP3931 Individual Project/project_folder/scheduler-prediction/online/results/stage_c_pi_guarded_retry_20260429_004010/decision_artifacts/custom/cpu-lite-pod-custom-stress-memory-t1_ranking.json,100.0,32.0,0.1956,0.2173,0.1673,0.0,0.05,0.0163,0.05,model,cpu-lite-pod-custom-stress-memory-t1,cpu-lite,k3s-worker-4,0.0,1.0,1.0,1777417956.0,1777417956.0,1777417957.0,9.0,1.125,1,0
custom,2,1,stress_memory,stress,memory,k3s-worker-3,rank_and_pin,k3s-worker-2,1,0,/Users/finleyaf/Documents/COMP3931 Individual Project/project_folder/scheduler-prediction/online/results/stage_c_pi_guarded_retry_20260429_004010/decision_artifacts/custom/memory-lite-pod-custom-stress-memory-t1_snapshot.csv,/Users/finleyaf/Documents/COMP3931 Individual Project/project_folder/scheduler-prediction/online/results/stage_c_pi_guarded_retry_20260429_004010/decision_artifacts/custom/memory-lite-pod-custom-stress-memory-t1_ranking.json,75.0,96.0,0.1799,0.1999,0.151,0.0,0.0375,0.0489,0.0489,model,memory-lite-pod-custom-stress-memory-t1,memory-lite,k3s-worker-2,0.0,2.0,2.0,1777418077.0,1777418077.0,1777418079.0,9.0,1.2,1,0
custom,2,1,stress_memory,stress,memory,k3s-worker-3,rank_and_pin,k3s-worker-2,1,0,/Users/finleyaf/Documents/COMP3931 Individual Project/project_folder/scheduler-prediction/online/results/stage_c_pi_guarded_retry_20260429_004010/decision_artifacts/custom/mixed-lite-pod-custom-stress-memory-t1_snapshot.csv,/Users/finleyaf/Documents/COMP3931 Individual Project/project_folder/scheduler-prediction/online/results/stage_c_pi_guarded_retry_20260429_004010/decision_artifacts/custom/mixed-lite-pod-custom-stress-memory-t1_ranking.json,100.0,64.0,0.2119,0.2354,0.1854,0.0,0.05,0.0326,0.05,model,mixed-lite-pod-custom-stress-memory-t1,mixed-lite,k3s-worker-2,0.0,1.0,1.0,1777418201.0,1777418201.0,1777418202.0,10.0,0.5333,0,0
custom,2,1,stress_mixed,stress,mixed,k3s-worker-4,rank_and_pin,k3s-worker-2,1,0,/Users/finleyaf/Documents/COMP3931 Individual Project/project_folder/scheduler-prediction/online/results/stage_c_pi_guarded_retry_20260429_004010/decision_artifacts/custom/cpu-pod-custom-stress-mixed-t1_snapshot.csv,/Users/finleyaf/Documents/COMP3931 Individual Project/project_folder/scheduler-prediction/online/results/stage_c_pi_guarded_retry_20260429_004010/decision_artifacts/custom/cpu-pod-custom-stress-mixed-t1_ranking.json,250.0,64.0,0.2651,0.2945,0.1695,0.0,0.125,0.0326,0.125,model,cpu-pod-custom-stress-mixed-t1,cpu,k3s-worker-2,0.0,1.0,1.0,1777418353.0,1777418353.0,1777418354.0,10.0,0.8163,0,0
custom,2,1,stress_mixed,stress,mixed,k3s-worker-4,rank_and_pin,k3s-worker-2,1,0,/Users/finleyaf/Documents/COMP3931 Individual Project/project_folder/scheduler-prediction/online/results/stage_c_pi_guarded_retry_20260429_004010/decision_artifacts/custom/memory-pod-custom-stress-mixed-t1_snapshot.csv,/Users/finleyaf/Documents/COMP3931 Individual Project/project_folder/scheduler-prediction/online/results/stage_c_pi_guarded_retry_20260429_004010/decision_artifacts/custom/memory-pod-custom-stress-mixed-t1_ranking.json,100.0,256.0,0.2591,0.2879,0.1576,0.0,0.05,0.1303,0.1303,model,memory-pod-custom-stress-mixed-t1,memory,k3s-worker-2,0.0,2.0,2.0,1777418474.0,1777418474.0,1777418476.0,10.0,0.8889,0,0
custom,2,1,stress_mixed,stress,mixed,k3s-worker-4,rank_and_pin,k3s-worker-2,1,0,/Users/finleyaf/Documents/COMP3931 Individual Project/project_folder/scheduler-prediction/online/results/stage_c_pi_guarded_retry_20260429_004010/decision_artifacts/custom/mixed-pod-custom-stress-mixed-t1_snapshot.csv,/Users/finleyaf/Documents/COMP3931 Individual Project/project_folder/scheduler-prediction/online/results/stage_c_pi_guarded_retry_20260429_004010/decision_artifacts/custom/mixed-pod-custom-stress-mixed-t1_ranking.json,200.0,128.0,0.2496,0.2773,0.1773,0.0,0.1,0.0651,0.1,model,mixed-pod-custom-stress-mixed-t1,mixed,k3s-worker-2,0.0,2.0,2.0,1777418590.0,1777418590.0,1777418592.0,10.0,1.1765,1,0
custom,2,1,stress_mixed,stress,mixed,k3s-worker-4,rank_and_pin,k3s-worker-2,1,0,/Users/finleyaf/Documents/COMP3931 Individual Project/project_folder/scheduler-prediction/online/results/stage_c_pi_guarded_retry_20260429_004010/decision_artifacts/custom/cpu-lite-pod-custom-stress-mixed-t1_snapshot.csv,/Users/finleyaf/Documents/COMP3931 Individual Project/project_folder/scheduler-prediction/online/results/stage_c_pi_guarded_retry_20260429_004010/decision_artifacts/custom/cpu-lite-pod-custom-stress-mixed-t1_ranking.json,100.0,32.0,0.2042,0.2269,0.1769,0.0,0.05,0.0163,0.05,model,cpu-lite-pod-custom-stress-mixed-t1,cpu-lite,k3s-worker-2,0.0,2.0,2.0,1777418710.0,1777418710.0,1777418712.0,9.0,0.9474,0,0
custom,2,1,stress_mixed,stress,mixed,k3s-worker-4,rank_and_pin,k3s-worker-2,1,0,/Users/finleyaf/Documents/COMP3931 Individual Project/project_folder/scheduler-prediction/online/results/stage_c_pi_guarded_retry_20260429_004010/decision_artifacts/custom/memory-lite-pod-custom-stress-mixed-t1_snapshot.csv,/Users/finleyaf/Documents/COMP3931 Individual Project/project_folder/scheduler-prediction/online/results/stage_c_pi_guarded_retry_20260429_004010/decision_artifacts/custom/memory-lite-pod-custom-stress-mixed-t1_ranking.json,75.0,96.0,0.1824,0.2027,0.1538,0.0,0.0375,0.0489,0.0489,model,memory-lite-pod-custom-stress-mixed-t1,memory-lite,k3s-worker-2,0.0,1.0,1.0,1777418837.0,1777418837.0,1777418838.0,9.0,0.973,0,0
custom,2,1,stress_mixed,stress,mixed,k3s-worker-4,rank_and_pin,k3s-worker-2,1,0,/Users/finleyaf/Documents/COMP3931 Individual Project/project_folder/scheduler-prediction/online/results/stage_c_pi_guarded_retry_20260429_004010/decision_artifacts/custom/mixed-lite-pod-custom-stress-mixed-t1_snapshot.csv,/Users/finleyaf/Documents/COMP3931 Individual Project/project_folder/scheduler-prediction/online/results/stage_c_pi_guarded_retry_20260429_004010/decision_artifacts/custom/mixed-lite-pod-custom-stress-mixed-t1_ranking.json,100.0,64.0,0.1896,0.2107,0.1607,0.0,0.05,0.0326,0.05,model,mixed-lite-pod-custom-stress-mixed-t1,mixed-lite,k3s-worker-2,0.0,1.0,1.0,1777418928.0,1777418928.0,1777418929.0,9.0,1.125,1,0
custom,1,2,normal,normal,,,rank_and_pin,k3s-worker-4,1,,/Users/finleyaf/Documents/COMP3931 Individual Project/project_folder/scheduler-prediction/online/results/stage_c_pi_guarded_retry_20260429_004010/decision_artifacts/custom/cpu-pod-custom-normal-t2_snapshot.csv,/Users/finleyaf/Documents/COMP3931 Individual Project/project_folder/scheduler-prediction/online/results/stage_c_pi_guarded_retry_20260429_004010/decision_artifacts/custom/cpu-pod-custom-normal-t2_ranking.json,250.0,64.0,0.2602,0.2891,0.1641,0.0,0.125,0.0326,0.125,model,cpu-pod-custom-normal-t2,cpu,k3s-worker-4,0.0,2.0,2.0,1777418996.0,1777418996.0,1777418998.0,9.0,1.0,0,0
custom,1,2,normal,normal,,,rank_and_pin,k3s-worker-4,1,,/Users/finleyaf/Documents/COMP3931 Individual Project/project_folder/scheduler-prediction/online/results/stage_c_pi_guarded_retry_20260429_004010/decision_artifacts/custom/memory-pod-custom-normal-t2_snapshot.csv,/Users/finleyaf/Documents/COMP3931 Individual Project/project_folder/scheduler-prediction/online/results/stage_c_pi_guarded_retry_20260429_004010/decision_artifacts/custom/memory-pod-custom-normal-t2_ranking.json,100.0,256.0,0.2618,0.2909,0.1606,0.0,0.05,0.1303,0.1303,model,memory-pod-custom-normal-t2,memory,k3s-worker-4,0.0,2.0,2.0,1777419118.0,1777419118.0,1777419120.0,9.0,0.9231,0,0
custom,1,2,normal,normal,,,rank_and_pin,k3s-worker-2,1,,/Users/finleyaf/Documents/COMP3931 Individual Project/project_folder/scheduler-prediction/online/results/stage_c_pi_guarded_retry_20260429_004010/decision_artifacts/custom/mixed-pod-custom-normal-t2_snapshot.csv,/Users/finleyaf/Documents/COMP3931 Individual Project/project_folder/scheduler-prediction/online/results/stage_c_pi_guarded_retry_20260429_004010/decision_artifacts/custom/mixed-pod-custom-normal-t2_ranking.json,200.0,128.0,0.2456,0.2729,0.1729,0.0,0.1,0.0651,0.1,model,mixed-pod-custom-normal-t2,mixed,k3s-worker-2,0.0,2.0,2.0,1777419239.0,1777419239.0,1777419241.0,10.0,1.0,0,0
custom,1,2,normal,normal,,,rank_and_pin,k3s-worker-2,1,,/Users/finleyaf/Documents/COMP3931 Individual Project/project_folder/scheduler-prediction/online/results/stage_c_pi_guarded_retry_20260429_004010/decision_artifacts/custom/cpu-lite-pod-custom-normal-t2_snapshot.csv,/Users/finleyaf/Documents/COMP3931 Individual Project/project_folder/scheduler-prediction/online/results/stage_c_pi_guarded_retry_20260429_004010/decision_artifacts/custom/cpu-lite-pod-custom-normal-t2_ranking.json,100.0,32.0,0.1972,0.2191,0.1691,0.0,0.05,0.0163,0.05,model,cpu-lite-pod-custom-normal-t2,cpu-lite,k3s-worker-2,0.0,2.0,2.0,1777419365.0,1777419365.0,1777419367.0,10.0,1.1429,1,0
custom,1,2,normal,normal,,,rank_and_pin,k3s-worker-4,1,,/Users/finleyaf/Documents/COMP3931 Individual Project/project_folder/scheduler-prediction/online/results/stage_c_pi_guarded_retry_20260429_004010/decision_artifacts/custom/memory-lite-pod-custom-normal-t2_snapshot.csv,/Users/finleyaf/Documents/COMP3931 Individual Project/project_folder/scheduler-prediction/online/results/stage_c_pi_guarded_retry_20260429_004010/decision_artifacts/custom/memory-lite-pod-custom-normal-t2_ranking.json,75.0,96.0,0.1982,0.2203,0.1714,0.0,0.0375,0.0489,0.0489,model,memory-lite-pod-custom-normal-t2,memory-lite,k3s-worker-4,0.0,1.0,1.0,1777419462.0,1777419462.0,1777419463.0,11.0,1.1892,1,0
custom,1,2,normal,normal,,,rank_and_pin,k3s-worker-2,1,,/Users/finleyaf/Documents/COMP3931 Individual Project/project_folder/scheduler-prediction/online/results/stage_c_pi_guarded_retry_20260429_004010/decision_artifacts/custom/mixed-lite-pod-custom-normal-t2_snapshot.csv,/Users/finleyaf/Documents/COMP3931 Individual Project/project_folder/scheduler-prediction/online/results/stage_c_pi_guarded_retry_20260429_004010/decision_artifacts/custom/mixed-lite-pod-custom-normal-t2_ranking.json,100.0,64.0,0.1932,0.2147,0.1647,0.0,0.05,0.0326,0.05,model,mixed-lite-pod-custom-normal-t2,mixed-lite,k3s-worker-2,0.0,1.0,1.0,1777419581.0,1777419581.0,1777419582.0,13.0,1.3684,1,1
custom,1,2,stress_cpu,stress,cpu,k3s-worker-3,rank_and_pin,k3s-worker-4,1,0,/Users/finleyaf/Documents/COMP3931 Individual Project/project_folder/scheduler-prediction/online/results/stage_c_pi_guarded_retry_20260429_004010/decision_artifacts/custom/cpu-pod-custom-stress-cpu-t2_snapshot.csv,/Users/finleyaf/Documents/COMP3931 Individual Project/project_folder/scheduler-prediction/online/results/stage_c_pi_guarded_retry_20260429_004010/decision_artifacts/custom/cpu-pod-custom-stress-cpu-t2_ranking.json,250.0,64.0,0.258,0.2867,0.1617,0.0,0.125,0.0326,0.125,model,cpu-pod-custom-stress-cpu-t2,cpu,k3s-worker-4,1.0,1.0,2.0,1777419722.0,1777419723.0,1777419724.0,9.0,0.439,0,0
custom,1,2,stress_cpu,stress,cpu,k3s-worker-3,rank_and_pin,k3s-worker-4,1,0,/Users/finleyaf/Documents/COMP3931 Individual Project/project_folder/scheduler-prediction/online/results/stage_c_pi_guarded_retry_20260429_004010/decision_artifacts/custom/memory-pod-custom-stress-cpu-t2_snapshot.csv,/Users/finleyaf/Documents/COMP3931 Individual Project/project_folder/scheduler-prediction/online/results/stage_c_pi_guarded_retry_20260429_004010/decision_artifacts/custom/memory-pod-custom-stress-cpu-t2_ranking.json,100.0,256.0,0.2562,0.2847,0.1544,0.0,0.05,0.1303,0.1303,model,memory-pod-custom-stress-cpu-t2,memory,k3s-worker-4,0.0,2.0,2.0,1777419842.0,1777419842.0,1777419844.0,8.0,0.7619,0,0
custom,1,2,stress_cpu,stress,cpu,k3s-worker-3,rank_and_pin,k3s-worker-2,1,0,/Users/finleyaf/Documents/COMP3931 Individual Project/project_folder/scheduler-prediction/online/results/stage_c_pi_guarded_retry_20260429_004010/decision_artifacts/custom/mixed-pod-custom-stress-cpu-t2_snapshot.csv,/Users/finleyaf/Documents/COMP3931 Individual Project/project_folder/scheduler-prediction/online/results/stage_c_pi_guarded_retry_20260429_004010/decision_artifacts/custom/mixed-pod-custom-stress-cpu-t2_ranking.json,200.0,128.0,0.2427,0.2697,0.1697,0.0,0.1,0.0651,0.1,model,mixed-pod-custom-stress-cpu-t2,mixed,k3s-worker-2,0.0,2.0,2.0,1777419962.0,1777419962.0,1777419964.0,12.0,1.4118,1,1
custom,1,2,stress_cpu,stress,cpu,k3s-worker-3,rank_and_pin,k3s-worker-4,1,0,/Users/finleyaf/Documents/COMP3931 Individual Project/project_folder/scheduler-prediction/online/results/stage_c_pi_guarded_retry_20260429_004010/decision_artifacts/custom/cpu-lite-pod-custom-stress-cpu-t2_snapshot.csv,/Users/finleyaf/Documents/COMP3931 Individual Project/project_folder/scheduler-prediction/online/results/stage_c_pi_guarded_retry_20260429_004010/decision_artifacts/custom/cpu-lite-pod-custom-stress-cpu-t2_ranking.json,100.0,32.0,0.2021,0.2246,0.1746,0.0,0.05,0.0163,0.05,model,cpu-lite-pod-custom-stress-cpu-t2,cpu-lite,k3s-worker-4,0.0,2.0,2.0,1777420085.0,1777420085.0,1777420087.0,9.0,1.2,1,0
custom,1,2,stress_cpu,stress,cpu,k3s-worker-3,rank_and_pin,k3s-worker-4,1,0,/Users/finleyaf/Documents/COMP3931 Individual Project/project_folder/scheduler-prediction/online/results/stage_c_pi_guarded_retry_20260429_004010/decision_artifacts/custom/memory-lite-pod-custom-stress-cpu-t2_snapshot.csv,/Users/finleyaf/Documents/COMP3931 Individual Project/project_folder/scheduler-prediction/online/results/stage_c_pi_guarded_retry_20260429_004010/decision_artifacts/custom/memory-lite-pod-custom-stress-cpu-t2_ranking.json,75.0,96.0,0.2059,0.2288,0.1799,0.0,0.0375,0.0489,0.0489,model,memory-lite-pod-custom-stress-cpu-t2,memory-lite,k3s-worker-4,0.0,7.0,7.0,1777420199.0,1777420199.0,1777420206.0,11.0,1.3333,1,1
custom,1,2,stress_cpu,stress,cpu,k3s-worker-3,rank_and_pin,k3s-worker-4,1,0,/Users/finleyaf/Documents/COMP3931 Individual Project/project_folder/scheduler-prediction/online/results/stage_c_pi_guarded_retry_20260429_004010/decision_artifacts/custom/mixed-lite-pod-custom-stress-cpu-t2_snapshot.csv,/Users/finleyaf/Documents/COMP3931 Individual Project/project_folder/scheduler-prediction/online/results/stage_c_pi_guarded_retry_20260429_004010/decision_artifacts/custom/mixed-lite-pod-custom-stress-cpu-t2_ranking.json,100.0,64.0,0.2087,0.2319,0.1819,0.0,0.05,0.0326,0.05,model,mixed-lite-pod-custom-stress-cpu-t2,mixed-lite,k3s-worker-4,0.0,2.0,2.0,1777420315.0,1777420315.0,1777420317.0,15.0,1.5385,1,1
custom,1,2,stress_memory,stress,memory,k3s-worker-4,rank_and_pin,k3s-worker-4,1,1,/Users/finleyaf/Documents/COMP3931 Individual Project/project_folder/scheduler-prediction/online/results/stage_c_pi_guarded_retry_20260429_004010/decision_artifacts/custom/cpu-pod-custom-stress-memory-t2_snapshot.csv,/Users/finleyaf/Documents/COMP3931 Individual Project/project_folder/scheduler-prediction/online/results/stage_c_pi_guarded_retry_20260429_004010/decision_artifacts/custom/cpu-pod-custom-stress-memory-t2_ranking.json,250.0,64.0,0.247,0.2745,0.1495,0.0,0.125,0.0326,0.125,model,cpu-pod-custom-stress-memory-t2,cpu,k3s-worker-4,0.0,2.0,2.0,1777420420.0,1777420420.0,1777420422.0,41.0,2.5625,1,1
custom,1,2,stress_memory,stress,memory,k3s-worker-4,rank_and_pin,k3s-worker-2,1,0,/Users/finleyaf/Documents/COMP3931 Individual Project/project_folder/scheduler-prediction/online/results/stage_c_pi_guarded_retry_20260429_004010/decision_artifacts/custom/memory-pod-custom-stress-memory-t2_snapshot.csv,/Users/finleyaf/Documents/COMP3931 Individual Project/project_folder/scheduler-prediction/online/results/stage_c_pi_guarded_retry_20260429_004010/decision_artifacts/custom/memory-pod-custom-stress-memory-t2_ranking.json,100.0,256.0,0.2928,0.3253,0.195,0.0,0.05,0.1303,0.1303,model,memory-pod-custom-stress-memory-t2,memory,k3s-worker-2,0.0,2.0,2.0,1777420527.0,1777420527.0,1777420529.0,22.0,1.6604,1,1
custom,1,2,stress_memory,stress,memory,k3s-worker-4,rank_and_pin,k3s-worker-2,1,0,/Users/finleyaf/Documents/COMP3931 Individual Project/project_folder/scheduler-prediction/online/results/stage_c_pi_guarded_retry_20260429_004010/decision_artifacts/custom/mixed-pod-custom-stress-memory-t2_snapshot.csv,/Users/finleyaf/Documents/COMP3931 Individual Project/project_folder/scheduler-prediction/online/results/stage_c_pi_guarded_retry_20260429_004010/decision_artifacts/custom/mixed-pod-custom-stress-memory-t2_ranking.json,200.0,128.0,0.2688,0.2987,0.1987,0.0,0.1,0.0651,0.1,model,mixed-pod-custom-stress-memory-t2,mixed,k3s-worker-2,0.0,2.0,2.0,1777420643.0,1777420643.0,1777420645.0,8.0,1.0323,0,0
custom,1,2,stress_memory,stress,memory,k3s-worker-4,rank_and_pin,k3s-worker-2,1,0,/Users/finleyaf/Documents/COMP3931 Individual Project/project_folder/scheduler-prediction/online/results/stage_c_pi_guarded_retry_20260429_004010/decision_artifacts/custom/cpu-lite-pod-custom-stress-memory-t2_snapshot.csv,/Users/finleyaf/Documents/COMP3931 Individual Project/project_folder/scheduler-prediction/online/results/stage_c_pi_guarded_retry_20260429_004010/decision_artifacts/custom/cpu-lite-pod-custom-stress-memory-t2_ranking.json,100.0,32.0,0.2256,0.2507,0.2007,0.0,0.05,0.0163,0.05,model,cpu-lite-pod-custom-stress-memory-t2,cpu-lite,k3s-worker-2,0.0,2.0,2.0,1777420761.0,1777420761.0,1777420763.0,8.0,1.1852,1,0
custom,1,2,stress_memory,stress,memory,k3s-worker-4,rank_and_pin,k3s-worker-2,1,0,/Users/finleyaf/Documents/COMP3931 Individual Project/project_folder/scheduler-prediction/online/results/stage_c_pi_guarded_retry_20260429_004010/decision_artifacts/custom/memory-lite-pod-custom-stress-memory-t2_snapshot.csv,/Users/finleyaf/Documents/COMP3931 Individual Project/project_folder/scheduler-prediction/online/results/stage_c_pi_guarded_retry_20260429_004010/decision_artifacts/custom/memory-lite-pod-custom-stress-memory-t2_ranking.json,75.0,96.0,0.223,0.2478,0.1989,0.0,0.0375,0.0489,0.0489,model,memory-lite-pod-custom-stress-memory-t2,memory-lite,k3s-worker-2,0.0,2.0,2.0,1777420854.0,1777420854.0,1777420856.0,9.0,1.2857,1,1
custom,1,2,stress_memory,stress,memory,k3s-worker-4,rank_and_pin,k3s-worker-2,1,0,/Users/finleyaf/Documents/COMP3931 Individual Project/project_folder/scheduler-prediction/online/results/stage_c_pi_guarded_retry_20260429_004010/decision_artifacts/custom/mixed-lite-pod-custom-stress-memory-t2_snapshot.csv,/Users/finleyaf/Documents/COMP3931 Individual Project/project_folder/scheduler-prediction/online/results/stage_c_pi_guarded_retry_20260429_004010/decision_artifacts/custom/mixed-lite-pod-custom-stress-memory-t2_ranking.json,100.0,64.0,0.2168,0.2409,0.1909,0.0,0.05,0.0326,0.05,model,mixed-lite-pod-custom-stress-memory-t2,mixed-lite,k3s-worker-2,0.0,2.0,2.0,1777420971.0,1777420971.0,1777420973.0,8.0,1.1852,1,0
custom,1,2,stress_mixed,stress,mixed,raspberrypi,rank_and_pin,k3s-worker-2,1,0,/Users/finleyaf/Documents/COMP3931 Individual Project/project_folder/scheduler-prediction/online/results/stage_c_pi_guarded_retry_20260429_004010/decision_artifacts/custom/cpu-pod-custom-stress-mixed-t2_snapshot.csv,/Users/finleyaf/Documents/COMP3931 Individual Project/project_folder/scheduler-prediction/online/results/stage_c_pi_guarded_retry_20260429_004010/decision_artifacts/custom/cpu-pod-custom-stress-mixed-t2_ranking.json,250.0,64.0,0.2957,0.3286,0.2036,0.0,0.125,0.0326,0.125,model,cpu-pod-custom-stress-mixed-t2,cpu,k3s-worker-2,0.0,2.0,2.0,1777421117.0,1777421117.0,1777421119.0,8.0,0.4103,0,0
custom,1,2,stress_mixed,stress,mixed,raspberrypi,rank_and_pin,k3s-worker-2,1,0,/Users/finleyaf/Documents/COMP3931 Individual Project/project_folder/scheduler-prediction/online/results/stage_c_pi_guarded_retry_20260429_004010/decision_artifacts/custom/memory-pod-custom-stress-mixed-t2_snapshot.csv,/Users/finleyaf/Documents/COMP3931 Individual Project/project_folder/scheduler-prediction/online/results/stage_c_pi_guarded_retry_20260429_004010/decision_artifacts/custom/memory-pod-custom-stress-mixed-t2_ranking.json,100.0,256.0,0.2996,0.3329,0.2026,0.0,0.05,0.1303,0.1303,model,memory-pod-custom-stress-mixed-t2,memory,k3s-worker-2,0.0,1.0,1.0,1777421238.0,1777421238.0,1777421239.0,9.0,0.4557,0,0
custom,1,2,stress_mixed,stress,mixed,raspberrypi,rank_and_pin,k3s-worker-2,1,0,/Users/finleyaf/Documents/COMP3931 Individual Project/project_folder/scheduler-prediction/online/results/stage_c_pi_guarded_retry_20260429_004010/decision_artifacts/custom/mixed-pod-custom-stress-mixed-t2_snapshot.csv,/Users/finleyaf/Documents/COMP3931 Individual Project/project_folder/scheduler-prediction/online/results/stage_c_pi_guarded_retry_20260429_004010/decision_artifacts/custom/mixed-pod-custom-stress-mixed-t2_ranking.json,200.0,128.0,0.2728,0.3031,0.2031,0.0,0.1,0.0651,0.1,model,mixed-pod-custom-stress-mixed-t2,mixed,k3s-worker-2,0.0,1.0,1.0,1777421359.0,1777421359.0,1777421360.0,9.0,1.2414,1,0
custom,1,2,stress_mixed,stress,mixed,raspberrypi,rank_and_pin,k3s-worker-2,1,0,/Users/finleyaf/Documents/COMP3931 Individual Project/project_folder/scheduler-prediction/online/results/stage_c_pi_guarded_retry_20260429_004010/decision_artifacts/custom/cpu-lite-pod-custom-stress-mixed-t2_snapshot.csv,/Users/finleyaf/Documents/COMP3931 Individual Project/project_folder/scheduler-prediction/online/results/stage_c_pi_guarded_retry_20260429_004010/decision_artifacts/custom/cpu-lite-pod-custom-stress-mixed-t2_ranking.json,100.0,32.0,0.2249,0.2499,0.1999,0.0,0.05,0.0163,0.05,model,cpu-lite-pod-custom-stress-mixed-t2,cpu-lite,k3s-worker-2,0.0,2.0,2.0,1777421473.0,1777421473.0,1777421475.0,9.0,0.9231,0,0
custom,1,2,stress_mixed,stress,mixed,raspberrypi,rank_and_pin,k3s-worker-2,1,0,/Users/finleyaf/Documents/COMP3931 Individual Project/project_folder/scheduler-prediction/online/results/stage_c_pi_guarded_retry_20260429_004010/decision_artifacts/custom/memory-lite-pod-custom-stress-mixed-t2_snapshot.csv,/Users/finleyaf/Documents/COMP3931 Individual Project/project_folder/scheduler-prediction/online/results/stage_c_pi_guarded_retry_20260429_004010/decision_artifacts/custom/memory-lite-pod-custom-stress-mixed-t2_ranking.json,75.0,96.0,0.2234,0.2483,0.1994,0.0,0.0375,0.0489,0.0489,model,memory-lite-pod-custom-stress-mixed-t2,memory-lite,k3s-worker-2,0.0,2.0,2.0,1777421592.0,1777421592.0,1777421594.0,9.0,1.0588,0,0
custom,1,2,stress_mixed,stress,mixed,raspberrypi,rank_and_pin,k3s-worker-2,1,0,/Users/finleyaf/Documents/COMP3931 Individual Project/project_folder/scheduler-prediction/online/results/stage_c_pi_guarded_retry_20260429_004010/decision_artifacts/custom/mixed-lite-pod-custom-stress-mixed-t2_snapshot.csv,/Users/finleyaf/Documents/COMP3931 Individual Project/project_folder/scheduler-prediction/online/results/stage_c_pi_guarded_retry_20260429_004010/decision_artifacts/custom/mixed-lite-pod-custom-stress-mixed-t2_ranking.json,100.0,64.0,0.2211,0.2457,0.1957,0.0,0.05,0.0326,0.05,model,mixed-lite-pod-custom-stress-mixed-t2,mixed-lite,k3s-worker-2,0.0,2.0,2.0,1777421714.0,1777421714.0,1777421716.0,10.0,1.1111,1,0
custom,2,3,normal,normal,,,rank_and_pin,k3s-worker-2,1,,/Users/finleyaf/Documents/COMP3931 Individual Project/project_folder/scheduler-prediction/online/results/stage_c_pi_guarded_retry_20260429_004010/decision_artifacts/custom/cpu-pod-custom-normal-t3_snapshot.csv,/Users/finleyaf/Documents/COMP3931 Individual Project/project_folder/scheduler-prediction/online/results/stage_c_pi_guarded_retry_20260429_004010/decision_artifacts/custom/cpu-pod-custom-normal-t3_ranking.json,250.0,64.0,0.2922,0.3247,0.1997,0.0,0.125,0.0326,0.125,model,cpu-pod-custom-normal-t3,cpu,k3s-worker-2,0.0,1.0,1.0,1777421876.0,1777421876.0,1777421877.0,18.0,1.9459,1,1
custom,2,3,normal,normal,,,rank_and_pin,k3s-worker-2,1,,/Users/finleyaf/Documents/COMP3931 Individual Project/project_folder/scheduler-prediction/online/results/stage_c_pi_guarded_retry_20260429_004010/decision_artifacts/custom/memory-pod-custom-normal-t3_snapshot.csv,/Users/finleyaf/Documents/COMP3931 Individual Project/project_folder/scheduler-prediction/online/results/stage_c_pi_guarded_retry_20260429_004010/decision_artifacts/custom/memory-pod-custom-normal-t3_ranking.json,100.0,256.0,0.2924,0.3249,0.1946,0.0,0.05,0.1303,0.1303,model,memory-pod-custom-normal-t3,memory,k3s-worker-2,0.0,2.0,2.0,1777421995.0,1777421995.0,1777421997.0,9.0,1.0286,0,0
custom,2,3,normal,normal,,,rank_and_pin,k3s-worker-4,1,,/Users/finleyaf/Documents/COMP3931 Individual Project/project_folder/scheduler-prediction/online/results/stage_c_pi_guarded_retry_20260429_004010/decision_artifacts/custom/mixed-pod-custom-normal-t3_snapshot.csv,/Users/finleyaf/Documents/COMP3931 Individual Project/project_folder/scheduler-prediction/online/results/stage_c_pi_guarded_retry_20260429_004010/decision_artifacts/custom/mixed-pod-custom-normal-t3_ranking.json,200.0,128.0,0.2948,0.3276,0.2276,0.0,0.1,0.0651,0.1,model,mixed-pod-custom-normal-t3,mixed,k3s-worker-4,1.0,1.0,2.0,1777422110.0,1777422111.0,1777422112.0,8.0,1.0323,0,0
custom,2,3,normal,normal,,,rank_and_pin,k3s-worker-2,1,,/Users/finleyaf/Documents/COMP3931 Individual Project/project_folder/scheduler-prediction/online/results/stage_c_pi_guarded_retry_20260429_004010/decision_artifacts/custom/cpu-lite-pod-custom-normal-t3_snapshot.csv,/Users/finleyaf/Documents/COMP3931 Individual Project/project_folder/scheduler-prediction/online/results/stage_c_pi_guarded_retry_20260429_004010/decision_artifacts/custom/cpu-lite-pod-custom-normal-t3_ranking.json,100.0,32.0,0.2307,0.2563,0.2063,0.0,0.05,0.0163,0.05,model,cpu-lite-pod-custom-normal-t3,cpu-lite,k3s-worker-2,0.0,2.0,2.0,1777422202.0,1777422202.0,1777422204.0,9.0,1.2,1,0
custom,2,3,normal,normal,,,rank_and_pin,k3s-worker-2,1,,/Users/finleyaf/Documents/COMP3931 Individual Project/project_folder/scheduler-prediction/online/results/stage_c_pi_guarded_retry_20260429_004010/decision_artifacts/custom/memory-lite-pod-custom-normal-t3_snapshot.csv,/Users/finleyaf/Documents/COMP3931 Individual Project/project_folder/scheduler-prediction/online/results/stage_c_pi_guarded_retry_20260429_004010/decision_artifacts/custom/memory-lite-pod-custom-normal-t3_ranking.json,75.0,96.0,0.2332,0.2592,0.2103,0.0,0.0375,0.0489,0.0489,model,memory-lite-pod-custom-normal-t3,memory-lite,k3s-worker-2,0.0,2.0,2.0,1777422319.0,1777422319.0,1777422321.0,9.0,1.2414,1,0
custom,2,3,normal,normal,,,rank_and_pin,k3s-worker-2,1,,/Users/finleyaf/Documents/COMP3931 Individual Project/project_folder/scheduler-prediction/online/results/stage_c_pi_guarded_retry_20260429_004010/decision_artifacts/custom/mixed-lite-pod-custom-normal-t3_snapshot.csv,/Users/finleyaf/Documents/COMP3931 Individual Project/project_folder/scheduler-prediction/online/results/stage_c_pi_guarded_retry_20260429_004010/decision_artifacts/custom/mixed-lite-pod-custom-normal-t3_ranking.json,100.0,64.0,0.2272,0.2524,0.2024,0.0,0.05,0.0326,0.05,model,mixed-lite-pod-custom-normal-t3,mixed-lite,k3s-worker-2,0.0,1.0,1.0,1777422449.0,1777422449.0,1777422450.0,11.0,1.3333,1,1
custom,2,3,stress_cpu,stress,cpu,k3s-worker-4,rank_and_pin,k3s-worker-2,1,0,/Users/finleyaf/Documents/COMP3931 Individual Project/project_folder/scheduler-prediction/online/results/stage_c_pi_guarded_retry_20260429_004010/decision_artifacts/custom/cpu-pod-custom-stress-cpu-t3_snapshot.csv,/Users/finleyaf/Documents/COMP3931 Individual Project/project_folder/scheduler-prediction/online/results/stage_c_pi_guarded_retry_20260429_004010/decision_artifacts/custom/cpu-pod-custom-stress-cpu-t3_ranking.json,250.0,64.0,0.3045,0.3383,0.2133,0.0,0.125,0.0326,0.125,model,cpu-pod-custom-stress-cpu-t3,cpu,k3s-worker-2,0.0,2.0,2.0,1777422588.0,1777422588.0,1777422590.0,10.0,0.9756,0,0
custom,2,3,stress_cpu,stress,cpu,k3s-worker-4,rank_and_pin,k3s-worker-2,1,0,/Users/finleyaf/Documents/COMP3931 Individual Project/project_folder/scheduler-prediction/online/results/stage_c_pi_guarded_retry_20260429_004010/decision_artifacts/custom/memory-pod-custom-stress-cpu-t3_snapshot.csv,/Users/finleyaf/Documents/COMP3931 Individual Project/project_folder/scheduler-prediction/online/results/stage_c_pi_guarded_retry_20260429_004010/decision_artifacts/custom/memory-pod-custom-stress-cpu-t3_ranking.json,100.0,256.0,0.3036,0.3374,0.2071,0.0,0.05,0.1303,0.1303,model,memory-pod-custom-stress-cpu-t3,memory,k3s-worker-2,0.0,1.0,1.0,1777422710.0,1777422710.0,1777422711.0,9.0,1.2,1,0
custom,2,3,stress_cpu,stress,cpu,k3s-worker-4,rank_and_pin,k3s-worker-2,1,0,/Users/finleyaf/Documents/COMP3931 Individual Project/project_folder/scheduler-prediction/online/results/stage_c_pi_guarded_retry_20260429_004010/decision_artifacts/custom/mixed-pod-custom-stress-cpu-t3_snapshot.csv,/Users/finleyaf/Documents/COMP3931 Individual Project/project_folder/scheduler-prediction/online/results/stage_c_pi_guarded_retry_20260429_004010/decision_artifacts/custom/mixed-pod-custom-stress-cpu-t3_ranking.json,200.0,128.0,0.2757,0.3063,0.2063,0.0,0.1,0.0651,0.1,model,mixed-pod-custom-stress-cpu-t3,mixed,k3s-worker-2,0.0,2.0,2.0,1777422833.0,1777422833.0,1777422835.0,9.0,1.0588,0,0
custom,2,3,stress_cpu,stress,cpu,k3s-worker-4,rank_and_pin,k3s-worker-2,1,0,/Users/finleyaf/Documents/COMP3931 Individual Project/project_folder/scheduler-prediction/online/results/stage_c_pi_guarded_retry_20260429_004010/decision_artifacts/custom/cpu-lite-pod-custom-stress-cpu-t3_snapshot.csv,/Users/finleyaf/Documents/COMP3931 Individual Project/project_folder/scheduler-prediction/online/results/stage_c_pi_guarded_retry_20260429_004010/decision_artifacts/custom/cpu-lite-pod-custom-stress-cpu-t3_ranking.json,100.0,32.0,0.2282,0.2535,0.2035,0.0,0.05,0.0163,0.05,model,cpu-lite-pod-custom-stress-cpu-t3,cpu-lite,k3s-worker-2,0.0,1.0,1.0,1777422954.0,1777422954.0,1777422955.0,10.0,1.25,1,1
custom,2,3,stress_cpu,stress,cpu,k3s-worker-4,rank_and_pin,k3s-worker-2,1,0,/Users/finleyaf/Documents/COMP3931 Individual Project/project_folder/scheduler-prediction/online/results/stage_c_pi_guarded_retry_20260429_004010/decision_artifacts/custom/memory-lite-pod-custom-stress-cpu-t3_snapshot.csv,/Users/finleyaf/Documents/COMP3931 Individual Project/project_folder/scheduler-prediction/online/results/stage_c_pi_guarded_retry_20260429_004010/decision_artifacts/custom/memory-lite-pod-custom-stress-cpu-t3_ranking.json,75.0,96.0,0.2205,0.245,0.1961,0.0,0.0375,0.0489,0.0489,model,memory-lite-pod-custom-stress-cpu-t3,memory-lite,k3s-worker-2,0.0,2.0,2.0,1777423077.0,1777423077.0,1777423079.0,10.0,1.2121,1,0
custom,2,3,stress_cpu,stress,cpu,k3s-worker-4,rank_and_pin,k3s-worker-2,1,0,/Users/finleyaf/Documents/COMP3931 Individual Project/project_folder/scheduler-prediction/online/results/stage_c_pi_guarded_retry_20260429_004010/decision_artifacts/custom/mixed-lite-pod-custom-stress-cpu-t3_snapshot.csv,/Users/finleyaf/Documents/COMP3931 Individual Project/project_folder/scheduler-prediction/online/results/stage_c_pi_guarded_retry_20260429_004010/decision_artifacts/custom/mixed-lite-pod-custom-stress-cpu-t3_ranking.json,100.0,64.0,0.225,0.25,0.2,0.0,0.05,0.0326,0.05,model,mixed-lite-pod-custom-stress-cpu-t3,mixed-lite,k3s-worker-2,0.0,1.0,1.0,1777423175.0,1777423175.0,1777423176.0,9.0,1.2414,1,0
custom,2,3,stress_memory,stress,memory,raspberrypi,rank_and_pin,k3s-worker-2,1,0,/Users/finleyaf/Documents/COMP3931 Individual Project/project_folder/scheduler-prediction/online/results/stage_c_pi_guarded_retry_20260429_004010/decision_artifacts/custom/cpu-pod-custom-stress-memory-t3_snapshot.csv,/Users/finleyaf/Documents/COMP3931 Individual Project/project_folder/scheduler-prediction/online/results/stage_c_pi_guarded_retry_20260429_004010/decision_artifacts/custom/cpu-pod-custom-stress-memory-t3_ranking.json,250.0,64.0,0.2947,0.3274,0.2024,0.0,0.125,0.0326,0.125,model,cpu-pod-custom-stress-memory-t3,cpu,k3s-worker-2,0.0,2.0,2.0,1777423326.0,1777423326.0,1777423328.0,9.0,0.6667,0,0
custom,2,3,stress_memory,stress,memory,raspberrypi,rank_and_pin,k3s-worker-2,1,0,/Users/finleyaf/Documents/COMP3931 Individual Project/project_folder/scheduler-prediction/online/results/stage_c_pi_guarded_retry_20260429_004010/decision_artifacts/custom/memory-pod-custom-stress-memory-t3_snapshot.csv,/Users/finleyaf/Documents/COMP3931 Individual Project/project_folder/scheduler-prediction/online/results/stage_c_pi_guarded_retry_20260429_004010/decision_artifacts/custom/memory-pod-custom-stress-memory-t3_ranking.json,100.0,256.0,0.2919,0.3243,0.194,0.0,0.05,0.1303,0.1303,model,memory-pod-custom-stress-memory-t3,memory,k3s-worker-2,0.0,2.0,2.0,1777423445.0,1777423445.0,1777423447.0,9.0,1.2414,1,0
custom,2,3,stress_memory,stress,memory,raspberrypi,rank_and_pin,k3s-worker-2,1,0,/Users/finleyaf/Documents/COMP3931 Individual Project/project_folder/scheduler-prediction/online/results/stage_c_pi_guarded_retry_20260429_004010/decision_artifacts/custom/mixed-pod-custom-stress-memory-t3_snapshot.csv,/Users/finleyaf/Documents/COMP3931 Individual Project/project_folder/scheduler-prediction/online/results/stage_c_pi_guarded_retry_20260429_004010/decision_artifacts/custom/mixed-pod-custom-stress-memory-t3_ranking.json,200.0,128.0,0.2547,0.283,0.183,0.0,0.1,0.0651,0.1,model,mixed-pod-custom-stress-memory-t3,mixed,k3s-worker-2,0.0,2.0,2.0,1777423566.0,1777423566.0,1777423568.0,9.0,1.1613,1,0
custom,2,3,stress_memory,stress,memory,raspberrypi,rank_and_pin,k3s-worker-2,1,0,/Users/finleyaf/Documents/COMP3931 Individual Project/project_folder/scheduler-prediction/online/results/stage_c_pi_guarded_retry_20260429_004010/decision_artifacts/custom/cpu-lite-pod-custom-stress-memory-t3_snapshot.csv,/Users/finleyaf/Documents/COMP3931 Individual Project/project_folder/scheduler-prediction/online/results/stage_c_pi_guarded_retry_20260429_004010/decision_artifacts/custom/cpu-lite-pod-custom-stress-memory-t3_ranking.json,100.0,32.0,0.2295,0.255,0.205,0.0,0.05,0.0163,0.05,model,cpu-lite-pod-custom-stress-memory-t3,cpu-lite,k3s-worker-2,0.0,2.0,2.0,1777423657.0,1777423657.0,1777423659.0,9.0,1.2414,1,0
custom,2,3,stress_memory,stress,memory,raspberrypi,rank_and_pin,k3s-worker-2,1,0,/Users/finleyaf/Documents/COMP3931 Individual Project/project_folder/scheduler-prediction/online/results/stage_c_pi_guarded_retry_20260429_004010/decision_artifacts/custom/memory-lite-pod-custom-stress-memory-t3_snapshot.csv,/Users/finleyaf/Documents/COMP3931 Individual Project/project_folder/scheduler-prediction/online/results/stage_c_pi_guarded_retry_20260429_004010/decision_artifacts/custom/memory-lite-pod-custom-stress-memory-t3_ranking.json,75.0,96.0,0.2126,0.2363,0.1874,0.0,0.0375,0.0489,0.0489,model,memory-lite-pod-custom-stress-memory-t3,memory-lite,k3s-worker-2,0.0,2.0,2.0,1777423779.0,1777423779.0,1777423781.0,9.0,1.2414,1,0
custom,2,3,stress_memory,stress,memory,raspberrypi,rank_and_pin,k3s-worker-2,1,0,/Users/finleyaf/Documents/COMP3931 Individual Project/project_folder/scheduler-prediction/online/results/stage_c_pi_guarded_retry_20260429_004010/decision_artifacts/custom/mixed-lite-pod-custom-stress-memory-t3_snapshot.csv,/Users/finleyaf/Documents/COMP3931 Individual Project/project_folder/scheduler-prediction/online/results/stage_c_pi_guarded_retry_20260429_004010/decision_artifacts/custom/mixed-lite-pod-custom-stress-memory-t3_ranking.json,100.0,64.0,0.214,0.2378,0.1878,0.0,0.05,0.0326,0.05,model,mixed-lite-pod-custom-stress-memory-t3,mixed-lite,k3s-worker-2,0.0,2.0,2.0,1777423901.0,1777423901.0,1777423903.0,9.0,1.2,1,0
custom,2,3,stress_mixed,stress,mixed,k3s-worker-2,rank_and_pin,k3s-worker-2,1,1,/Users/finleyaf/Documents/COMP3931 Individual Project/project_folder/scheduler-prediction/online/results/stage_c_pi_guarded_retry_20260429_004010/decision_artifacts/custom/cpu-pod-custom-stress-mixed-t3_snapshot.csv,/Users/finleyaf/Documents/COMP3931 Individual Project/project_folder/scheduler-prediction/online/results/stage_c_pi_guarded_retry_20260429_004010/decision_artifacts/custom/cpu-pod-custom-stress-mixed-t3_ranking.json,250.0,64.0,0.3074,0.3415,0.2165,0.0,0.125,0.0326,0.125,model,cpu-pod-custom-stress-mixed-t3,cpu,k3s-worker-2,0.0,8.0,8.0,1777424064.0,1777424064.0,1777424072.0,25.0,2.2727,1,1
custom,2,3,stress_mixed,stress,mixed,k3s-worker-2,rank_and_pin,k3s-worker-2,1,1,/Users/finleyaf/Documents/COMP3931 Individual Project/project_folder/scheduler-prediction/online/results/stage_c_pi_guarded_retry_20260429_004010/decision_artifacts/custom/memory-pod-custom-stress-mixed-t3_snapshot.csv,/Users/finleyaf/Documents/COMP3931 Individual Project/project_folder/scheduler-prediction/online/results/stage_c_pi_guarded_retry_20260429_004010/decision_artifacts/custom/memory-pod-custom-stress-mixed-t3_ranking.json,100.0,256.0,0.3124,0.3471,0.2168,0.0,0.05,0.1303,0.1303,model,memory-pod-custom-stress-mixed-t3,memory,k3s-worker-2,0.0,2.0,2.0,1777424189.0,1777424189.0,1777424191.0,10.0,0.9756,0,0
custom,2,3,stress_mixed,stress,mixed,k3s-worker-2,rank_and_pin,k3s-worker-2,1,1,/Users/finleyaf/Documents/COMP3931 Individual Project/project_folder/scheduler-prediction/online/results/stage_c_pi_guarded_retry_20260429_004010/decision_artifacts/custom/mixed-pod-custom-stress-mixed-t3_snapshot.csv,/Users/finleyaf/Documents/COMP3931 Individual Project/project_folder/scheduler-prediction/online/results/stage_c_pi_guarded_retry_20260429_004010/decision_artifacts/custom/mixed-pod-custom-stress-mixed-t3_ranking.json,200.0,128.0,0.2806,0.3118,0.2118,0.0,0.1,0.0651,0.1,model,mixed-pod-custom-stress-mixed-t3,mixed,k3s-worker-2,0.0,1.0,1.0,1777424312.0,1777424312.0,1777424313.0,14.0,1.6471,1,1
custom,2,3,stress_mixed,stress,mixed,k3s-worker-2,rank_and_pin,k3s-worker-2,1,1,/Users/finleyaf/Documents/COMP3931 Individual Project/project_folder/scheduler-prediction/online/results/stage_c_pi_guarded_retry_20260429_004010/decision_artifacts/custom/cpu-lite-pod-custom-stress-mixed-t3_snapshot.csv,/Users/finleyaf/Documents/COMP3931 Individual Project/project_folder/scheduler-prediction/online/results/stage_c_pi_guarded_retry_20260429_004010/decision_artifacts/custom/cpu-lite-pod-custom-stress-mixed-t3_ranking.json,100.0,32.0,0.2056,0.2285,0.1785,0.0,0.05,0.0163,0.05,model,cpu-lite-pod-custom-stress-mixed-t3,cpu-lite,k3s-worker-2,0.0,1.0,1.0,1777424433.0,1777424433.0,1777424434.0,12.0,1.5,1,1
custom,2,3,stress_mixed,stress,mixed,k3s-worker-2,rank_and_pin,k3s-worker-2,1,1,/Users/finleyaf/Documents/COMP3931 Individual Project/project_folder/scheduler-prediction/online/results/stage_c_pi_guarded_retry_20260429_004010/decision_artifacts/custom/memory-lite-pod-custom-stress-mixed-t3_snapshot.csv,/Users/finleyaf/Documents/COMP3931 Individual Project/project_folder/scheduler-prediction/online/results/stage_c_pi_guarded_retry_20260429_004010/decision_artifacts/custom/memory-lite-pod-custom-stress-mixed-t3_ranking.json,75.0,96.0,0.2344,0.2605,0.2116,0.0,0.0375,0.0489,0.0489,model,memory-lite-pod-custom-stress-mixed-t3,memory-lite,k3s-worker-2,0.0,2.0,2.0,1777424559.0,1777424559.0,1777424561.0,10.0,1.2903,1,1
custom,2,3,stress_mixed,stress,mixed,k3s-worker-2,rank_and_pin,k3s-worker-2,1,1,/Users/finleyaf/Documents/COMP3931 Individual Project/project_folder/scheduler-prediction/online/results/stage_c_pi_guarded_retry_20260429_004010/decision_artifacts/custom/mixed-lite-pod-custom-stress-mixed-t3_snapshot.csv,/Users/finleyaf/Documents/COMP3931 Individual Project/project_folder/scheduler-prediction/online/results/stage_c_pi_guarded_retry_20260429_004010/decision_artifacts/custom/mixed-lite-pod-custom-stress-mixed-t3_ranking.json,100.0,64.0,0.232,0.2578,0.2078,0.0,0.05,0.0326,0.05,model,mixed-lite-pod-custom-stress-mixed-t3,mixed-lite,k3s-worker-2,0.0,2.0,2.0,1777424657.0,1777424657.0,1777424659.0,10.0,1.25,1,1
custom,1,4,normal,normal,,,rank_and_pin,k3s-worker-2,1,,/Users/finleyaf/Documents/COMP3931 Individual Project/project_folder/scheduler-prediction/online/results/stage_c_pi_guarded_retry_20260429_004010/decision_artifacts/custom/cpu-pod-custom-normal-t4_snapshot.csv,/Users/finleyaf/Documents/COMP3931 Individual Project/project_folder/scheduler-prediction/online/results/stage_c_pi_guarded_retry_20260429_004010/decision_artifacts/custom/cpu-pod-custom-normal-t4_ranking.json,250.0,64.0,0.3097,0.3441,0.2191,0.0,0.125,0.0326,0.125,model,cpu-pod-custom-normal-t4,cpu,k3s-worker-2,0.0,2.0,2.0,1777424723.0,1777424723.0,1777424725.0,10.0,1.3333,1,1
custom,1,4,normal,normal,,,rank_and_pin,k3s-worker-4,1,,/Users/finleyaf/Documents/COMP3931 Individual Project/project_folder/scheduler-prediction/online/results/stage_c_pi_guarded_retry_20260429_004010/decision_artifacts/custom/memory-pod-custom-normal-t4_snapshot.csv,/Users/finleyaf/Documents/COMP3931 Individual Project/project_folder/scheduler-prediction/online/results/stage_c_pi_guarded_retry_20260429_004010/decision_artifacts/custom/memory-pod-custom-normal-t4_ranking.json,100.0,256.0,0.3169,0.3521,0.2218,0.0,0.05,0.1303,0.1303,model,memory-pod-custom-normal-t4,memory,k3s-worker-4,0.0,2.0,2.0,1777424847.0,1777424847.0,1777424849.0,9.0,0.878,0,0
custom,1,4,normal,normal,,,rank_and_pin,k3s-worker-4,1,,/Users/finleyaf/Documents/COMP3931 Individual Project/project_folder/scheduler-prediction/online/results/stage_c_pi_guarded_retry_20260429_004010/decision_artifacts/custom/mixed-pod-custom-normal-t4_snapshot.csv,/Users/finleyaf/Documents/COMP3931 Individual Project/project_folder/scheduler-prediction/online/results/stage_c_pi_guarded_retry_20260429_004010/decision_artifacts/custom/mixed-pod-custom-normal-t4_ranking.json,200.0,128.0,0.2867,0.3186,0.2186,0.0,0.1,0.0651,0.1,model,mixed-pod-custom-normal-t4,mixed,k3s-worker-4,0.0,1.0,1.0,1777424968.0,1777424968.0,1777424969.0,9.0,1.0588,0,0
custom,1,4,normal,normal,,,rank_and_pin,k3s-worker-2,1,,/Users/finleyaf/Documents/COMP3931 Individual Project/project_folder/scheduler-prediction/online/results/stage_c_pi_guarded_retry_20260429_004010/decision_artifacts/custom/cpu-lite-pod-custom-normal-t4_snapshot.csv,/Users/finleyaf/Documents/COMP3931 Individual Project/project_folder/scheduler-prediction/online/results/stage_c_pi_guarded_retry_20260429_004010/decision_artifacts/custom/cpu-lite-pod-custom-normal-t4_ranking.json,100.0,32.0,0.2389,0.2654,0.2154,0.0,0.05,0.0163,0.05,model,cpu-lite-pod-custom-normal-t4,cpu-lite,k3s-worker-2,0.0,2.0,2.0,1777425088.0,1777425088.0,1777425090.0,10.0,0.9302,0,0
custom,1,4,normal,normal,,,rank_and_pin,k3s-worker-2,1,,/Users/finleyaf/Documents/COMP3931 Individual Project/project_folder/scheduler-prediction/online/results/stage_c_pi_guarded_retry_20260429_004010/decision_artifacts/custom/memory-lite-pod-custom-normal-t4_snapshot.csv,/Users/finleyaf/Documents/COMP3931 Individual Project/project_folder/scheduler-prediction/online/results/stage_c_pi_guarded_retry_20260429_004010/decision_artifacts/custom/memory-lite-pod-custom-normal-t4_ranking.json,75.0,96.0,0.2273,0.2526,0.2037,0.0,0.0375,0.0489,0.0489,model,memory-lite-pod-custom-normal-t4,memory-lite,k3s-worker-2,0.0,2.0,2.0,1777425185.0,1777425185.0,1777425187.0,9.0,1.2,1,0
custom,1,4,normal,normal,,,rank_and_pin,k3s-worker-2,1,,/Users/finleyaf/Documents/COMP3931 Individual Project/project_folder/scheduler-prediction/online/results/stage_c_pi_guarded_retry_20260429_004010/decision_artifacts/custom/mixed-lite-pod-custom-normal-t4_snapshot.csv,/Users/finleyaf/Documents/COMP3931 Individual Project/project_folder/scheduler-prediction/online/results/stage_c_pi_guarded_retry_20260429_004010/decision_artifacts/custom/mixed-lite-pod-custom-normal-t4_ranking.json,100.0,64.0,0.2306,0.2562,0.2062,0.0,0.05,0.0326,0.05,model,mixed-lite-pod-custom-normal-t4,mixed-lite,k3s-worker-2,0.0,1.0,1.0,1777425306.0,1777425306.0,1777425307.0,10.0,1.3333,1,1
custom,1,4,stress_cpu,stress,cpu,raspberrypi,rank_and_pin,k3s-worker-2,1,0,/Users/finleyaf/Documents/COMP3931 Individual Project/project_folder/scheduler-prediction/online/results/stage_c_pi_guarded_retry_20260429_004010/decision_artifacts/custom/cpu-pod-custom-stress-cpu-t4_snapshot.csv,/Users/finleyaf/Documents/COMP3931 Individual Project/project_folder/scheduler-prediction/online/results/stage_c_pi_guarded_retry_20260429_004010/decision_artifacts/custom/cpu-pod-custom-stress-cpu-t4_ranking.json,250.0,64.0,0.2894,0.3216,0.1966,0.0,0.125,0.0326,0.125,model,cpu-pod-custom-stress-cpu-t4,cpu,k3s-worker-2,0.0,2.0,2.0,1777425447.0,1777425447.0,1777425449.0,9.0,0.4615,0,0
custom,1,4,stress_cpu,stress,cpu,raspberrypi,rank_and_pin,k3s-worker-2,1,0,/Users/finleyaf/Documents/COMP3931 Individual Project/project_folder/scheduler-prediction/online/results/stage_c_pi_guarded_retry_20260429_004010/decision_artifacts/custom/memory-pod-custom-stress-cpu-t4_snapshot.csv,/Users/finleyaf/Documents/COMP3931 Individual Project/project_folder/scheduler-prediction/online/results/stage_c_pi_guarded_retry_20260429_004010/decision_artifacts/custom/memory-pod-custom-stress-cpu-t4_ranking.json,100.0,256.0,0.2972,0.3302,0.1999,0.0,0.05,0.1303,0.1303,model,memory-pod-custom-stress-cpu-t4,memory,k3s-worker-2,0.0,2.0,2.0,1777425567.0,1777425567.0,1777425569.0,13.0,0.6265,0,0
custom,1,4,stress_cpu,stress,cpu,raspberrypi,rank_and_pin,k3s-worker-2,1,0,/Users/finleyaf/Documents/COMP3931 Individual Project/project_folder/scheduler-prediction/online/results/stage_c_pi_guarded_retry_20260429_004010/decision_artifacts/custom/mixed-pod-custom-stress-cpu-t4_snapshot.csv,/Users/finleyaf/Documents/COMP3931 Individual Project/project_folder/scheduler-prediction/online/results/stage_c_pi_guarded_retry_20260429_004010/decision_artifacts/custom/mixed-pod-custom-stress-cpu-t4_ranking.json,200.0,128.0,0.2666,0.2962,0.1962,0.0,0.1,0.0651,0.1,model,mixed-pod-custom-stress-cpu-t4,mixed,k3s-worker-2,0.0,1.0,1.0,1777425688.0,1777425688.0,1777425689.0,9.0,1.0588,0,0
custom,1,4,stress_cpu,stress,cpu,raspberrypi,rank_and_pin,k3s-worker-2,1,0,/Users/finleyaf/Documents/COMP3931 Individual Project/project_folder/scheduler-prediction/online/results/stage_c_pi_guarded_retry_20260429_004010/decision_artifacts/custom/cpu-lite-pod-custom-stress-cpu-t4_snapshot.csv,/Users/finleyaf/Documents/COMP3931 Individual Project/project_folder/scheduler-prediction/online/results/stage_c_pi_guarded_retry_20260429_004010/decision_artifacts/custom/cpu-lite-pod-custom-stress-cpu-t4_ranking.json,100.0,32.0,0.2148,0.2387,0.1887,0.0,0.05,0.0163,0.05,model,cpu-lite-pod-custom-stress-cpu-t4,cpu-lite,k3s-worker-2,0.0,2.0,2.0,1777425805.0,1777425805.0,1777425807.0,9.0,1.0588,0,0
custom,1,4,stress_cpu,stress,cpu,raspberrypi,rank_and_pin,k3s-worker-2,1,0,/Users/finleyaf/Documents/COMP3931 Individual Project/project_folder/scheduler-prediction/online/results/stage_c_pi_guarded_retry_20260429_004010/decision_artifacts/custom/memory-lite-pod-custom-stress-cpu-t4_snapshot.csv,/Users/finleyaf/Documents/COMP3931 Individual Project/project_folder/scheduler-prediction/online/results/stage_c_pi_guarded_retry_20260429_004010/decision_artifacts/custom/memory-lite-pod-custom-stress-cpu-t4_ranking.json,75.0,96.0,0.2206,0.2451,0.1962,0.0,0.0375,0.0489,0.0489,model,memory-lite-pod-custom-stress-cpu-t4,memory-lite,k3s-worker-2,0.0,2.0,2.0,1777425928.0,1777425928.0,1777425930.0,10.0,1.0256,0,0
custom,1,4,stress_cpu,stress,cpu,raspberrypi,rank_and_pin,k3s-worker-2,1,0,/Users/finleyaf/Documents/COMP3931 Individual Project/project_folder/scheduler-prediction/online/results/stage_c_pi_guarded_retry_20260429_004010/decision_artifacts/custom/mixed-lite-pod-custom-stress-cpu-t4_snapshot.csv,/Users/finleyaf/Documents/COMP3931 Individual Project/project_folder/scheduler-prediction/online/results/stage_c_pi_guarded_retry_20260429_004010/decision_artifacts/custom/mixed-lite-pod-custom-stress-cpu-t4_ranking.json,100.0,64.0,0.2243,0.2492,0.1992,0.0,0.05,0.0326,0.05,model,mixed-lite-pod-custom-stress-cpu-t4,mixed-lite,k3s-worker-2,0.0,2.0,2.0,1777426051.0,1777426051.0,1777426053.0,9.0,0.973,0,0
custom,1,4,stress_memory,stress,memory,k3s-worker-2,rank_and_pin,k3s-worker-2,1,1,/Users/finleyaf/Documents/COMP3931 Individual Project/project_folder/scheduler-prediction/online/results/stage_c_pi_guarded_retry_20260429_004010/decision_artifacts/custom/cpu-pod-custom-stress-memory-t4_snapshot.csv,/Users/finleyaf/Documents/COMP3931 Individual Project/project_folder/scheduler-prediction/online/results/stage_c_pi_guarded_retry_20260429_004010/decision_artifacts/custom/cpu-pod-custom-stress-memory-t4_ranking.json,250.0,64.0,0.2502,0.278,0.153,0.0,0.125,0.0326,0.125,model,cpu-pod-custom-stress-memory-t4,cpu,k3s-worker-2,0.0,9.0,9.0,1777426176.0,1777426176.0,1777426185.0,22.0,2.0952,1,1
custom,1,4,stress_memory,stress,memory,k3s-worker-2,rank_and_pin,k3s-worker-2,1,1,/Users/finleyaf/Documents/COMP3931 Individual Project/project_folder/scheduler-prediction/online/results/stage_c_pi_guarded_retry_20260429_004010/decision_artifacts/custom/memory-pod-custom-stress-memory-t4_snapshot.csv,/Users/finleyaf/Documents/COMP3931 Individual Project/project_folder/scheduler-prediction/online/results/stage_c_pi_guarded_retry_20260429_004010/decision_artifacts/custom/memory-pod-custom-stress-memory-t4_ranking.json,100.0,256.0,0.2946,0.3274,0.1971,0.0,0.05,0.1303,0.1303,model,memory-pod-custom-stress-memory-t4,memory,k3s-worker-2,0.0,8.0,8.0,1777426320.0,1777426320.0,1777426328.0,20.0,2.0,1,1
custom,1,4,stress_memory,stress,memory,k3s-worker-2,rank_and_pin,k3s-worker-4,1,0,/Users/finleyaf/Documents/COMP3931 Individual Project/project_folder/scheduler-prediction/online/results/stage_c_pi_guarded_retry_20260429_004010/decision_artifacts/custom/mixed-pod-custom-stress-memory-t4_snapshot.csv,/Users/finleyaf/Documents/COMP3931 Individual Project/project_folder/scheduler-prediction/online/results/stage_c_pi_guarded_retry_20260429_004010/decision_artifacts/custom/mixed-pod-custom-stress-memory-t4_ranking.json,200.0,128.0,0.2932,0.3258,0.2258,0.0,0.1,0.0651,0.1,model,mixed-pod-custom-stress-memory-t4,mixed,k3s-worker-4,0.0,2.0,2.0,1777426448.0,1777426448.0,1777426450.0,9.0,1.125,1,0
custom,1,4,stress_memory,stress,memory,k3s-worker-2,rank_and_pin,k3s-worker-4,1,0,/Users/finleyaf/Documents/COMP3931 Individual Project/project_folder/scheduler-prediction/online/results/stage_c_pi_guarded_retry_20260429_004010/decision_artifacts/custom/cpu-lite-pod-custom-stress-memory-t4_snapshot.csv,/Users/finleyaf/Documents/COMP3931 Individual Project/project_folder/scheduler-prediction/online/results/stage_c_pi_guarded_retry_20260429_004010/decision_artifacts/custom/cpu-lite-pod-custom-stress-memory-t4_ranking.json,100.0,32.0,0.2496,0.2773,0.2273,0.0,0.05,0.0163,0.05,model,cpu-lite-pod-custom-stress-memory-t4,cpu-lite,k3s-worker-4,0.0,2.0,2.0,1777426567.0,1777426567.0,1777426569.0,11.0,1.3333,1,1
custom,1,4,stress_memory,stress,memory,k3s-worker-2,rank_and_pin,k3s-worker-2,1,1,/Users/finleyaf/Documents/COMP3931 Individual Project/project_folder/scheduler-prediction/online/results/stage_c_pi_guarded_retry_20260429_004010/decision_artifacts/custom/memory-lite-pod-custom-stress-memory-t4_snapshot.csv,/Users/finleyaf/Documents/COMP3931 Individual Project/project_folder/scheduler-prediction/online/results/stage_c_pi_guarded_retry_20260429_004010/decision_artifacts/custom/memory-lite-pod-custom-stress-memory-t4_ranking.json,75.0,96.0,0.2346,0.2607,0.2118,0.0,0.0375,0.0489,0.0489,model,memory-lite-pod-custom-stress-memory-t4,memory-lite,k3s-worker-2,0.0,2.0,2.0,1777426665.0,1777426665.0,1777426667.0,10.0,1.2903,1,1
custom,1,4,stress_memory,stress,memory,k3s-worker-2,rank_and_pin,k3s-worker-4,1,0,/Users/finleyaf/Documents/COMP3931 Individual Project/project_folder/scheduler-prediction/online/results/stage_c_pi_guarded_retry_20260429_004010/decision_artifacts/custom/mixed-lite-pod-custom-stress-memory-t4_snapshot.csv,/Users/finleyaf/Documents/COMP3931 Individual Project/project_folder/scheduler-prediction/online/results/stage_c_pi_guarded_retry_20260429_004010/decision_artifacts/custom/mixed-lite-pod-custom-stress-memory-t4_ranking.json,100.0,64.0,0.2406,0.2673,0.2173,0.0,0.05,0.0326,0.05,model,mixed-lite-pod-custom-stress-memory-t4,mixed-lite,k3s-worker-4,0.0,1.0,1.0,1777426784.0,1777426784.0,1777426785.0,9.0,1.0909,0,0
custom,1,4,stress_mixed,stress,mixed,k3s-worker-3,rank_and_pin,k3s-worker-3,1,1,/Users/finleyaf/Documents/COMP3931 Individual Project/project_folder/scheduler-prediction/online/results/stage_c_pi_guarded_retry_20260429_004010/decision_artifacts/custom/cpu-pod-custom-stress-mixed-t4_snapshot.csv,/Users/finleyaf/Documents/COMP3931 Individual Project/project_folder/scheduler-prediction/online/results/stage_c_pi_guarded_retry_20260429_004010/decision_artifacts/custom/cpu-pod-custom-stress-mixed-t4_ranking.json,250.0,64.0,0.3067,0.3408,0.2158,0.0,0.125,0.0326,0.125,model,cpu-pod-custom-stress-mixed-t4,cpu,k3s-worker-3,0.0,2.0,2.0,1777426929.0,1777426929.0,1777426931.0,96.0,3.2542,1,1
custom,1,4,stress_mixed,stress,mixed,k3s-worker-3,rank_and_pin,k3s-worker-4,1,0,/Users/finleyaf/Documents/COMP3931 Individual Project/project_folder/scheduler-prediction/online/results/stage_c_pi_guarded_retry_20260429_004010/decision_artifacts/custom/memory-pod-custom-stress-mixed-t4_snapshot.csv,/Users/finleyaf/Documents/COMP3931 Individual Project/project_folder/scheduler-prediction/online/results/stage_c_pi_guarded_retry_20260429_004010/decision_artifacts/custom/memory-pod-custom-stress-mixed-t4_ranking.json,100.0,256.0,0.3149,0.3499,0.2196,0.0,0.05,0.1303,0.1303,model,memory-pod-custom-stress-mixed-t4,memory,k3s-worker-4,0.0,1.0,1.0,1777427049.0,1777427049.0,1777427050.0,9.0,0.6923,0,0
custom,1,4,stress_mixed,stress,mixed,k3s-worker-3,rank_and_pin,k3s-worker-3,1,1,/Users/finleyaf/Documents/COMP3931 Individual Project/project_folder/scheduler-prediction/online/results/stage_c_pi_guarded_retry_20260429_004010/decision_artifacts/custom/mixed-pod-custom-stress-mixed-t4_snapshot.csv,/Users/finleyaf/Documents/COMP3931 Individual Project/project_folder/scheduler-prediction/online/results/stage_c_pi_guarded_retry_20260429_004010/decision_artifacts/custom/mixed-pod-custom-stress-mixed-t4_ranking.json,200.0,128.0,0.2848,0.3165,0.2165,0.0,0.1,0.0651,0.1,model,mixed-pod-custom-stress-mixed-t4,mixed,k3s-worker-3,0.0,1.0,1.0,1777427171.0,1777427171.0,1777427172.0,12.0,1.4545,1,1
custom,1,4,stress_mixed,stress,mixed,k3s-worker-3,rank_and_pin,k3s-worker-3,1,1,/Users/finleyaf/Documents/COMP3931 Individual Project/project_folder/scheduler-prediction/online/results/stage_c_pi_guarded_retry_20260429_004010/decision_artifacts/custom/cpu-lite-pod-custom-stress-mixed-t4_snapshot.csv,/Users/finleyaf/Documents/COMP3931 Individual Project/project_folder/scheduler-prediction/online/results/stage_c_pi_guarded_retry_20260429_004010/decision_artifacts/custom/cpu-lite-pod-custom-stress-mixed-t4_ranking.json,100.0,32.0,0.2291,0.2546,0.2046,0.0,0.05,0.0163,0.05,model,cpu-lite-pod-custom-stress-mixed-t4,cpu-lite,k3s-worker-3,0.0,2.0,2.0,1777427296.0,1777427296.0,1777427298.0,9.0,0.9,0,0
custom,1,4,stress_mixed,stress,mixed,k3s-worker-3,rank_and_pin,k3s-worker-4,1,0,/Users/finleyaf/Documents/COMP3931 Individual Project/project_folder/scheduler-prediction/online/results/stage_c_pi_guarded_retry_20260429_004010/decision_artifacts/custom/memory-lite-pod-custom-stress-mixed-t4_snapshot.csv,/Users/finleyaf/Documents/COMP3931 Individual Project/project_folder/scheduler-prediction/online/results/stage_c_pi_guarded_retry_20260429_004010/decision_artifacts/custom/memory-lite-pod-custom-stress-mixed-t4_ranking.json,75.0,96.0,0.2404,0.2671,0.2182,0.0,0.0375,0.0489,0.0489,model,memory-lite-pod-custom-stress-mixed-t4,memory-lite,k3s-worker-4,0.0,1.0,1.0,1777427415.0,1777427415.0,1777427416.0,9.0,0.973,0,0
custom,1,4,stress_mixed,stress,mixed,k3s-worker-3,rank_and_pin,k3s-worker-4,1,0,/Users/finleyaf/Documents/COMP3931 Individual Project/project_folder/scheduler-prediction/online/results/stage_c_pi_guarded_retry_20260429_004010/decision_artifacts/custom/mixed-lite-pod-custom-stress-mixed-t4_snapshot.csv,/Users/finleyaf/Documents/COMP3931 Individual Project/project_folder/scheduler-prediction/online/results/stage_c_pi_guarded_retry_20260429_004010/decision_artifacts/custom/mixed-lite-pod-custom-stress-mixed-t4_ranking.json,100.0,64.0,0.2351,0.2612,0.2112,0.0,0.05,0.0326,0.05,model,mixed-lite-pod-custom-stress-mixed-t4,mixed-lite,k3s-worker-4,0.0,2.0,2.0,1777427530.0,1777427530.0,1777427532.0,11.0,1.4194,1,1
custom,2,5,normal,normal,,,rank_and_pin,k3s-worker-4,1,,/Users/finleyaf/Documents/COMP3931 Individual Project/project_folder/scheduler-prediction/online/results/stage_c_pi_guarded_retry_20260429_004010/decision_artifacts/custom/cpu-pod-custom-normal-t5_snapshot.csv,/Users/finleyaf/Documents/COMP3931 Individual Project/project_folder/scheduler-prediction/online/results/stage_c_pi_guarded_retry_20260429_004010/decision_artifacts/custom/cpu-pod-custom-normal-t5_ranking.json,250.0,64.0,0.3093,0.3437,0.2187,0.0,0.125,0.0326,0.125,model,cpu-pod-custom-normal-t5,cpu,k3s-worker-4,0.0,2.0,2.0,1777427692.0,1777427692.0,1777427694.0,8.0,1.1034,1,0
custom,2,5,normal,normal,,,rank_and_pin,k3s-worker-4,1,,/Users/finleyaf/Documents/COMP3931 Individual Project/project_folder/scheduler-prediction/online/results/stage_c_pi_guarded_retry_20260429_004010/decision_artifacts/custom/memory-pod-custom-normal-t5_snapshot.csv,/Users/finleyaf/Documents/COMP3931 Individual Project/project_folder/scheduler-prediction/online/results/stage_c_pi_guarded_retry_20260429_004010/decision_artifacts/custom/memory-pod-custom-normal-t5_ranking.json,100.0,256.0,0.3074,0.3416,0.2113,0.0,0.05,0.1303,0.1303,model,memory-pod-custom-normal-t5,memory,k3s-worker-4,0.0,2.0,2.0,1777427812.0,1777427812.0,1777427814.0,8.0,0.4571,0,0
custom,2,5,normal,normal,,,rank_and_pin,k3s-worker-4,1,,/Users/finleyaf/Documents/COMP3931 Individual Project/project_folder/scheduler-prediction/online/results/stage_c_pi_guarded_retry_20260429_004010/decision_artifacts/custom/mixed-pod-custom-normal-t5_snapshot.csv,/Users/finleyaf/Documents/COMP3931 Individual Project/project_folder/scheduler-prediction/online/results/stage_c_pi_guarded_retry_20260429_004010/decision_artifacts/custom/mixed-pod-custom-normal-t5_ranking.json,200.0,128.0,0.2836,0.3151,0.2151,0.0,0.1,0.0651,0.1,model,mixed-pod-custom-normal-t5,mixed,k3s-worker-4,0.0,1.0,1.0,1777427937.0,1777427937.0,1777427938.0,8.0,1.1852,1,0
custom,2,5,normal,normal,,,rank_and_pin,k3s-worker-4,1,,/Users/finleyaf/Documents/COMP3931 Individual Project/project_folder/scheduler-prediction/online/results/stage_c_pi_guarded_retry_20260429_004010/decision_artifacts/custom/cpu-lite-pod-custom-normal-t5_snapshot.csv,/Users/finleyaf/Documents/COMP3931 Individual Project/project_folder/scheduler-prediction/online/results/stage_c_pi_guarded_retry_20260429_004010/decision_artifacts/custom/cpu-lite-pod-custom-normal-t5_ranking.json,100.0,32.0,0.2346,0.2607,0.2107,0.0,0.05,0.0163,0.05,model,cpu-lite-pod-custom-normal-t5,cpu-lite,k3s-worker-4,0.0,2.0,2.0,1777428026.0,1777428026.0,1777428028.0,9.0,1.2414,1,0
custom,2,5,normal,normal,,,rank_and_pin,k3s-worker-4,1,,/Users/finleyaf/Documents/COMP3931 Individual Project/project_folder/scheduler-prediction/online/results/stage_c_pi_guarded_retry_20260429_004010/decision_artifacts/custom/memory-lite-pod-custom-normal-t5_snapshot.csv,/Users/finleyaf/Documents/COMP3931 Individual Project/project_folder/scheduler-prediction/online/results/stage_c_pi_guarded_retry_20260429_004010/decision_artifacts/custom/memory-lite-pod-custom-normal-t5_ranking.json,75.0,96.0,0.2372,0.2636,0.2147,0.0,0.0375,0.0489,0.0489,model,memory-lite-pod-custom-normal-t5,memory-lite,k3s-worker-4,0.0,2.0,2.0,1777428143.0,1777428143.0,1777428145.0,9.0,1.125,1,0
custom,2,5,normal,normal,,,rank_and_pin,k3s-worker-4,1,,/Users/finleyaf/Documents/COMP3931 Individual Project/project_folder/scheduler-prediction/online/results/stage_c_pi_guarded_retry_20260429_004010/decision_artifacts/custom/mixed-lite-pod-custom-normal-t5_snapshot.csv,/Users/finleyaf/Documents/COMP3931 Individual Project/project_folder/scheduler-prediction/online/results/stage_c_pi_guarded_retry_20260429_004010/decision_artifacts/custom/mixed-lite-pod-custom-normal-t5_ranking.json,100.0,64.0,0.2424,0.2693,0.2193,0.0,0.05,0.0326,0.05,model,mixed-lite-pod-custom-normal-t5,mixed-lite,k3s-worker-4,0.0,2.0,2.0,1777428259.0,1777428259.0,1777428261.0,9.0,1.1613,1,0
custom,2,5,stress_cpu,stress,cpu,k3s-worker-2,rank_and_pin,k3s-worker-3,1,0,/Users/finleyaf/Documents/COMP3931 Individual Project/project_folder/scheduler-prediction/online/results/stage_c_pi_guarded_retry_20260429_004010/decision_artifacts/custom/cpu-pod-custom-stress-cpu-t5_snapshot.csv,/Users/finleyaf/Documents/COMP3931 Individual Project/project_folder/scheduler-prediction/online/results/stage_c_pi_guarded_retry_20260429_004010/decision_artifacts/custom/cpu-pod-custom-stress-cpu-t5_ranking.json,250.0,64.0,0.325,0.3611,0.2361,0.0,0.125,0.0326,0.125,model,cpu-pod-custom-stress-cpu-t5,cpu,k3s-worker-3,0.0,3.0,3.0,1777428401.0,1777428401.0,1777428404.0,7.0,0.6512,0,0
custom,2,5,stress_cpu,stress,cpu,k3s-worker-2,rank_and_pin,k3s-worker-3,1,0,/Users/finleyaf/Documents/COMP3931 Individual Project/project_folder/scheduler-prediction/online/results/stage_c_pi_guarded_retry_20260429_004010/decision_artifacts/custom/memory-pod-custom-stress-cpu-t5_snapshot.csv,/Users/finleyaf/Documents/COMP3931 Individual Project/project_folder/scheduler-prediction/online/results/stage_c_pi_guarded_retry_20260429_004010/decision_artifacts/custom/memory-pod-custom-stress-cpu-t5_ranking.json,100.0,256.0,0.322,0.3578,0.2275,0.0,0.05,0.1303,0.1303,model,memory-pod-custom-stress-cpu-t5,memory,k3s-worker-3,0.0,2.0,2.0,1777428525.0,1777428525.0,1777428527.0,14.0,1.3659,1,1
custom,2,5,stress_cpu,stress,cpu,k3s-worker-2,rank_and_pin,k3s-worker-4,1,0,/Users/finleyaf/Documents/COMP3931 Individual Project/project_folder/scheduler-prediction/online/results/stage_c_pi_guarded_retry_20260429_004010/decision_artifacts/custom/mixed-pod-custom-stress-cpu-t5_snapshot.csv,/Users/finleyaf/Documents/COMP3931 Individual Project/project_folder/scheduler-prediction/online/results/stage_c_pi_guarded_retry_20260429_004010/decision_artifacts/custom/mixed-pod-custom-stress-cpu-t5_ranking.json,200.0,128.0,0.2857,0.3174,0.2174,0.0,0.1,0.0651,0.1,model,mixed-pod-custom-stress-cpu-t5,mixed,k3s-worker-4,0.0,2.0,2.0,1777428639.0,1777428639.0,1777428641.0,20.0,1.9048,1,1
custom,2,5,stress_cpu,stress,cpu,k3s-worker-2,rank_and_pin,k3s-worker-4,1,0,/Users/finleyaf/Documents/COMP3931 Individual Project/project_folder/scheduler-prediction/online/results/stage_c_pi_guarded_retry_20260429_004010/decision_artifacts/custom/cpu-lite-pod-custom-stress-cpu-t5_snapshot.csv,/Users/finleyaf/Documents/COMP3931 Individual Project/project_folder/scheduler-prediction/online/results/stage_c_pi_guarded_retry_20260429_004010/decision_artifacts/custom/cpu-lite-pod-custom-stress-cpu-t5_ranking.json,100.0,32.0,0.237,0.2633,0.2133,0.0,0.05,0.0163,0.05,model,cpu-lite-pod-custom-stress-cpu-t5,cpu-lite,k3s-worker-4,0.0,1.0,1.0,1777428756.0,1777428756.0,1777428757.0,9.0,1.125,1,0
custom,2,5,stress_cpu,stress,cpu,k3s-worker-2,rank_and_pin,k3s-worker-4,1,0,/Users/finleyaf/Documents/COMP3931 Individual Project/project_folder/scheduler-prediction/online/results/stage_c_pi_guarded_retry_20260429_004010/decision_artifacts/custom/memory-lite-pod-custom-stress-cpu-t5_snapshot.csv,/Users/finleyaf/Documents/COMP3931 Individual Project/project_folder/scheduler-prediction/online/results/stage_c_pi_guarded_retry_20260429_004010/decision_artifacts/custom/memory-lite-pod-custom-stress-cpu-t5_ranking.json,75.0,96.0,0.2333,0.2593,0.2104,0.0,0.0375,0.0489,0.0489,model,memory-lite-pod-custom-stress-cpu-t5,memory-lite,k3s-worker-4,0.0,2.0,2.0,1777428874.0,1777428874.0,1777428876.0,9.0,1.3333,1,1
custom,2,5,stress_cpu,stress,cpu,k3s-worker-2,rank_and_pin,k3s-worker-4,1,0,/Users/finleyaf/Documents/COMP3931 Individual Project/project_folder/scheduler-prediction/online/results/stage_c_pi_guarded_retry_20260429_004010/decision_artifacts/custom/mixed-lite-pod-custom-stress-cpu-t5_snapshot.csv,/Users/finleyaf/Documents/COMP3931 Individual Project/project_folder/scheduler-prediction/online/results/stage_c_pi_guarded_retry_20260429_004010/decision_artifacts/custom/mixed-lite-pod-custom-stress-cpu-t5_ranking.json,100.0,64.0,0.2408,0.2676,0.2176,0.0,0.05,0.0326,0.05,model,mixed-lite-pod-custom-stress-cpu-t5,mixed-lite,k3s-worker-4,0.0,2.0,2.0,1777428967.0,1777428967.0,1777428969.0,9.0,1.1613,1,0
custom,2,5,stress_memory,stress,memory,k3s-worker-3,rank_and_pin,k3s-worker-4,1,0,/Users/finleyaf/Documents/COMP3931 Individual Project/project_folder/scheduler-prediction/online/results/stage_c_pi_guarded_retry_20260429_004010/decision_artifacts/custom/cpu-pod-custom-stress-memory-t5_snapshot.csv,/Users/finleyaf/Documents/COMP3931 Individual Project/project_folder/scheduler-prediction/online/results/stage_c_pi_guarded_retry_20260429_004010/decision_artifacts/custom/cpu-pod-custom-stress-memory-t5_ranking.json,250.0,64.0,0.3086,0.3429,0.2179,0.0,0.125,0.0326,0.125,model,cpu-pod-custom-stress-memory-t5,cpu,k3s-worker-4,0.0,2.0,2.0,1777429116.0,1777429116.0,1777429118.0,9.0,0.9,0,0
custom,2,5,stress_memory,stress,memory,k3s-worker-3,rank_and_pin,k3s-worker-4,1,0,/Users/finleyaf/Documents/COMP3931 Individual Project/project_folder/scheduler-prediction/online/results/stage_c_pi_guarded_retry_20260429_004010/decision_artifacts/custom/memory-pod-custom-stress-memory-t5_snapshot.csv,/Users/finleyaf/Documents/COMP3931 Individual Project/project_folder/scheduler-prediction/online/results/stage_c_pi_guarded_retry_20260429_004010/decision_artifacts/custom/memory-pod-custom-stress-memory-t5_ranking.json,100.0,256.0,0.3111,0.3457,0.2154,0.0,0.05,0.1303,0.1303,model,memory-pod-custom-stress-memory-t5,memory,k3s-worker-4,0.0,2.0,2.0,1777429240.0,1777429240.0,1777429242.0,10.0,1.0526,0,0
custom,2,5,stress_memory,stress,memory,k3s-worker-3,rank_and_pin,k3s-worker-4,1,0,/Users/finleyaf/Documents/COMP3931 Individual Project/project_folder/scheduler-prediction/online/results/stage_c_pi_guarded_retry_20260429_004010/decision_artifacts/custom/mixed-pod-custom-stress-memory-t5_snapshot.csv,/Users/finleyaf/Documents/COMP3931 Individual Project/project_folder/scheduler-prediction/online/results/stage_c_pi_guarded_retry_20260429_004010/decision_artifacts/custom/mixed-pod-custom-stress-memory-t5_ranking.json,200.0,128.0,0.2813,0.3126,0.2126,0.0,0.1,0.0651,0.1,model,mixed-pod-custom-stress-memory-t5,mixed,k3s-worker-4,1.0,1.0,2.0,1777429354.0,1777429355.0,1777429356.0,10.0,1.25,1,1
custom,2,5,stress_memory,stress,memory,k3s-worker-3,rank_and_pin,k3s-worker-4,1,0,/Users/finleyaf/Documents/COMP3931 Individual Project/project_folder/scheduler-prediction/online/results/stage_c_pi_guarded_retry_20260429_004010/decision_artifacts/custom/cpu-lite-pod-custom-stress-memory-t5_snapshot.csv,/Users/finleyaf/Documents/COMP3931 Individual Project/project_folder/scheduler-prediction/online/results/stage_c_pi_guarded_retry_20260429_004010/decision_artifacts/custom/cpu-lite-pod-custom-stress-memory-t5_ranking.json,100.0,32.0,0.2368,0.2631,0.2131,0.0,0.05,0.0163,0.05,model,cpu-lite-pod-custom-stress-memory-t5,cpu-lite,k3s-worker-4,0.0,1.0,1.0,1777429448.0,1777429448.0,1777429449.0,9.0,1.2,1,0
custom,2,5,stress_memory,stress,memory,k3s-worker-3,rank_and_pin,k3s-worker-4,1,0,/Users/finleyaf/Documents/COMP3931 Individual Project/project_folder/scheduler-prediction/online/results/stage_c_pi_guarded_retry_20260429_004010/decision_artifacts/custom/memory-lite-pod-custom-stress-memory-t5_snapshot.csv,/Users/finleyaf/Documents/COMP3931 Individual Project/project_folder/scheduler-prediction/online/results/stage_c_pi_guarded_retry_20260429_004010/decision_artifacts/custom/memory-lite-pod-custom-stress-memory-t5_ranking.json,75.0,96.0,0.2345,0.2606,0.2117,0.0,0.0375,0.0489,0.0489,model,memory-lite-pod-custom-stress-memory-t5,memory-lite,k3s-worker-4,0.0,2.0,2.0,1777429565.0,1777429565.0,1777429567.0,9.0,1.2,1,0
custom,2,5,stress_memory,stress,memory,k3s-worker-3,rank_and_pin,k3s-worker-4,1,0,/Users/finleyaf/Documents/COMP3931 Individual Project/project_folder/scheduler-prediction/online/results/stage_c_pi_guarded_retry_20260429_004010/decision_artifacts/custom/mixed-lite-pod-custom-stress-memory-t5_snapshot.csv,/Users/finleyaf/Documents/COMP3931 Individual Project/project_folder/scheduler-prediction/online/results/stage_c_pi_guarded_retry_20260429_004010/decision_artifacts/custom/mixed-lite-pod-custom-stress-memory-t5_ranking.json,100.0,64.0,0.2359,0.2621,0.2121,0.0,0.05,0.0326,0.05,model,mixed-lite-pod-custom-stress-memory-t5,mixed-lite,k3s-worker-4,0.0,1.0,1.0,1777429689.0,1777429689.0,1777429690.0,9.0,1.125,1,0
custom,2,5,stress_mixed,stress,mixed,k3s-worker-4,rank_and_pin,k3s-worker-4,1,1,/Users/finleyaf/Documents/COMP3931 Individual Project/project_folder/scheduler-prediction/online/results/stage_c_pi_guarded_retry_20260429_004010/decision_artifacts/custom/cpu-pod-custom-stress-mixed-t5_snapshot.csv,/Users/finleyaf/Documents/COMP3931 Individual Project/project_folder/scheduler-prediction/online/results/stage_c_pi_guarded_retry_20260429_004010/decision_artifacts/custom/cpu-pod-custom-stress-mixed-t5_ranking.json,250.0,64.0,0.3166,0.3518,0.2268,0.0,0.125,0.0326,0.125,model,cpu-pod-custom-stress-mixed-t5,cpu,k3s-worker-4,0.0,9.0,9.0,1777429836.0,1777429836.0,1777429845.0,25.0,2.0833,1,1
custom,2,5,stress_mixed,stress,mixed,k3s-worker-4,rank_and_pin,k3s-worker-4,1,1,/Users/finleyaf/Documents/COMP3931 Individual Project/project_folder/scheduler-prediction/online/results/stage_c_pi_guarded_retry_20260429_004010/decision_artifacts/custom/memory-pod-custom-stress-mixed-t5_snapshot.csv,/Users/finleyaf/Documents/COMP3931 Individual Project/project_folder/scheduler-prediction/online/results/stage_c_pi_guarded_retry_20260429_004010/decision_artifacts/custom/memory-pod-custom-stress-mixed-t5_ranking.json,100.0,256.0,0.3015,0.335,0.2047,0.0,0.05,0.1303,0.1303,model,memory-pod-custom-stress-mixed-t5,memory,k3s-worker-4,0.0,3.0,3.0,1777429967.0,1777429967.0,1777429970.0,12.0,1.5,1,1
custom,2,5,stress_mixed,stress,mixed,k3s-worker-4,rank_and_pin,k3s-worker-4,1,1,/Users/finleyaf/Documents/COMP3931 Individual Project/project_folder/scheduler-prediction/online/results/stage_c_pi_guarded_retry_20260429_004010/decision_artifacts/custom/mixed-pod-custom-stress-mixed-t5_snapshot.csv,/Users/finleyaf/Documents/COMP3931 Individual Project/project_folder/scheduler-prediction/online/results/stage_c_pi_guarded_retry_20260429_004010/decision_artifacts/custom/mixed-pod-custom-stress-mixed-t5_ranking.json,200.0,128.0,0.2703,0.3003,0.2003,0.0,0.1,0.0651,0.1,model,mixed-pod-custom-stress-mixed-t5,mixed,k3s-worker-4,0.0,1.0,1.0,1777430091.0,1777430091.0,1777430092.0,8.0,1.1034,1,0
custom,2,5,stress_mixed,stress,mixed,k3s-worker-4,rank_and_pin,k3s-worker-2,1,0,/Users/finleyaf/Documents/COMP3931 Individual Project/project_folder/scheduler-prediction/online/results/stage_c_pi_guarded_retry_20260429_004010/decision_artifacts/custom/cpu-lite-pod-custom-stress-mixed-t5_snapshot.csv,/Users/finleyaf/Documents/COMP3931 Individual Project/project_folder/scheduler-prediction/online/results/stage_c_pi_guarded_retry_20260429_004010/decision_artifacts/custom/cpu-lite-pod-custom-stress-mixed-t5_ranking.json,100.0,32.0,0.2579,0.2866,0.2366,0.0,0.05,0.0163,0.05,model,cpu-lite-pod-custom-stress-mixed-t5,cpu-lite,k3s-worker-2,0.0,1.0,1.0,1777430213.0,1777430213.0,1777430214.0,44.0,1.3233,1,1
custom,2,5,stress_mixed,stress,mixed,k3s-worker-4,rank_and_pin,k3s-worker-4,1,1,/Users/finleyaf/Documents/COMP3931 Individual Project/project_folder/scheduler-prediction/online/results/stage_c_pi_guarded_retry_20260429_004010/decision_artifacts/custom/memory-lite-pod-custom-stress-mixed-t5_snapshot.csv,/Users/finleyaf/Documents/COMP3931 Individual Project/project_folder/scheduler-prediction/online/results/stage_c_pi_guarded_retry_20260429_004010/decision_artifacts/custom/memory-lite-pod-custom-stress-mixed-t5_ranking.json,75.0,96.0,0.2345,0.2606,0.2117,0.0,0.0375,0.0489,0.0489,model,memory-lite-pod-custom-stress-mixed-t5,memory-lite,k3s-worker-4,0.0,1.0,1.0,1777430334.0,1777430334.0,1777430335.0,11.0,1.4194,1,1
custom,2,5,stress_mixed,stress,mixed,k3s-worker-4,rank_and_pin,k3s-worker-4,1,1,/Users/finleyaf/Documents/COMP3931 Individual Project/project_folder/scheduler-prediction/online/results/stage_c_pi_guarded_retry_20260429_004010/decision_artifacts/custom/mixed-lite-pod-custom-stress-mixed-t5_snapshot.csv,/Users/finleyaf/Documents/COMP3931 Individual Project/project_folder/scheduler-prediction/online/results/stage_c_pi_guarded_retry_20260429_004010/decision_artifacts/custom/mixed-lite-pod-custom-stress-mixed-t5_ranking.json,100.0,64.0,0.2395,0.2661,0.2161,0.0,0.05,0.0326,0.05,model,mixed-lite-pod-custom-stress-mixed-t5,mixed-lite,k3s-worker-4,0.0,2.0,2.0,1777430428.0,1777430428.0,1777430430.0,9.0,1.2414,1,0
custom,1,6,normal,normal,,,rank_and_pin,k3s-worker-4,1,,/Users/finleyaf/Documents/COMP3931 Individual Project/project_folder/scheduler-prediction/online/results/stage_c_pi_guarded_retry_20260429_004010/decision_artifacts/custom/cpu-pod-custom-normal-t6_snapshot.csv,/Users/finleyaf/Documents/COMP3931 Individual Project/project_folder/scheduler-prediction/online/results/stage_c_pi_guarded_retry_20260429_004010/decision_artifacts/custom/cpu-pod-custom-normal-t6_ranking.json,250.0,64.0,0.3056,0.3395,0.2145,0.0,0.125,0.0326,0.125,model,cpu-pod-custom-normal-t6,cpu,k3s-worker-4,0.0,1.0,1.0,1777430497.0,1777430497.0,1777430498.0,9.0,1.2414,1,0
custom,1,6,normal,normal,,,rank_and_pin,k3s-worker-4,1,,/Users/finleyaf/Documents/COMP3931 Individual Project/project_folder/scheduler-prediction/online/results/stage_c_pi_guarded_retry_20260429_004010/decision_artifacts/custom/memory-pod-custom-normal-t6_snapshot.csv,/Users/finleyaf/Documents/COMP3931 Individual Project/project_folder/scheduler-prediction/online/results/stage_c_pi_guarded_retry_20260429_004010/decision_artifacts/custom/memory-pod-custom-normal-t6_ranking.json,100.0,256.0,0.3134,0.3482,0.2179,0.0,0.05,0.1303,0.1303,model,memory-pod-custom-normal-t6,memory,k3s-worker-4,0.0,2.0,2.0,1777430616.0,1777430616.0,1777430618.0,9.0,1.2,1,0
custom,1,6,normal,normal,,,rank_and_pin,k3s-worker-4,1,,/Users/finleyaf/Documents/COMP3931 Individual Project/project_folder/scheduler-prediction/online/results/stage_c_pi_guarded_retry_20260429_004010/decision_artifacts/custom/mixed-pod-custom-normal-t6_snapshot.csv,/Users/finleyaf/Documents/COMP3931 Individual Project/project_folder/scheduler-prediction/online/results/stage_c_pi_guarded_retry_20260429_004010/decision_artifacts/custom/mixed-pod-custom-normal-t6_ranking.json,200.0,128.0,0.2769,0.3077,0.2077,0.0,0.1,0.0651,0.1,model,mixed-pod-custom-normal-t6,mixed,k3s-worker-4,0.0,1.0,1.0,1777430735.0,1777430735.0,1777430736.0,9.0,1.2,1,0
custom,1,6,normal,normal,,,rank_and_pin,k3s-worker-4,1,,/Users/finleyaf/Documents/COMP3931 Individual Project/project_folder/scheduler-prediction/online/results/stage_c_pi_guarded_retry_20260429_004010/decision_artifacts/custom/cpu-lite-pod-custom-normal-t6_snapshot.csv,/Users/finleyaf/Documents/COMP3931 Individual Project/project_folder/scheduler-prediction/online/results/stage_c_pi_guarded_retry_20260429_004010/decision_artifacts/custom/cpu-lite-pod-custom-normal-t6_ranking.json,100.0,32.0,0.23,0.2555,0.2055,0.0,0.05,0.0163,0.05,model,cpu-lite-pod-custom-normal-t6,cpu-lite,k3s-worker-4,0.0,1.0,1.0,1777430855.0,1777430855.0,1777430856.0,11.0,1.3333,1,1
custom,1,6,normal,normal,,,rank_and_pin,k3s-worker-4,1,,/Users/finleyaf/Documents/COMP3931 Individual Project/project_folder/scheduler-prediction/online/results/stage_c_pi_guarded_retry_20260429_004010/decision_artifacts/custom/memory-lite-pod-custom-normal-t6_snapshot.csv,/Users/finleyaf/Documents/COMP3931 Individual Project/project_folder/scheduler-prediction/online/results/stage_c_pi_guarded_retry_20260429_004010/decision_artifacts/custom/memory-lite-pod-custom-normal-t6_ranking.json,75.0,96.0,0.2261,0.2513,0.2024,0.0,0.0375,0.0489,0.0489,model,memory-lite-pod-custom-normal-t6,memory-lite,k3s-worker-4,0.0,2.0,2.0,1777430949.0,1777430949.0,1777430951.0,9.0,1.2,1,0
custom,1,6,normal,normal,,,rank_and_pin,k3s-worker-4,1,,/Users/finleyaf/Documents/COMP3931 Individual Project/project_folder/scheduler-prediction/online/results/stage_c_pi_guarded_retry_20260429_004010/decision_artifacts/custom/mixed-lite-pod-custom-normal-t6_snapshot.csv,/Users/finleyaf/Documents/COMP3931 Individual Project/project_folder/scheduler-prediction/online/results/stage_c_pi_guarded_retry_20260429_004010/decision_artifacts/custom/mixed-lite-pod-custom-normal-t6_ranking.json,100.0,64.0,0.2277,0.253,0.203,0.0,0.05,0.0326,0.05,model,mixed-lite-pod-custom-normal-t6,mixed-lite,k3s-worker-4,0.0,2.0,2.0,1777431069.0,1777431069.0,1777431071.0,9.0,1.2,1,0
custom,1,6,stress_cpu,stress,cpu,k3s-worker-3,rank_and_pin,k3s-worker-4,1,0,/Users/finleyaf/Documents/COMP3931 Individual Project/project_folder/scheduler-prediction/online/results/stage_c_pi_guarded_retry_20260429_004010/decision_artifacts/custom/cpu-pod-custom-stress-cpu-t6_snapshot.csv,/Users/finleyaf/Documents/COMP3931 Individual Project/project_folder/scheduler-prediction/online/results/stage_c_pi_guarded_retry_20260429_004010/decision_artifacts/custom/cpu-pod-custom-stress-cpu-t6_ranking.json,250.0,64.0,0.2976,0.3307,0.2057,0.0,0.125,0.0326,0.125,model,cpu-pod-custom-stress-cpu-t6,cpu,k3s-worker-4,0.0,2.0,2.0,1777431210.0,1777431210.0,1777431212.0,9.0,0.48,0,0
custom,1,6,stress_cpu,stress,cpu,k3s-worker-3,rank_and_pin,k3s-worker-4,1,0,/Users/finleyaf/Documents/COMP3931 Individual Project/project_folder/scheduler-prediction/online/results/stage_c_pi_guarded_retry_20260429_004010/decision_artifacts/custom/memory-pod-custom-stress-cpu-t6_snapshot.csv,/Users/finleyaf/Documents/COMP3931 Individual Project/project_folder/scheduler-prediction/online/results/stage_c_pi_guarded_retry_20260429_004010/decision_artifacts/custom/memory-pod-custom-stress-cpu-t6_ranking.json,100.0,256.0,0.3038,0.3376,0.2073,0.0,0.05,0.1303,0.1303,model,memory-pod-custom-stress-cpu-t6,memory,k3s-worker-4,0.0,1.0,1.0,1777431329.0,1777431329.0,1777431330.0,9.0,0.6545,0,0
custom,1,6,stress_cpu,stress,cpu,k3s-worker-3,rank_and_pin,k3s-worker-4,1,0,/Users/finleyaf/Documents/COMP3931 Individual Project/project_folder/scheduler-prediction/online/results/stage_c_pi_guarded_retry_20260429_004010/decision_artifacts/custom/mixed-pod-custom-stress-cpu-t6_snapshot.csv,/Users/finleyaf/Documents/COMP3931 Individual Project/project_folder/scheduler-prediction/online/results/stage_c_pi_guarded_retry_20260429_004010/decision_artifacts/custom/mixed-pod-custom-stress-cpu-t6_ranking.json,200.0,128.0,0.2757,0.3063,0.2063,0.0,0.1,0.0651,0.1,model,mixed-pod-custom-stress-cpu-t6,mixed,k3s-worker-4,0.0,1.0,1.0,1777431451.0,1777431451.0,1777431452.0,9.0,1.0588,0,0
custom,1,6,stress_cpu,stress,cpu,k3s-worker-3,rank_and_pin,k3s-worker-4,1,0,/Users/finleyaf/Documents/COMP3931 Individual Project/project_folder/scheduler-prediction/online/results/stage_c_pi_guarded_retry_20260429_004010/decision_artifacts/custom/cpu-lite-pod-custom-stress-cpu-t6_snapshot.csv,/Users/finleyaf/Documents/COMP3931 Individual Project/project_folder/scheduler-prediction/online/results/stage_c_pi_guarded_retry_20260429_004010/decision_artifacts/custom/cpu-lite-pod-custom-stress-cpu-t6_ranking.json,100.0,32.0,0.229,0.2544,0.2044,0.0,0.05,0.0163,0.05,model,cpu-lite-pod-custom-stress-cpu-t6,cpu-lite,k3s-worker-4,0.0,1.0,1.0,1777431571.0,1777431571.0,1777431572.0,19.0,1.9487,1,1
custom,1,6,stress_cpu,stress,cpu,k3s-worker-3,rank_and_pin,k3s-worker-4,1,0,/Users/finleyaf/Documents/COMP3931 Individual Project/project_folder/scheduler-prediction/online/results/stage_c_pi_guarded_retry_20260429_004010/decision_artifacts/custom/memory-lite-pod-custom-stress-cpu-t6_snapshot.csv,/Users/finleyaf/Documents/COMP3931 Individual Project/project_folder/scheduler-prediction/online/results/stage_c_pi_guarded_retry_20260429_004010/decision_artifacts/custom/memory-lite-pod-custom-stress-cpu-t6_ranking.json,75.0,96.0,0.2276,0.2529,0.204,0.0,0.0375,0.0489,0.0489,model,memory-lite-pod-custom-stress-cpu-t6,memory-lite,k3s-worker-4,0.0,1.0,1.0,1777431691.0,1777431691.0,1777431692.0,12.0,1.4545,1,1
custom,1,6,stress_cpu,stress,cpu,k3s-worker-3,rank_and_pin,k3s-worker-4,1,0,/Users/finleyaf/Documents/COMP3931 Individual Project/project_folder/scheduler-prediction/online/results/stage_c_pi_guarded_retry_20260429_004010/decision_artifacts/custom/mixed-lite-pod-custom-stress-cpu-t6_snapshot.csv,/Users/finleyaf/Documents/COMP3931 Individual Project/project_folder/scheduler-prediction/online/results/stage_c_pi_guarded_retry_20260429_004010/decision_artifacts/custom/mixed-lite-pod-custom-stress-cpu-t6_ranking.json,100.0,64.0,0.232,0.2578,0.2078,0.0,0.05,0.0326,0.05,model,mixed-lite-pod-custom-stress-cpu-t6,mixed-lite,k3s-worker-4,0.0,1.0,1.0,1777431817.0,1777431817.0,1777431818.0,9.0,1.2414,1,0
custom,1,6,stress_memory,stress,memory,k3s-worker-4,rank_and_pin,k3s-worker-4,1,1,/Users/finleyaf/Documents/COMP3931 Individual Project/project_folder/scheduler-prediction/online/results/stage_c_pi_guarded_retry_20260429_004010/decision_artifacts/custom/cpu-pod-custom-stress-memory-t6_snapshot.csv,/Users/finleyaf/Documents/COMP3931 Individual Project/project_folder/scheduler-prediction/online/results/stage_c_pi_guarded_retry_20260429_004010/decision_artifacts/custom/cpu-pod-custom-stress-memory-t6_ranking.json,250.0,64.0,0.2582,0.2869,0.1619,0.0,0.125,0.0326,0.125,model,cpu-pod-custom-stress-memory-t6,cpu,k3s-worker-4,0.0,2.0,2.0,1777431945.0,1777431945.0,1777431947.0,59.0,2.9873,1,1
custom,1,6,stress_memory,stress,memory,k3s-worker-4,rank_and_pin,k3s-worker-4,1,1,/Users/finleyaf/Documents/COMP3931 Individual Project/project_folder/scheduler-prediction/online/results/stage_c_pi_guarded_retry_20260429_004010/decision_artifacts/custom/memory-pod-custom-stress-memory-t6_snapshot.csv,/Users/finleyaf/Documents/COMP3931 Individual Project/project_folder/scheduler-prediction/online/results/stage_c_pi_guarded_retry_20260429_004010/decision_artifacts/custom/memory-pod-custom-stress-memory-t6_ranking.json,100.0,256.0,0.2825,0.3139,0.1836,0.0,0.05,0.1303,0.1303,model,memory-pod-custom-stress-memory-t6,memory,k3s-worker-4,0.0,8.0,8.0,1777432078.0,1777432078.0,1777432086.0,20.0,1.9512,1,1
custom,1,6,stress_memory,stress,memory,k3s-worker-4,rank_and_pin,k3s-worker-4,1,1,/Users/finleyaf/Documents/COMP3931 Individual Project/project_folder/scheduler-prediction/online/results/stage_c_pi_guarded_retry_20260429_004010/decision_artifacts/custom/mixed-pod-custom-stress-memory-t6_snapshot.csv,/Users/finleyaf/Documents/COMP3931 Individual Project/project_folder/scheduler-prediction/online/results/stage_c_pi_guarded_retry_20260429_004010/decision_artifacts/custom/mixed-pod-custom-stress-memory-t6_ranking.json,200.0,128.0,0.3014,0.3349,0.2349,0.0,0.1,0.0651,0.1,model,mixed-pod-custom-stress-memory-t6,mixed,k3s-worker-4,0.0,2.0,2.0,1777432205.0,1777432205.0,1777432207.0,9.0,1.1613,1,0
custom,1,6,stress_memory,stress,memory,k3s-worker-4,rank_and_pin,k3s-worker-3,1,0,/Users/finleyaf/Documents/COMP3931 Individual Project/project_folder/scheduler-prediction/online/results/stage_c_pi_guarded_retry_20260429_004010/decision_artifacts/custom/cpu-lite-pod-custom-stress-memory-t6_snapshot.csv,/Users/finleyaf/Documents/COMP3931 Individual Project/project_folder/scheduler-prediction/online/results/stage_c_pi_guarded_retry_20260429_004010/decision_artifacts/custom/cpu-lite-pod-custom-stress-memory-t6_ranking.json,100.0,32.0,0.263,0.2922,0.2422,0.0,0.05,0.0163,0.05,model,cpu-lite-pod-custom-stress-memory-t6,cpu-lite,k3s-worker-3,0.0,2.0,2.0,1777432324.0,1777432324.0,1777432326.0,8.0,1.1034,1,0
custom,1,6,stress_memory,stress,memory,k3s-worker-4,rank_and_pin,k3s-worker-3,1,0,/Users/finleyaf/Documents/COMP3931 Individual Project/project_folder/scheduler-prediction/online/results/stage_c_pi_guarded_retry_20260429_004010/decision_artifacts/custom/memory-lite-pod-custom-stress-memory-t6_snapshot.csv,/Users/finleyaf/Documents/COMP3931 Individual Project/project_folder/scheduler-prediction/online/results/stage_c_pi_guarded_retry_20260429_004010/decision_artifacts/custom/memory-lite-pod-custom-stress-memory-t6_ranking.json,75.0,96.0,0.2562,0.2847,0.2358,0.0,0.0375,0.0489,0.0489,model,memory-lite-pod-custom-stress-memory-t6,memory-lite,k3s-worker-3,0.0,2.0,2.0,1777432417.0,1777432417.0,1777432419.0,8.0,1.1034,1,0
custom,1,6,stress_memory,stress,memory,k3s-worker-4,rank_and_pin,k3s-worker-2,1,0,/Users/finleyaf/Documents/COMP3931 Individual Project/project_folder/scheduler-prediction/online/results/stage_c_pi_guarded_retry_20260429_004010/decision_artifacts/custom/mixed-lite-pod-custom-stress-memory-t6_snapshot.csv,/Users/finleyaf/Documents/COMP3931 Individual Project/project_folder/scheduler-prediction/online/results/stage_c_pi_guarded_retry_20260429_004010/decision_artifacts/custom/mixed-lite-pod-custom-stress-memory-t6_ranking.json,100.0,64.0,0.2597,0.2886,0.2386,0.0,0.05,0.0326,0.05,model,mixed-lite-pod-custom-stress-memory-t6,mixed-lite,k3s-worker-2,0.0,1.0,1.0,1777432535.0,1777432535.0,1777432536.0,11.0,1.4194,1,1
custom,1,6,stress_mixed,stress,mixed,raspberrypi,rank_and_pin,k3s-worker-3,1,0,/Users/finleyaf/Documents/COMP3931 Individual Project/project_folder/scheduler-prediction/online/results/stage_c_pi_guarded_retry_20260429_004010/decision_artifacts/custom/cpu-pod-custom-stress-mixed-t6_snapshot.csv,/Users/finleyaf/Documents/COMP3931 Individual Project/project_folder/scheduler-prediction/online/results/stage_c_pi_guarded_retry_20260429_004010/decision_artifacts/custom/cpu-pod-custom-stress-mixed-t6_ranking.json,250.0,64.0,0.3274,0.3638,0.2388,0.0,0.125,0.0326,0.125,model,cpu-pod-custom-stress-mixed-t6,cpu,k3s-worker-3,0.0,1.0,1.0,1777432691.0,1777432691.0,1777432692.0,8.0,0.4848,0,0
custom,1,6,stress_mixed,stress,mixed,raspberrypi,rank_and_pin,k3s-worker-3,1,0,/Users/finleyaf/Documents/COMP3931 Individual Project/project_folder/scheduler-prediction/online/results/stage_c_pi_guarded_retry_20260429_004010/decision_artifacts/custom/memory-pod-custom-stress-mixed-t6_snapshot.csv,/Users/finleyaf/Documents/COMP3931 Individual Project/project_folder/scheduler-prediction/online/results/stage_c_pi_guarded_retry_20260429_004010/decision_artifacts/custom/memory-pod-custom-stress-mixed-t6_ranking.json,100.0,256.0,0.3327,0.3697,0.2394,0.0,0.05,0.1303,0.1303,model,memory-pod-custom-stress-mixed-t6,memory,k3s-worker-3,0.0,1.0,1.0,1777432812.0,1777432812.0,1777432813.0,9.0,0.3871,0,0
custom,1,6,stress_mixed,stress,mixed,raspberrypi,rank_and_pin,k3s-worker-2,1,0,/Users/finleyaf/Documents/COMP3931 Individual Project/project_folder/scheduler-prediction/online/results/stage_c_pi_guarded_retry_20260429_004010/decision_artifacts/custom/mixed-pod-custom-stress-mixed-t6_snapshot.csv,/Users/finleyaf/Documents/COMP3931 Individual Project/project_folder/scheduler-prediction/online/results/stage_c_pi_guarded_retry_20260429_004010/decision_artifacts/custom/mixed-pod-custom-stress-mixed-t6_ranking.json,200.0,128.0,0.2974,0.3304,0.2304,0.0,0.1,0.0651,0.1,model,mixed-pod-custom-stress-mixed-t6,mixed,k3s-worker-2,0.0,1.0,1.0,1777432928.0,1777432928.0,1777432929.0,10.0,1.2121,1,0
custom,1,6,stress_mixed,stress,mixed,raspberrypi,rank_and_pin,k3s-worker-3,1,0,/Users/finleyaf/Documents/COMP3931 Individual Project/project_folder/scheduler-prediction/online/results/stage_c_pi_guarded_retry_20260429_004010/decision_artifacts/custom/cpu-lite-pod-custom-stress-mixed-t6_snapshot.csv,/Users/finleyaf/Documents/COMP3931 Individual Project/project_folder/scheduler-prediction/online/results/stage_c_pi_guarded_retry_20260429_004010/decision_artifacts/custom/cpu-lite-pod-custom-stress-mixed-t6_ranking.json,100.0,32.0,0.2636,0.2929,0.2429,0.0,0.05,0.0163,0.05,model,cpu-lite-pod-custom-stress-mixed-t6,cpu-lite,k3s-worker-3,0.0,1.0,1.0,1777433045.0,1777433045.0,1777433046.0,9.0,1.1613,1,0
custom,1,6,stress_mixed,stress,mixed,raspberrypi,rank_and_pin,k3s-worker-3,1,0,/Users/finleyaf/Documents/COMP3931 Individual Project/project_folder/scheduler-prediction/online/results/stage_c_pi_guarded_retry_20260429_004010/decision_artifacts/custom/memory-lite-pod-custom-stress-mixed-t6_snapshot.csv,/Users/finleyaf/Documents/COMP3931 Individual Project/project_folder/scheduler-prediction/online/results/stage_c_pi_guarded_retry_20260429_004010/decision_artifacts/custom/memory-lite-pod-custom-stress-mixed-t6_ranking.json,75.0,96.0,0.2521,0.2802,0.2313,0.0,0.0375,0.0489,0.0489,model,memory-lite-pod-custom-stress-mixed-t6,memory-lite,k3s-worker-3,0.0,2.0,2.0,1777433162.0,1777433162.0,1777433164.0,8.0,1.1034,1,0
custom,1,6,stress_mixed,stress,mixed,raspberrypi,rank_and_pin,k3s-worker-3,1,0,/Users/finleyaf/Documents/COMP3931 Individual Project/project_folder/scheduler-prediction/online/results/stage_c_pi_guarded_retry_20260429_004010/decision_artifacts/custom/mixed-lite-pod-custom-stress-mixed-t6_snapshot.csv,/Users/finleyaf/Documents/COMP3931 Individual Project/project_folder/scheduler-prediction/online/results/stage_c_pi_guarded_retry_20260429_004010/decision_artifacts/custom/mixed-lite-pod-custom-stress-mixed-t6_ranking.json,100.0,64.0,0.2596,0.2885,0.2385,0.0,0.05,0.0326,0.05,model,mixed-lite-pod-custom-stress-mixed-t6,mixed-lite,k3s-worker-3,0.0,2.0,2.0,1777433283.0,1777433283.0,1777433285.0,9.0,1.1613,1,0
custom,2,7,normal,normal,,,rank_and_pin,k3s-worker-2,1,,/Users/finleyaf/Documents/COMP3931 Individual Project/project_folder/scheduler-prediction/online/results/stage_c_pi_guarded_retry_20260429_004010/decision_artifacts/custom/cpu-pod-custom-normal-t7_snapshot.csv,/Users/finleyaf/Documents/COMP3931 Individual Project/project_folder/scheduler-prediction/online/results/stage_c_pi_guarded_retry_20260429_004010/decision_artifacts/custom/cpu-pod-custom-normal-t7_ranking.json,250.0,64.0,0.3286,0.3651,0.2401,0.0,0.125,0.0326,0.125,model,cpu-pod-custom-normal-t7,cpu,k3s-worker-2,0.0,1.0,1.0,1777433445.0,1777433445.0,1777433446.0,23.0,2.1395,1,1
custom,2,7,normal,normal,,,rank_and_pin,k3s-worker-3,1,,/Users/finleyaf/Documents/COMP3931 Individual Project/project_folder/scheduler-prediction/online/results/stage_c_pi_guarded_retry_20260429_004010/decision_artifacts/custom/memory-pod-custom-normal-t7_snapshot.csv,/Users/finleyaf/Documents/COMP3931 Individual Project/project_folder/scheduler-prediction/online/results/stage_c_pi_guarded_retry_20260429_004010/decision_artifacts/custom/memory-pod-custom-normal-t7_ranking.json,100.0,256.0,0.3268,0.3631,0.2328,0.0,0.05,0.1303,0.1303,model,memory-pod-custom-normal-t7,memory,k3s-worker-3,1.0,1.0,2.0,1777433559.0,1777433560.0,1777433561.0,15.0,1.6216,1,1
custom,2,7,normal,normal,,,rank_and_pin,k3s-worker-3,1,,/Users/finleyaf/Documents/COMP3931 Individual Project/project_folder/scheduler-prediction/online/results/stage_c_pi_guarded_retry_20260429_004010/decision_artifacts/custom/mixed-pod-custom-normal-t7_snapshot.csv,/Users/finleyaf/Documents/COMP3931 Individual Project/project_folder/scheduler-prediction/online/results/stage_c_pi_guarded_retry_20260429_004010/decision_artifacts/custom/mixed-pod-custom-normal-t7_ranking.json,200.0,128.0,0.3005,0.3339,0.2339,0.0,0.1,0.0651,0.1,model,mixed-pod-custom-normal-t7,mixed,k3s-worker-3,0.0,1.0,1.0,1777433679.0,1777433679.0,1777433680.0,8.0,0.8889,0,0
custom,2,7,normal,normal,,,rank_and_pin,k3s-worker-3,1,,/Users/finleyaf/Documents/COMP3931 Individual Project/project_folder/scheduler-prediction/online/results/stage_c_pi_guarded_retry_20260429_004010/decision_artifacts/custom/cpu-lite-pod-custom-normal-t7_snapshot.csv,/Users/finleyaf/Documents/COMP3931 Individual Project/project_folder/scheduler-prediction/online/results/stage_c_pi_guarded_retry_20260429_004010/decision_artifacts/custom/cpu-lite-pod-custom-normal-t7_ranking.json,100.0,32.0,0.2556,0.284,0.234,0.0,0.05,0.0163,0.05,model,cpu-lite-pod-custom-normal-t7,cpu-lite,k3s-worker-3,0.0,2.0,2.0,1777433773.0,1777433773.0,1777433775.0,8.0,1.1034,1,0
custom,2,7,normal,normal,,,rank_and_pin,k3s-worker-2,1,,/Users/finleyaf/Documents/COMP3931 Individual Project/project_folder/scheduler-prediction/online/results/stage_c_pi_guarded_retry_20260429_004010/decision_artifacts/custom/memory-lite-pod-custom-normal-t7_snapshot.csv,/Users/finleyaf/Documents/COMP3931 Individual Project/project_folder/scheduler-prediction/online/results/stage_c_pi_guarded_retry_20260429_004010/decision_artifacts/custom/memory-lite-pod-custom-normal-t7_ranking.json,75.0,96.0,0.253,0.2812,0.2323,0.0,0.0375,0.0489,0.0489,model,memory-lite-pod-custom-normal-t7,memory-lite,k3s-worker-2,0.0,1.0,1.0,1777433894.0,1777433894.0,1777433895.0,12.0,1.5484,1,1
custom,2,7,normal,normal,,,rank_and_pin,k3s-worker-3,1,,/Users/finleyaf/Documents/COMP3931 Individual Project/project_folder/scheduler-prediction/online/results/stage_c_pi_guarded_retry_20260429_004010/decision_artifacts/custom/mixed-lite-pod-custom-normal-t7_snapshot.csv,/Users/finleyaf/Documents/COMP3931 Individual Project/project_folder/scheduler-prediction/online/results/stage_c_pi_guarded_retry_20260429_004010/decision_artifacts/custom/mixed-lite-pod-custom-normal-t7_ranking.json,100.0,64.0,0.253,0.2811,0.2311,0.0,0.05,0.0326,0.05,model,mixed-lite-pod-custom-normal-t7,mixed-lite,k3s-worker-3,0.0,1.0,1.0,1777434017.0,1777434017.0,1777434018.0,17.0,1.6585,1,1
custom,2,7,stress_cpu,stress,cpu,k3s-worker-4,rank_and_pin,k3s-worker-3,1,0,/Users/finleyaf/Documents/COMP3931 Individual Project/project_folder/scheduler-prediction/online/results/stage_c_pi_guarded_retry_20260429_004010/decision_artifacts/custom/cpu-pod-custom-stress-cpu-t7_snapshot.csv,/Users/finleyaf/Documents/COMP3931 Individual Project/project_folder/scheduler-prediction/online/results/stage_c_pi_guarded_retry_20260429_004010/decision_artifacts/custom/cpu-pod-custom-stress-cpu-t7_ranking.json,250.0,64.0,0.3275,0.3639,0.2389,0.0,0.125,0.0326,0.125,model,cpu-pod-custom-stress-cpu-t7,cpu,k3s-worker-3,0.0,1.0,1.0,1777434154.0,1777434154.0,1777434155.0,9.0,0.8571,0,0
custom,2,7,stress_cpu,stress,cpu,k3s-worker-4,rank_and_pin,k3s-worker-3,1,0,/Users/finleyaf/Documents/COMP3931 Individual Project/project_folder/scheduler-prediction/online/results/stage_c_pi_guarded_retry_20260429_004010/decision_artifacts/custom/memory-pod-custom-stress-cpu-t7_snapshot.csv,/Users/finleyaf/Documents/COMP3931 Individual Project/project_folder/scheduler-prediction/online/results/stage_c_pi_guarded_retry_20260429_004010/decision_artifacts/custom/memory-pod-custom-stress-cpu-t7_ranking.json,100.0,256.0,0.3252,0.3613,0.231,0.0,0.05,0.1303,0.1303,model,memory-pod-custom-stress-cpu-t7,memory,k3s-worker-3,0.0,2.0,2.0,1777434271.0,1777434271.0,1777434273.0,18.0,1.4118,1,1
custom,2,7,stress_cpu,stress,cpu,k3s-worker-4,rank_and_pin,k3s-worker-3,1,0,/Users/finleyaf/Documents/COMP3931 Individual Project/project_folder/scheduler-prediction/online/results/stage_c_pi_guarded_retry_20260429_004010/decision_artifacts/custom/mixed-pod-custom-stress-cpu-t7_snapshot.csv,/Users/finleyaf/Documents/COMP3931 Individual Project/project_folder/scheduler-prediction/online/results/stage_c_pi_guarded_retry_20260429_004010/decision_artifacts/custom/mixed-pod-custom-stress-cpu-t7_ranking.json,200.0,128.0,0.2979,0.331,0.231,0.0,0.1,0.0651,0.1,model,mixed-pod-custom-stress-cpu-t7,mixed,k3s-worker-3,0.0,2.0,2.0,1777434395.0,1777434395.0,1777434397.0,11.0,0.8148,0,0
custom,2,7,stress_cpu,stress,cpu,k3s-worker-4,rank_and_pin,k3s-worker-3,1,0,/Users/finleyaf/Documents/COMP3931 Individual Project/project_folder/scheduler-prediction/online/results/stage_c_pi_guarded_retry_20260429_004010/decision_artifacts/custom/cpu-lite-pod-custom-stress-cpu-t7_snapshot.csv,/Users/finleyaf/Documents/COMP3931 Individual Project/project_folder/scheduler-prediction/online/results/stage_c_pi_guarded_retry_20260429_004010/decision_artifacts/custom/cpu-lite-pod-custom-stress-cpu-t7_ranking.json,100.0,32.0,0.2493,0.277,0.227,0.0,0.05,0.0163,0.05,model,cpu-lite-pod-custom-stress-cpu-t7,cpu-lite,k3s-worker-3,0.0,2.0,2.0,1777434518.0,1777434518.0,1777434520.0,11.0,1.3333,1,1
custom,2,7,stress_cpu,stress,cpu,k3s-worker-4,rank_and_pin,k3s-worker-3,1,0,/Users/finleyaf/Documents/COMP3931 Individual Project/project_folder/scheduler-prediction/online/results/stage_c_pi_guarded_retry_20260429_004010/decision_artifacts/custom/memory-lite-pod-custom-stress-cpu-t7_snapshot.csv,/Users/finleyaf/Documents/COMP3931 Individual Project/project_folder/scheduler-prediction/online/results/stage_c_pi_guarded_retry_20260429_004010/decision_artifacts/custom/memory-lite-pod-custom-stress-cpu-t7_ranking.json,75.0,96.0,0.2566,0.2852,0.2363,0.0,0.0375,0.0489,0.0489,model,memory-lite-pod-custom-stress-cpu-t7,memory-lite,k3s-worker-3,0.0,2.0,2.0,1777434635.0,1777434635.0,1777434637.0,8.0,1.1034,1,0
custom,2,7,stress_cpu,stress,cpu,k3s-worker-4,rank_and_pin,k3s-worker-3,1,0,/Users/finleyaf/Documents/COMP3931 Individual Project/project_folder/scheduler-prediction/online/results/stage_c_pi_guarded_retry_20260429_004010/decision_artifacts/custom/mixed-lite-pod-custom-stress-cpu-t7_snapshot.csv,/Users/finleyaf/Documents/COMP3931 Individual Project/project_folder/scheduler-prediction/online/results/stage_c_pi_guarded_retry_20260429_004010/decision_artifacts/custom/mixed-lite-pod-custom-stress-cpu-t7_ranking.json,100.0,64.0,0.2541,0.2823,0.2323,0.0,0.05,0.0326,0.05,model,mixed-lite-pod-custom-stress-cpu-t7,mixed-lite,k3s-worker-3,0.0,1.0,1.0,1777434731.0,1777434731.0,1777434732.0,8.0,1.0667,0,0
custom,2,7,stress_memory,stress,memory,raspberrypi,rank_and_pin,k3s-worker-3,1,0,/Users/finleyaf/Documents/COMP3931 Individual Project/project_folder/scheduler-prediction/online/results/stage_c_pi_guarded_retry_20260429_004010/decision_artifacts/custom/cpu-pod-custom-stress-memory-t7_snapshot.csv,/Users/finleyaf/Documents/COMP3931 Individual Project/project_folder/scheduler-prediction/online/results/stage_c_pi_guarded_retry_20260429_004010/decision_artifacts/custom/cpu-pod-custom-stress-memory-t7_ranking.json,250.0,64.0,0.3238,0.3598,0.2348,0.0,0.125,0.0326,0.125,model,cpu-pod-custom-stress-memory-t7,cpu,k3s-worker-3,0.0,1.0,1.0,1777434880.0,1777434880.0,1777434881.0,8.0,0.5517,0,0
custom,2,7,stress_memory,stress,memory,raspberrypi,rank_and_pin,k3s-worker-3,1,0,/Users/finleyaf/Documents/COMP3931 Individual Project/project_folder/scheduler-prediction/online/results/stage_c_pi_guarded_retry_20260429_004010/decision_artifacts/custom/memory-pod-custom-stress-memory-t7_snapshot.csv,/Users/finleyaf/Documents/COMP3931 Individual Project/project_folder/scheduler-prediction/online/results/stage_c_pi_guarded_retry_20260429_004010/decision_artifacts/custom/memory-pod-custom-stress-memory-t7_ranking.json,100.0,256.0,0.3314,0.3682,0.2379,0.0,0.05,0.1303,0.1303,model,memory-pod-custom-stress-memory-t7,memory,k3s-worker-3,0.0,2.0,2.0,1777435003.0,1777435003.0,1777435005.0,17.0,0.9714,0,0
custom,2,7,stress_memory,stress,memory,raspberrypi,rank_and_pin,k3s-worker-2,1,0,/Users/finleyaf/Documents/COMP3931 Individual Project/project_folder/scheduler-prediction/online/results/stage_c_pi_guarded_retry_20260429_004010/decision_artifacts/custom/mixed-pod-custom-stress-memory-t7_snapshot.csv,/Users/finleyaf/Documents/COMP3931 Individual Project/project_folder/scheduler-prediction/online/results/stage_c_pi_guarded_retry_20260429_004010/decision_artifacts/custom/mixed-pod-custom-stress-memory-t7_ranking.json,200.0,128.0,0.3052,0.3391,0.2391,0.0,0.1,0.0651,0.1,model,mixed-pod-custom-stress-memory-t7,mixed,k3s-worker-2,0.0,2.0,2.0,1777435125.0,1777435125.0,1777435127.0,10.0,1.0256,0,0
custom,2,7,stress_memory,stress,memory,raspberrypi,rank_and_pin,k3s-worker-3,1,0,/Users/finleyaf/Documents/COMP3931 Individual Project/project_folder/scheduler-prediction/online/results/stage_c_pi_guarded_retry_20260429_004010/decision_artifacts/custom/cpu-lite-pod-custom-stress-memory-t7_snapshot.csv,/Users/finleyaf/Documents/COMP3931 Individual Project/project_folder/scheduler-prediction/online/results/stage_c_pi_guarded_retry_20260429_004010/decision_artifacts/custom/cpu-lite-pod-custom-stress-memory-t7_ranking.json,100.0,32.0,0.2557,0.2841,0.2341,0.0,0.05,0.0163,0.05,model,cpu-lite-pod-custom-stress-memory-t7,cpu-lite,k3s-worker-3,0.0,2.0,2.0,1777435218.0,1777435218.0,1777435220.0,7.0,1.037,0,0
custom,2,7,stress_memory,stress,memory,raspberrypi,rank_and_pin,k3s-worker-2,1,0,/Users/finleyaf/Documents/COMP3931 Individual Project/project_folder/scheduler-prediction/online/results/stage_c_pi_guarded_retry_20260429_004010/decision_artifacts/custom/memory-lite-pod-custom-stress-memory-t7_snapshot.csv,/Users/finleyaf/Documents/COMP3931 Individual Project/project_folder/scheduler-prediction/online/results/stage_c_pi_guarded_retry_20260429_004010/decision_artifacts/custom/memory-lite-pod-custom-stress-memory-t7_ranking.json,75.0,96.0,0.2565,0.285,0.2361,0.0,0.0375,0.0489,0.0489,model,memory-lite-pod-custom-stress-memory-t7,memory-lite,k3s-worker-2,0.0,1.0,1.0,1777435340.0,1777435340.0,1777435341.0,9.0,1.2414,1,0
custom,2,7,stress_memory,stress,memory,raspberrypi,rank_and_pin,k3s-worker-3,1,0,/Users/finleyaf/Documents/COMP3931 Individual Project/project_folder/scheduler-prediction/online/results/stage_c_pi_guarded_retry_20260429_004010/decision_artifacts/custom/mixed-lite-pod-custom-stress-memory-t7_snapshot.csv,/Users/finleyaf/Documents/COMP3931 Individual Project/project_folder/scheduler-prediction/online/results/stage_c_pi_guarded_retry_20260429_004010/decision_artifacts/custom/mixed-lite-pod-custom-stress-memory-t7_ranking.json,100.0,64.0,0.2576,0.2862,0.2362,0.0,0.05,0.0326,0.05,model,mixed-lite-pod-custom-stress-memory-t7,mixed-lite,k3s-worker-3,0.0,2.0,2.0,1777435459.0,1777435459.0,1777435461.0,8.0,1.1429,1,0
custom,2,7,stress_mixed,stress,mixed,k3s-worker-2,rank_and_pin,k3s-worker-3,1,0,/Users/finleyaf/Documents/COMP3931 Individual Project/project_folder/scheduler-prediction/online/results/stage_c_pi_guarded_retry_20260429_004010/decision_artifacts/custom/cpu-pod-custom-stress-mixed-t7_snapshot.csv,/Users/finleyaf/Documents/COMP3931 Individual Project/project_folder/scheduler-prediction/online/results/stage_c_pi_guarded_retry_20260429_004010/decision_artifacts/custom/cpu-pod-custom-stress-mixed-t7_ranking.json,250.0,64.0,0.3203,0.3559,0.2309,0.0,0.125,0.0326,0.125,model,cpu-pod-custom-stress-mixed-t7,cpu,k3s-worker-3,0.0,1.0,1.0,1777435619.0,1777435619.0,1777435620.0,27.0,1.5882,1,1
custom,2,7,stress_mixed,stress,mixed,k3s-worker-2,rank_and_pin,k3s-worker-3,1,0,/Users/finleyaf/Documents/COMP3931 Individual Project/project_folder/scheduler-prediction/online/results/stage_c_pi_guarded_retry_20260429_004010/decision_artifacts/custom/memory-pod-custom-stress-mixed-t7_snapshot.csv,/Users/finleyaf/Documents/COMP3931 Individual Project/project_folder/scheduler-prediction/online/results/stage_c_pi_guarded_retry_20260429_004010/decision_artifacts/custom/memory-pod-custom-stress-mixed-t7_ranking.json,100.0,256.0,0.3227,0.3586,0.2283,0.0,0.05,0.1303,0.1303,model,memory-pod-custom-stress-mixed-t7,memory,k3s-worker-3,0.0,1.0,1.0,1777435737.0,1777435737.0,1777435738.0,9.0,1.2,1,0
custom,2,7,stress_mixed,stress,mixed,k3s-worker-2,rank_and_pin,k3s-worker-3,1,0,/Users/finleyaf/Documents/COMP3931 Individual Project/project_folder/scheduler-prediction/online/results/stage_c_pi_guarded_retry_20260429_004010/decision_artifacts/custom/mixed-pod-custom-stress-mixed-t7_snapshot.csv,/Users/finleyaf/Documents/COMP3931 Individual Project/project_folder/scheduler-prediction/online/results/stage_c_pi_guarded_retry_20260429_004010/decision_artifacts/custom/mixed-pod-custom-stress-mixed-t7_ranking.json,200.0,128.0,0.2945,0.3272,0.2272,0.0,0.1,0.0651,0.1,model,mixed-pod-custom-stress-mixed-t7,mixed,k3s-worker-3,0.0,2.0,2.0,1777435854.0,1777435854.0,1777435856.0,8.0,1.1034,1,0
custom,2,7,stress_mixed,stress,mixed,k3s-worker-2,rank_and_pin,k3s-worker-2,1,1,/Users/finleyaf/Documents/COMP3931 Individual Project/project_folder/scheduler-prediction/online/results/stage_c_pi_guarded_retry_20260429_004010/decision_artifacts/custom/cpu-lite-pod-custom-stress-mixed-t7_snapshot.csv,/Users/finleyaf/Documents/COMP3931 Individual Project/project_folder/scheduler-prediction/online/results/stage_c_pi_guarded_retry_20260429_004010/decision_artifacts/custom/cpu-lite-pod-custom-stress-mixed-t7_ranking.json,100.0,32.0,0.2366,0.2629,0.2129,0.0,0.05,0.0163,0.05,model,cpu-lite-pod-custom-stress-mixed-t7,cpu-lite,k3s-worker-2,1.0,1.0,2.0,1777435978.0,1777435979.0,1777435980.0,10.0,1.1765,1,0
custom,2,7,stress_mixed,stress,mixed,k3s-worker-2,rank_and_pin,k3s-worker-3,1,0,/Users/finleyaf/Documents/COMP3931 Individual Project/project_folder/scheduler-prediction/online/results/stage_c_pi_guarded_retry_20260429_004010/decision_artifacts/custom/memory-lite-pod-custom-stress-mixed-t7_snapshot.csv,/Users/finleyaf/Documents/COMP3931 Individual Project/project_folder/scheduler-prediction/online/results/stage_c_pi_guarded_retry_20260429_004010/decision_artifacts/custom/memory-lite-pod-custom-stress-mixed-t7_ranking.json,75.0,96.0,0.2547,0.283,0.2341,0.0,0.0375,0.0489,0.0489,model,memory-lite-pod-custom-stress-mixed-t7,memory-lite,k3s-worker-3,0.0,2.0,2.0,1777436100.0,1777436100.0,1777436102.0,9.0,1.0,0,0
custom,2,7,stress_mixed,stress,mixed,k3s-worker-2,rank_and_pin,k3s-worker-2,1,1,/Users/finleyaf/Documents/COMP3931 Individual Project/project_folder/scheduler-prediction/online/results/stage_c_pi_guarded_retry_20260429_004010/decision_artifacts/custom/mixed-lite-pod-custom-stress-mixed-t7_snapshot.csv,/Users/finleyaf/Documents/COMP3931 Individual Project/project_folder/scheduler-prediction/online/results/stage_c_pi_guarded_retry_20260429_004010/decision_artifacts/custom/mixed-lite-pod-custom-stress-mixed-t7_ranking.json,100.0,64.0,0.252,0.28,0.23,0.0,0.05,0.0326,0.05,model,mixed-lite-pod-custom-stress-mixed-t7,mixed-lite,k3s-worker-2,0.0,2.0,2.0,1777436195.0,1777436195.0,1777436197.0,10.0,1.0,0,0
custom,1,8,normal,normal,,,rank_and_pin,k3s-worker-2,1,,/Users/finleyaf/Documents/COMP3931 Individual Project/project_folder/scheduler-prediction/online/results/stage_c_pi_guarded_retry_20260429_004010/decision_artifacts/custom/cpu-pod-custom-normal-t8_snapshot.csv,/Users/finleyaf/Documents/COMP3931 Individual Project/project_folder/scheduler-prediction/online/results/stage_c_pi_guarded_retry_20260429_004010/decision_artifacts/custom/cpu-pod-custom-normal-t8_ranking.json,250.0,64.0,0.3208,0.3564,0.2314,0.0,0.125,0.0326,0.125,model,cpu-pod-custom-normal-t8,cpu,k3s-worker-2,0.0,2.0,2.0,1777436266.0,1777436266.0,1777436268.0,9.0,1.2414,1,0
custom,1,8,normal,normal,,,rank_and_pin,k3s-worker-2,1,,/Users/finleyaf/Documents/COMP3931 Individual Project/project_folder/scheduler-prediction/online/results/stage_c_pi_guarded_retry_20260429_004010/decision_artifacts/custom/memory-pod-custom-normal-t8_snapshot.csv,/Users/finleyaf/Documents/COMP3931 Individual Project/project_folder/scheduler-prediction/online/results/stage_c_pi_guarded_retry_20260429_004010/decision_artifacts/custom/memory-pod-custom-normal-t8_ranking.json,100.0,256.0,0.3255,0.3617,0.2314,0.0,0.05,0.1303,0.1303,model,memory-pod-custom-normal-t8,memory,k3s-worker-2,0.0,1.0,1.0,1777436386.0,1777436386.0,1777436387.0,8.0,1.1429,1,0
custom,1,8,normal,normal,,,rank_and_pin,k3s-worker-3,1,,/Users/finleyaf/Documents/COMP3931 Individual Project/project_folder/scheduler-prediction/online/results/stage_c_pi_guarded_retry_20260429_004010/decision_artifacts/custom/mixed-pod-custom-normal-t8_snapshot.csv,/Users/finleyaf/Documents/COMP3931 Individual Project/project_folder/scheduler-prediction/online/results/stage_c_pi_guarded_retry_20260429_004010/decision_artifacts/custom/mixed-pod-custom-normal-t8_ranking.json,200.0,128.0,0.2971,0.3301,0.2301,0.0,0.1,0.0651,0.1,model,mixed-pod-custom-normal-t8,mixed,k3s-worker-3,0.0,2.0,2.0,1777436508.0,1777436508.0,1777436510.0,9.0,1.2,1,0
custom,1,8,normal,normal,,,rank_and_pin,k3s-worker-2,1,,/Users/finleyaf/Documents/COMP3931 Individual Project/project_folder/scheduler-prediction/online/results/stage_c_pi_guarded_retry_20260429_004010/decision_artifacts/custom/cpu-lite-pod-custom-normal-t8_snapshot.csv,/Users/finleyaf/Documents/COMP3931 Individual Project/project_folder/scheduler-prediction/online/results/stage_c_pi_guarded_retry_20260429_004010/decision_artifacts/custom/cpu-lite-pod-custom-normal-t8_ranking.json,100.0,32.0,0.2544,0.2827,0.2327,0.0,0.05,0.0163,0.05,model,cpu-lite-pod-custom-normal-t8,cpu-lite,k3s-worker-2,0.0,1.0,1.0,1777436634.0,1777436634.0,1777436635.0,8.0,1.0,0,0
custom,1,8,normal,normal,,,rank_and_pin,k3s-worker-3,1,,/Users/finleyaf/Documents/COMP3931 Individual Project/project_folder/scheduler-prediction/online/results/stage_c_pi_guarded_retry_20260429_004010/decision_artifacts/custom/memory-lite-pod-custom-normal-t8_snapshot.csv,/Users/finleyaf/Documents/COMP3931 Individual Project/project_folder/scheduler-prediction/online/results/stage_c_pi_guarded_retry_20260429_004010/decision_artifacts/custom/memory-lite-pod-custom-normal-t8_ranking.json,75.0,96.0,0.2496,0.2774,0.2285,0.0,0.0375,0.0489,0.0489,model,memory-lite-pod-custom-normal-t8,memory-lite,k3s-worker-3,0.0,2.0,2.0,1777436729.0,1777436729.0,1777436731.0,9.0,1.2,1,0
custom,1,8,normal,normal,,,rank_and_pin,k3s-worker-2,1,,/Users/finleyaf/Documents/COMP3931 Individual Project/project_folder/scheduler-prediction/online/results/stage_c_pi_guarded_retry_20260429_004010/decision_artifacts/custom/mixed-lite-pod-custom-normal-t8_snapshot.csv,/Users/finleyaf/Documents/COMP3931 Individual Project/project_folder/scheduler-prediction/online/results/stage_c_pi_guarded_retry_20260429_004010/decision_artifacts/custom/mixed-lite-pod-custom-normal-t8_ranking.json,100.0,64.0,0.2516,0.2796,0.2296,0.0,0.05,0.0326,0.05,model,mixed-lite-pod-custom-normal-t8,mixed-lite,k3s-worker-2,1.0,1.0,2.0,1777436847.0,1777436848.0,1777436849.0,10.0,1.3333,1,1
custom,1,8,stress_cpu,stress,cpu,raspberrypi,rank_and_pin,k3s-worker-3,1,0,/Users/finleyaf/Documents/COMP3931 Individual Project/project_folder/scheduler-prediction/online/results/stage_c_pi_guarded_retry_20260429_004010/decision_artifacts/custom/cpu-pod-custom-stress-cpu-t8_snapshot.csv,/Users/finleyaf/Documents/COMP3931 Individual Project/project_folder/scheduler-prediction/online/results/stage_c_pi_guarded_retry_20260429_004010/decision_artifacts/custom/cpu-pod-custom-stress-cpu-t8_ranking.json,250.0,64.0,0.3137,0.3485,0.2235,0.0,0.125,0.0326,0.125,model,cpu-pod-custom-stress-cpu-t8,cpu,k3s-worker-3,0.0,2.0,2.0,1777436995.0,1777436995.0,1777436997.0,9.0,0.4615,0,0
custom,1,8,stress_cpu,stress,cpu,raspberrypi,rank_and_pin,k3s-worker-2,1,0,/Users/finleyaf/Documents/COMP3931 Individual Project/project_folder/scheduler-prediction/online/results/stage_c_pi_guarded_retry_20260429_004010/decision_artifacts/custom/memory-pod-custom-stress-cpu-t8_snapshot.csv,/Users/finleyaf/Documents/COMP3931 Individual Project/project_folder/scheduler-prediction/online/results/stage_c_pi_guarded_retry_20260429_004010/decision_artifacts/custom/memory-pod-custom-stress-cpu-t8_ranking.json,100.0,256.0,0.3189,0.3543,0.224,0.0,0.05,0.1303,0.1303,model,memory-pod-custom-stress-cpu-t8,memory,k3s-worker-2,0.0,1.0,1.0,1777437117.0,1777437117.0,1777437118.0,10.0,0.4938,0,0
custom,1,8,stress_cpu,stress,cpu,raspberrypi,rank_and_pin,k3s-worker-2,1,0,/Users/finleyaf/Documents/COMP3931 Individual Project/project_folder/scheduler-prediction/online/results/stage_c_pi_guarded_retry_20260429_004010/decision_artifacts/custom/mixed-pod-custom-stress-cpu-t8_snapshot.csv,/Users/finleyaf/Documents/COMP3931 Individual Project/project_folder/scheduler-prediction/online/results/stage_c_pi_guarded_retry_20260429_004010/decision_artifacts/custom/mixed-pod-custom-stress-cpu-t8_ranking.json,200.0,128.0,0.2939,0.3266,0.2266,0.0,0.1,0.0651,0.1,model,mixed-pod-custom-stress-cpu-t8,mixed,k3s-worker-2,0.0,2.0,2.0,1777437236.0,1777437236.0,1777437238.0,9.0,1.0588,0,0
custom,1,8,stress_cpu,stress,cpu,raspberrypi,rank_and_pin,k3s-worker-3,1,0,/Users/finleyaf/Documents/COMP3931 Individual Project/project_folder/scheduler-prediction/online/results/stage_c_pi_guarded_retry_20260429_004010/decision_artifacts/custom/cpu-lite-pod-custom-stress-cpu-t8_snapshot.csv,/Users/finleyaf/Documents/COMP3931 Individual Project/project_folder/scheduler-prediction/online/results/stage_c_pi_guarded_retry_20260429_004010/decision_artifacts/custom/cpu-lite-pod-custom-stress-cpu-t8_ranking.json,100.0,32.0,0.247,0.2744,0.2244,0.0,0.05,0.0163,0.05,model,cpu-lite-pod-custom-stress-cpu-t8,cpu-lite,k3s-worker-3,0.0,2.0,2.0,1777437355.0,1777437355.0,1777437357.0,9.0,1.0588,0,0
custom,1,8,stress_cpu,stress,cpu,raspberrypi,rank_and_pin,k3s-worker-3,1,0,/Users/finleyaf/Documents/COMP3931 Individual Project/project_folder/scheduler-prediction/online/results/stage_c_pi_guarded_retry_20260429_004010/decision_artifacts/custom/memory-lite-pod-custom-stress-cpu-t8_snapshot.csv,/Users/finleyaf/Documents/COMP3931 Individual Project/project_folder/scheduler-prediction/online/results/stage_c_pi_guarded_retry_20260429_004010/decision_artifacts/custom/memory-lite-pod-custom-stress-cpu-t8_ranking.json,75.0,96.0,0.2484,0.276,0.2271,0.0,0.0375,0.0489,0.0489,model,memory-lite-pod-custom-stress-cpu-t8,memory-lite,k3s-worker-3,0.0,2.0,2.0,1777437482.0,1777437482.0,1777437484.0,9.0,1.1613,1,0
custom,1,8,stress_cpu,stress,cpu,raspberrypi,rank_and_pin,k3s-worker-3,1,0,/Users/finleyaf/Documents/COMP3931 Individual Project/project_folder/scheduler-prediction/online/results/stage_c_pi_guarded_retry_20260429_004010/decision_artifacts/custom/mixed-lite-pod-custom-stress-cpu-t8_snapshot.csv,/Users/finleyaf/Documents/COMP3931 Individual Project/project_folder/scheduler-prediction/online/results/stage_c_pi_guarded_retry_20260429_004010/decision_artifacts/custom/mixed-lite-pod-custom-stress-cpu-t8_ranking.json,100.0,64.0,0.2338,0.2598,0.2098,0.0,0.05,0.0326,0.05,model,mixed-lite-pod-custom-stress-cpu-t8,mixed-lite,k3s-worker-3,0.0,1.0,1.0,1777437607.0,1777437607.0,1777437608.0,9.0,1.125,1,0
custom,1,8,stress_memory,stress,memory,k3s-worker-2,rank_and_pin,k3s-worker-2,1,1,/Users/finleyaf/Documents/COMP3931 Individual Project/project_folder/scheduler-prediction/online/results/stage_c_pi_guarded_retry_20260429_004010/decision_artifacts/custom/cpu-pod-custom-stress-memory-t8_snapshot.csv,/Users/finleyaf/Documents/COMP3931 Individual Project/project_folder/scheduler-prediction/online/results/stage_c_pi_guarded_retry_20260429_004010/decision_artifacts/custom/cpu-pod-custom-stress-memory-t8_ranking.json,250.0,64.0,0.2644,0.2938,0.1688,0.0,0.125,0.0326,0.125,model,cpu-pod-custom-stress-memory-t8,cpu,k3s-worker-2,0.0,2.0,2.0,1777437736.0,1777437736.0,1777437738.0,61.0,3.0123,1,1
custom,1,8,stress_memory,stress,memory,k3s-worker-2,rank_and_pin,k3s-worker-3,1,0,/Users/finleyaf/Documents/COMP3931 Individual Project/project_folder/scheduler-prediction/online/results/stage_c_pi_guarded_retry_20260429_004010/decision_artifacts/custom/memory-pod-custom-stress-memory-t8_snapshot.csv,/Users/finleyaf/Documents/COMP3931 Individual Project/project_folder/scheduler-prediction/online/results/stage_c_pi_guarded_retry_20260429_004010/decision_artifacts/custom/memory-pod-custom-stress-memory-t8_ranking.json,100.0,256.0,0.2998,0.3331,0.2028,0.0,0.05,0.1303,0.1303,model,memory-pod-custom-stress-memory-t8,memory,k3s-worker-3,0.0,1.0,1.0,1777437873.0,1777437873.0,1777437874.0,8.0,0.8205,0,0
custom,1,8,stress_memory,stress,memory,k3s-worker-2,rank_and_pin,k3s-worker-3,1,0,/Users/finleyaf/Documents/COMP3931 Individual Project/project_folder/scheduler-prediction/online/results/stage_c_pi_guarded_retry_20260429_004010/decision_artifacts/custom/mixed-pod-custom-stress-memory-t8_snapshot.csv,/Users/finleyaf/Documents/COMP3931 Individual Project/project_folder/scheduler-prediction/online/results/stage_c_pi_guarded_retry_20260429_004010/decision_artifacts/custom/mixed-pod-custom-stress-memory-t8_ranking.json,200.0,128.0,0.2863,0.3181,0.2181,0.0,0.1,0.0651,0.1,model,mixed-pod-custom-stress-memory-t8,mixed,k3s-worker-3,0.0,2.0,2.0,1777437990.0,1777437990.0,1777437992.0,9.0,0.8,0,0
custom,1,8,stress_memory,stress,memory,k3s-worker-2,rank_and_pin,k3s-worker-3,1,0,/Users/finleyaf/Documents/COMP3931 Individual Project/project_folder/scheduler-prediction/online/results/stage_c_pi_guarded_retry_20260429_004010/decision_artifacts/custom/cpu-lite-pod-custom-stress-memory-t8_snapshot.csv,/Users/finleyaf/Documents/COMP3931 Individual Project/project_folder/scheduler-prediction/online/results/stage_c_pi_guarded_retry_20260429_004010/decision_artifacts/custom/cpu-lite-pod-custom-stress-memory-t8_ranking.json,100.0,32.0,0.2516,0.2796,0.2296,0.0,0.05,0.0163,0.05,model,cpu-lite-pod-custom-stress-memory-t8,cpu-lite,k3s-worker-3,0.0,2.0,2.0,1777438111.0,1777438111.0,1777438113.0,8.0,0.7805,0,0
custom,1,8,stress_memory,stress,memory,k3s-worker-2,rank_and_pin,k3s-worker-2,1,1,/Users/finleyaf/Documents/COMP3931 Individual Project/project_folder/scheduler-prediction/online/results/stage_c_pi_guarded_retry_20260429_004010/decision_artifacts/custom/memory-lite-pod-custom-stress-memory-t8_snapshot.csv,/Users/finleyaf/Documents/COMP3931 Individual Project/project_folder/scheduler-prediction/online/results/stage_c_pi_guarded_retry_20260429_004010/decision_artifacts/custom/memory-lite-pod-custom-stress-memory-t8_ranking.json,75.0,96.0,0.2096,0.2329,0.184,0.0,0.0375,0.0489,0.0489,model,memory-lite-pod-custom-stress-memory-t8,memory-lite,k3s-worker-2,0.0,2.0,2.0,1777438203.0,1777438203.0,1777438205.0,9.0,1.2,1,0
custom,1,8,stress_memory,stress,memory,k3s-worker-2,rank_and_pin,k3s-worker-3,1,0,/Users/finleyaf/Documents/COMP3931 Individual Project/project_folder/scheduler-prediction/online/results/stage_c_pi_guarded_retry_20260429_004010/decision_artifacts/custom/mixed-lite-pod-custom-stress-memory-t8_snapshot.csv,/Users/finleyaf/Documents/COMP3931 Individual Project/project_folder/scheduler-prediction/online/results/stage_c_pi_guarded_retry_20260429_004010/decision_artifacts/custom/mixed-lite-pod-custom-stress-memory-t8_ranking.json,100.0,64.0,0.2536,0.2818,0.2318,0.0,0.05,0.0326,0.05,model,mixed-lite-pod-custom-stress-memory-t8,mixed-lite,k3s-worker-3,1.0,1.0,2.0,1777438324.0,1777438325.0,1777438326.0,9.0,1.2,1,0
custom,1,8,stress_mixed,stress,mixed,k3s-worker-3,rank_and_pin,k3s-worker-3,1,1,/Users/finleyaf/Documents/COMP3931 Individual Project/project_folder/scheduler-prediction/online/results/stage_c_pi_guarded_retry_20260429_004010/decision_artifacts/custom/cpu-pod-custom-stress-mixed-t8_snapshot.csv,/Users/finleyaf/Documents/COMP3931 Individual Project/project_folder/scheduler-prediction/online/results/stage_c_pi_guarded_retry_20260429_004010/decision_artifacts/custom/cpu-pod-custom-stress-mixed-t8_ranking.json,250.0,64.0,0.2956,0.3284,0.2034,0.0,0.125,0.0326,0.125,model,cpu-pod-custom-stress-mixed-t8,cpu,k3s-worker-3,0.0,2.0,2.0,1777438476.0,1777438476.0,1777438478.0,100.0,3.2787,1,1
custom,1,8,stress_mixed,stress,mixed,k3s-worker-3,rank_and_pin,k3s-worker-3,1,1,/Users/finleyaf/Documents/COMP3931 Individual Project/project_folder/scheduler-prediction/online/results/stage_c_pi_guarded_retry_20260429_004010/decision_artifacts/custom/memory-pod-custom-stress-mixed-t8_snapshot.csv,/Users/finleyaf/Documents/COMP3931 Individual Project/project_folder/scheduler-prediction/online/results/stage_c_pi_guarded_retry_20260429_004010/decision_artifacts/custom/memory-pod-custom-stress-mixed-t8_ranking.json,100.0,256.0,0.3288,0.3653,0.235,0.0,0.05,0.1303,0.1303,model,memory-pod-custom-stress-mixed-t8,memory,k3s-worker-3,0.0,11.0,11.0,1777438602.0,1777438602.0,1777438613.0,24.0,1.3333,1,1
custom,1,8,stress_mixed,stress,mixed,k3s-worker-3,rank_and_pin,k3s-worker-3,1,1,/Users/finleyaf/Documents/COMP3931 Individual Project/project_folder/scheduler-prediction/online/results/stage_c_pi_guarded_retry_20260429_004010/decision_artifacts/custom/mixed-pod-custom-stress-mixed-t8_snapshot.csv,/Users/finleyaf/Documents/COMP3931 Individual Project/project_folder/scheduler-prediction/online/results/stage_c_pi_guarded_retry_20260429_004010/decision_artifacts/custom/mixed-pod-custom-stress-mixed-t8_ranking.json,200.0,128.0,0.2723,0.3026,0.2026,0.0,0.1,0.0651,0.1,model,mixed-pod-custom-stress-mixed-t8,mixed,k3s-worker-3,0.0,2.0,2.0,1777438744.0,1777438744.0,1777438746.0,10.0,1.25,1,1
custom,1,8,stress_mixed,stress,mixed,k3s-worker-3,rank_and_pin,k3s-worker-3,1,1,/Users/finleyaf/Documents/COMP3931 Individual Project/project_folder/scheduler-prediction/online/results/stage_c_pi_guarded_retry_20260429_004010/decision_artifacts/custom/cpu-lite-pod-custom-stress-mixed-t8_snapshot.csv,/Users/finleyaf/Documents/COMP3931 Individual Project/project_folder/scheduler-prediction/online/results/stage_c_pi_guarded_retry_20260429_004010/decision_artifacts/custom/cpu-lite-pod-custom-stress-mixed-t8_ranking.json,100.0,32.0,0.2353,0.2614,0.2114,0.0,0.05,0.0163,0.05,model,cpu-lite-pod-custom-stress-mixed-t8,cpu-lite,k3s-worker-3,0.0,1.0,1.0,1777438866.0,1777438866.0,1777438867.0,9.0,1.1613,1,0
custom,1,8,stress_mixed,stress,mixed,k3s-worker-3,rank_and_pin,k3s-worker-3,1,1,/Users/finleyaf/Documents/COMP3931 Individual Project/project_folder/scheduler-prediction/online/results/stage_c_pi_guarded_retry_20260429_004010/decision_artifacts/custom/memory-lite-pod-custom-stress-mixed-t8_snapshot.csv,/Users/finleyaf/Documents/COMP3931 Individual Project/project_folder/scheduler-prediction/online/results/stage_c_pi_guarded_retry_20260429_004010/decision_artifacts/custom/memory-lite-pod-custom-stress-mixed-t8_ranking.json,75.0,96.0,0.2464,0.2738,0.2249,0.0,0.0375,0.0489,0.0489,model,memory-lite-pod-custom-stress-mixed-t8,memory-lite,k3s-worker-3,0.0,2.0,2.0,1777438981.0,1777438981.0,1777438983.0,12.0,1.3714,1,1
custom,1,8,stress_mixed,stress,mixed,k3s-worker-3,rank_and_pin,k3s-worker-3,1,1,/Users/finleyaf/Documents/COMP3931 Individual Project/project_folder/scheduler-prediction/online/results/stage_c_pi_guarded_retry_20260429_004010/decision_artifacts/custom/mixed-lite-pod-custom-stress-mixed-t8_snapshot.csv,/Users/finleyaf/Documents/COMP3931 Individual Project/project_folder/scheduler-prediction/online/results/stage_c_pi_guarded_retry_20260429_004010/decision_artifacts/custom/mixed-lite-pod-custom-stress-mixed-t8_ranking.json,100.0,64.0,0.2536,0.2818,0.2318,0.0,0.05,0.0326,0.05,model,mixed-lite-pod-custom-stress-mixed-t8,mixed-lite,k3s-worker-3,0.0,2.0,2.0,1777439103.0,1777439103.0,1777439105.0,9.0,1.2,1,0
custom,2,9,normal,normal,,,rank_and_pin,k3s-worker-3,1,,/Users/finleyaf/Documents/COMP3931 Individual Project/project_folder/scheduler-prediction/online/results/stage_c_pi_guarded_retry_20260429_004010/decision_artifacts/custom/cpu-pod-custom-normal-t9_snapshot.csv,/Users/finleyaf/Documents/COMP3931 Individual Project/project_folder/scheduler-prediction/online/results/stage_c_pi_guarded_retry_20260429_004010/decision_artifacts/custom/cpu-pod-custom-normal-t9_ranking.json,250.0,64.0,0.3247,0.3608,0.2358,0.0,0.125,0.0326,0.125,model,cpu-pod-custom-normal-t9,cpu,k3s-worker-3,0.0,1.0,1.0,1777439269.0,1777439269.0,1777439270.0,9.0,1.1613,1,0
custom,2,9,normal,normal,,,rank_and_pin,k3s-worker-3,1,,/Users/finleyaf/Documents/COMP3931 Individual Project/project_folder/scheduler-prediction/online/results/stage_c_pi_guarded_retry_20260429_004010/decision_artifacts/custom/memory-pod-custom-normal-t9_snapshot.csv,/Users/finleyaf/Documents/COMP3931 Individual Project/project_folder/scheduler-prediction/online/results/stage_c_pi_guarded_retry_20260429_004010/decision_artifacts/custom/memory-pod-custom-normal-t9_ranking.json,100.0,256.0,0.3306,0.3674,0.2371,0.0,0.05,0.1303,0.1303,model,memory-pod-custom-normal-t9,memory,k3s-worker-3,0.0,1.0,1.0,1777439389.0,1777439389.0,1777439390.0,8.0,1.1034,1,0
custom,2,9,normal,normal,,,rank_and_pin,k3s-worker-3,1,,/Users/finleyaf/Documents/COMP3931 Individual Project/project_folder/scheduler-prediction/online/results/stage_c_pi_guarded_retry_20260429_004010/decision_artifacts/custom/mixed-pod-custom-normal-t9_snapshot.csv,/Users/finleyaf/Documents/COMP3931 Individual Project/project_folder/scheduler-prediction/online/results/stage_c_pi_guarded_retry_20260429_004010/decision_artifacts/custom/mixed-pod-custom-normal-t9_ranking.json,200.0,128.0,0.2999,0.3332,0.2332,0.0,0.1,0.0651,0.1,model,mixed-pod-custom-normal-t9,mixed,k3s-worker-3,0.0,1.0,1.0,1777439510.0,1777439510.0,1777439511.0,8.0,1.1034,1,0
custom,2,9,normal,normal,,,rank_and_pin,k3s-worker-3,1,,/Users/finleyaf/Documents/COMP3931 Individual Project/project_folder/scheduler-prediction/online/results/stage_c_pi_guarded_retry_20260429_004010/decision_artifacts/custom/cpu-lite-pod-custom-normal-t9_snapshot.csv,/Users/finleyaf/Documents/COMP3931 Individual Project/project_folder/scheduler-prediction/online/results/stage_c_pi_guarded_retry_20260429_004010/decision_artifacts/custom/cpu-lite-pod-custom-normal-t9_ranking.json,100.0,32.0,0.2515,0.2794,0.2294,0.0,0.05,0.0163,0.05,model,cpu-lite-pod-custom-normal-t9,cpu-lite,k3s-worker-3,0.0,1.0,1.0,1777439605.0,1777439605.0,1777439606.0,8.0,1.0667,0,0
custom,2,9,normal,normal,,,rank_and_pin,k3s-worker-3,1,,/Users/finleyaf/Documents/COMP3931 Individual Project/project_folder/scheduler-prediction/online/results/stage_c_pi_guarded_retry_20260429_004010/decision_artifacts/custom/memory-lite-pod-custom-normal-t9_snapshot.csv,/Users/finleyaf/Documents/COMP3931 Individual Project/project_folder/scheduler-prediction/online/results/stage_c_pi_guarded_retry_20260429_004010/decision_artifacts/custom/memory-lite-pod-custom-normal-t9_ranking.json,75.0,96.0,0.2553,0.2837,0.2348,0.0,0.0375,0.0489,0.0489,model,memory-lite-pod-custom-normal-t9,memory-lite,k3s-worker-3,1.0,1.0,2.0,1777439723.0,1777439724.0,1777439725.0,8.0,1.0667,0,0
custom,2,9,normal,normal,,,rank_and_pin,k3s-worker-3,1,,/Users/finleyaf/Documents/COMP3931 Individual Project/project_folder/scheduler-prediction/online/results/stage_c_pi_guarded_retry_20260429_004010/decision_artifacts/custom/mixed-lite-pod-custom-normal-t9_snapshot.csv,/Users/finleyaf/Documents/COMP3931 Individual Project/project_folder/scheduler-prediction/online/results/stage_c_pi_guarded_retry_20260429_004010/decision_artifacts/custom/mixed-lite-pod-custom-normal-t9_ranking.json,100.0,64.0,0.255,0.2833,0.2333,0.0,0.05,0.0326,0.05,model,mixed-lite-pod-custom-normal-t9,mixed-lite,k3s-worker-3,0.0,2.0,2.0,1777439844.0,1777439844.0,1777439846.0,8.0,1.1429,1,0
custom,2,9,stress_cpu,stress,cpu,k3s-worker-2,rank_and_pin,k3s-worker-3,1,0,/Users/finleyaf/Documents/COMP3931 Individual Project/project_folder/scheduler-prediction/online/results/stage_c_pi_guarded_retry_20260429_004010/decision_artifacts/custom/cpu-pod-custom-stress-cpu-t9_snapshot.csv,/Users/finleyaf/Documents/COMP3931 Individual Project/project_folder/scheduler-prediction/online/results/stage_c_pi_guarded_retry_20260429_004010/decision_artifacts/custom/cpu-pod-custom-stress-cpu-t9_ranking.json,250.0,64.0,0.3237,0.3597,0.2347,0.0,0.125,0.0326,0.125,model,cpu-pod-custom-stress-cpu-t9,cpu,k3s-worker-3,0.0,2.0,2.0,1777439989.0,1777439989.0,1777439991.0,9.0,0.9,0,0
custom,2,9,stress_cpu,stress,cpu,k3s-worker-2,rank_and_pin,k3s-worker-3,1,0,/Users/finleyaf/Documents/COMP3931 Individual Project/project_folder/scheduler-prediction/online/results/stage_c_pi_guarded_retry_20260429_004010/decision_artifacts/custom/memory-pod-custom-stress-cpu-t9_snapshot.csv,/Users/finleyaf/Documents/COMP3931 Individual Project/project_folder/scheduler-prediction/online/results/stage_c_pi_guarded_retry_20260429_004010/decision_artifacts/custom/memory-pod-custom-stress-cpu-t9_ranking.json,100.0,256.0,0.3202,0.3558,0.2255,0.0,0.05,0.1303,0.1303,model,memory-pod-custom-stress-cpu-t9,memory,k3s-worker-3,0.0,1.0,1.0,1777440107.0,1777440107.0,1777440108.0,10.0,1.3333,1,1
custom,2,9,stress_cpu,stress,cpu,k3s-worker-2,rank_and_pin,k3s-worker-3,1,0,/Users/finleyaf/Documents/COMP3931 Individual Project/project_folder/scheduler-prediction/online/results/stage_c_pi_guarded_retry_20260429_004010/decision_artifacts/custom/mixed-pod-custom-stress-cpu-t9_snapshot.csv,/Users/finleyaf/Documents/COMP3931 Individual Project/project_folder/scheduler-prediction/online/results/stage_c_pi_guarded_retry_20260429_004010/decision_artifacts/custom/mixed-pod-custom-stress-cpu-t9_ranking.json,200.0,128.0,0.2984,0.3315,0.2315,0.0,0.1,0.0651,0.1,model,mixed-pod-custom-stress-cpu-t9,mixed,k3s-worker-3,0.0,1.0,1.0,1777440230.0,1777440230.0,1777440231.0,9.0,1.2,1,0
custom,2,9,stress_cpu,stress,cpu,k3s-worker-2,rank_and_pin,k3s-worker-3,1,0,/Users/finleyaf/Documents/COMP3931 Individual Project/project_folder/scheduler-prediction/online/results/stage_c_pi_guarded_retry_20260429_004010/decision_artifacts/custom/cpu-lite-pod-custom-stress-cpu-t9_snapshot.csv,/Users/finleyaf/Documents/COMP3931 Individual Project/project_folder/scheduler-prediction/online/results/stage_c_pi_guarded_retry_20260429_004010/decision_artifacts/custom/cpu-lite-pod-custom-stress-cpu-t9_ranking.json,100.0,32.0,0.2479,0.2754,0.2254,0.0,0.05,0.0163,0.05,model,cpu-lite-pod-custom-stress-cpu-t9,cpu-lite,k3s-worker-3,0.0,2.0,2.0,1777440355.0,1777440355.0,1777440357.0,8.0,1.1429,1,0
custom,2,9,stress_cpu,stress,cpu,k3s-worker-2,rank_and_pin,k3s-worker-3,1,0,/Users/finleyaf/Documents/COMP3931 Individual Project/project_folder/scheduler-prediction/online/results/stage_c_pi_guarded_retry_20260429_004010/decision_artifacts/custom/memory-lite-pod-custom-stress-cpu-t9_snapshot.csv,/Users/finleyaf/Documents/COMP3931 Individual Project/project_folder/scheduler-prediction/online/results/stage_c_pi_guarded_retry_20260429_004010/decision_artifacts/custom/memory-lite-pod-custom-stress-cpu-t9_ranking.json,75.0,96.0,0.2495,0.2773,0.2284,0.0,0.0375,0.0489,0.0489,model,memory-lite-pod-custom-stress-cpu-t9,memory-lite,k3s-worker-3,0.0,1.0,1.0,1777440484.0,1777440484.0,1777440485.0,11.0,1.375,1,1
custom,2,9,stress_cpu,stress,cpu,k3s-worker-2,rank_and_pin,k3s-worker-3,1,0,/Users/finleyaf/Documents/COMP3931 Individual Project/project_folder/scheduler-prediction/online/results/stage_c_pi_guarded_retry_20260429_004010/decision_artifacts/custom/mixed-lite-pod-custom-stress-cpu-t9_snapshot.csv,/Users/finleyaf/Documents/COMP3931 Individual Project/project_folder/scheduler-prediction/online/results/stage_c_pi_guarded_retry_20260429_004010/decision_artifacts/custom/mixed-lite-pod-custom-stress-cpu-t9_ranking.json,100.0,64.0,0.2492,0.2769,0.2269,0.0,0.05,0.0326,0.05,model,mixed-lite-pod-custom-stress-cpu-t9,mixed-lite,k3s-worker-3,0.0,1.0,1.0,1777440581.0,1777440581.0,1777440582.0,9.0,1.2,1,0
custom,2,9,stress_memory,stress,memory,k3s-worker-3,rank_and_pin,k3s-worker-3,1,1,/Users/finleyaf/Documents/COMP3931 Individual Project/project_folder/scheduler-prediction/online/results/stage_c_pi_guarded_retry_20260429_004010/decision_artifacts/custom/cpu-pod-custom-stress-memory-t9_snapshot.csv,/Users/finleyaf/Documents/COMP3931 Individual Project/project_folder/scheduler-prediction/online/results/stage_c_pi_guarded_retry_20260429_004010/decision_artifacts/custom/cpu-pod-custom-stress-memory-t9_ranking.json,250.0,64.0,0.2934,0.326,0.201,0.0,0.125,0.0326,0.125,model,cpu-pod-custom-stress-memory-t9,cpu,k3s-worker-3,0.0,10.0,10.0,1777440728.0,1777440728.0,1777440738.0,20.0,1.9048,1,1
custom,2,9,stress_memory,stress,memory,k3s-worker-3,rank_and_pin,k3s-worker-2,1,0,/Users/finleyaf/Documents/COMP3931 Individual Project/project_folder/scheduler-prediction/online/results/stage_c_pi_guarded_retry_20260429_004010/decision_artifacts/custom/memory-pod-custom-stress-memory-t9_snapshot.csv,/Users/finleyaf/Documents/COMP3931 Individual Project/project_folder/scheduler-prediction/online/results/stage_c_pi_guarded_retry_20260429_004010/decision_artifacts/custom/memory-pod-custom-stress-memory-t9_ranking.json,100.0,256.0,0.3301,0.3668,0.2365,0.0,0.05,0.1303,0.1303,model,memory-pod-custom-stress-memory-t9,memory,k3s-worker-2,0.0,1.0,1.0,1777440870.0,1777440870.0,1777440871.0,10.0,1.1765,1,0
custom,2,9,stress_memory,stress,memory,k3s-worker-3,rank_and_pin,k3s-worker-3,1,1,/Users/finleyaf/Documents/COMP3931 Individual Project/project_folder/scheduler-prediction/online/results/stage_c_pi_guarded_retry_20260429_004010/decision_artifacts/custom/mixed-pod-custom-stress-memory-t9_snapshot.csv,/Users/finleyaf/Documents/COMP3931 Individual Project/project_folder/scheduler-prediction/online/results/stage_c_pi_guarded_retry_20260429_004010/decision_artifacts/custom/mixed-pod-custom-stress-memory-t9_ranking.json,200.0,128.0,0.293,0.3256,0.2256,0.0,0.1,0.0651,0.1,model,mixed-pod-custom-stress-memory-t9,mixed,k3s-worker-3,0.0,1.0,1.0,1777440989.0,1777440989.0,1777440990.0,9.0,0.8571,0,0
custom,2,9,stress_memory,stress,memory,k3s-worker-3,rank_and_pin,k3s-worker-2,1,0,/Users/finleyaf/Documents/COMP3931 Individual Project/project_folder/scheduler-prediction/online/results/stage_c_pi_guarded_retry_20260429_004010/decision_artifacts/custom/cpu-lite-pod-custom-stress-memory-t9_snapshot.csv,/Users/finleyaf/Documents/COMP3931 Individual Project/project_folder/scheduler-prediction/online/results/stage_c_pi_guarded_retry_20260429_004010/decision_artifacts/custom/cpu-lite-pod-custom-stress-memory-t9_ranking.json,100.0,32.0,0.2528,0.2809,0.2309,0.0,0.05,0.0163,0.05,model,cpu-lite-pod-custom-stress-memory-t9,cpu-lite,k3s-worker-2,0.0,2.0,2.0,1777441080.0,1777441080.0,1777441082.0,9.0,1.1613,1,0
custom,2,9,stress_memory,stress,memory,k3s-worker-3,rank_and_pin,k3s-worker-2,1,0,/Users/finleyaf/Documents/COMP3931 Individual Project/project_folder/scheduler-prediction/online/results/stage_c_pi_guarded_retry_20260429_004010/decision_artifacts/custom/memory-lite-pod-custom-stress-memory-t9_snapshot.csv,/Users/finleyaf/Documents/COMP3931 Individual Project/project_folder/scheduler-prediction/online/results/stage_c_pi_guarded_retry_20260429_004010/decision_artifacts/custom/memory-lite-pod-custom-stress-memory-t9_ranking.json,75.0,96.0,0.246,0.2734,0.2245,0.0,0.0375,0.0489,0.0489,model,memory-lite-pod-custom-stress-memory-t9,memory-lite,k3s-worker-2,0.0,2.0,2.0,1777441200.0,1777441200.0,1777441202.0,13.0,1.5294,1,1
custom,2,9,stress_memory,stress,memory,k3s-worker-3,rank_and_pin,k3s-worker-2,1,0,/Users/finleyaf/Documents/COMP3931 Individual Project/project_folder/scheduler-prediction/online/results/stage_c_pi_guarded_retry_20260429_004010/decision_artifacts/custom/mixed-lite-pod-custom-stress-memory-t9_snapshot.csv,/Users/finleyaf/Documents/COMP3931 Individual Project/project_folder/scheduler-prediction/online/results/stage_c_pi_guarded_retry_20260429_004010/decision_artifacts/custom/mixed-lite-pod-custom-stress-memory-t9_ranking.json,100.0,64.0,0.2523,0.2803,0.2303,0.0,0.05,0.0326,0.05,model,mixed-lite-pod-custom-stress-memory-t9,mixed-lite,k3s-worker-2,0.0,2.0,2.0,1777441320.0,1777441320.0,1777441322.0,9.0,1.0286,0,0
custom,2,9,stress_mixed,stress,mixed,k3s-worker-4,rank_and_pin,k3s-worker-2,1,0,/Users/finleyaf/Documents/COMP3931 Individual Project/project_folder/scheduler-prediction/online/results/stage_c_pi_guarded_retry_20260429_004010/decision_artifacts/custom/cpu-pod-custom-stress-mixed-t9_snapshot.csv,/Users/finleyaf/Documents/COMP3931 Individual Project/project_folder/scheduler-prediction/online/results/stage_c_pi_guarded_retry_20260429_004010/decision_artifacts/custom/cpu-pod-custom-stress-mixed-t9_ranking.json,250.0,64.0,0.3237,0.3597,0.2347,0.0,0.125,0.0326,0.125,model,cpu-pod-custom-stress-mixed-t9,cpu,k3s-worker-2,0.0,1.0,1.0,1777441470.0,1777441470.0,1777441471.0,15.0,0.8824,0,0
custom,2,9,stress_mixed,stress,mixed,k3s-worker-4,rank_and_pin,k3s-worker-2,1,0,/Users/finleyaf/Documents/COMP3931 Individual Project/project_folder/scheduler-prediction/online/results/stage_c_pi_guarded_retry_20260429_004010/decision_artifacts/custom/memory-pod-custom-stress-mixed-t9_snapshot.csv,/Users/finleyaf/Documents/COMP3931 Individual Project/project_folder/scheduler-prediction/online/results/stage_c_pi_guarded_retry_20260429_004010/decision_artifacts/custom/memory-pod-custom-stress-mixed-t9_ranking.json,100.0,256.0,0.3237,0.3597,0.2294,0.0,0.05,0.1303,0.1303,model,memory-pod-custom-stress-mixed-t9,memory,k3s-worker-2,0.0,2.0,2.0,1777441587.0,1777441587.0,1777441589.0,10.0,0.9524,0,0
custom,2,9,stress_mixed,stress,mixed,k3s-worker-4,rank_and_pin,k3s-worker-2,1,0,/Users/finleyaf/Documents/COMP3931 Individual Project/project_folder/scheduler-prediction/online/results/stage_c_pi_guarded_retry_20260429_004010/decision_artifacts/custom/mixed-pod-custom-stress-mixed-t9_snapshot.csv,/Users/finleyaf/Documents/COMP3931 Individual Project/project_folder/scheduler-prediction/online/results/stage_c_pi_guarded_retry_20260429_004010/decision_artifacts/custom/mixed-pod-custom-stress-mixed-t9_ranking.json,200.0,128.0,0.3001,0.3334,0.2334,0.0,0.1,0.0651,0.1,model,mixed-pod-custom-stress-mixed-t9,mixed,k3s-worker-2,0.0,2.0,2.0,1777441707.0,1777441707.0,1777441709.0,9.0,0.878,0,0
custom,2,9,stress_mixed,stress,mixed,k3s-worker-4,rank_and_pin,k3s-worker-2,1,0,/Users/finleyaf/Documents/COMP3931 Individual Project/project_folder/scheduler-prediction/online/results/stage_c_pi_guarded_retry_20260429_004010/decision_artifacts/custom/cpu-lite-pod-custom-stress-mixed-t9_snapshot.csv,/Users/finleyaf/Documents/COMP3931 Individual Project/project_folder/scheduler-prediction/online/results/stage_c_pi_guarded_retry_20260429_004010/decision_artifacts/custom/cpu-lite-pod-custom-stress-mixed-t9_ranking.json,100.0,32.0,0.2579,0.2866,0.2366,0.0,0.05,0.0163,0.05,model,cpu-lite-pod-custom-stress-mixed-t9,cpu-lite,k3s-worker-2,0.0,2.0,2.0,1777441828.0,1777441828.0,1777441830.0,10.0,1.1429,1,0
custom,2,9,stress_mixed,stress,mixed,k3s-worker-4,rank_and_pin,k3s-worker-2,1,0,/Users/finleyaf/Documents/COMP3931 Individual Project/project_folder/scheduler-prediction/online/results/stage_c_pi_guarded_retry_20260429_004010/decision_artifacts/custom/memory-lite-pod-custom-stress-mixed-t9_snapshot.csv,/Users/finleyaf/Documents/COMP3931 Individual Project/project_folder/scheduler-prediction/online/results/stage_c_pi_guarded_retry_20260429_004010/decision_artifacts/custom/memory-lite-pod-custom-stress-mixed-t9_ranking.json,75.0,96.0,0.256,0.2845,0.2356,0.0,0.0375,0.0489,0.0489,model,memory-lite-pod-custom-stress-mixed-t9,memory-lite,k3s-worker-2,0.0,2.0,2.0,1777441949.0,1777441949.0,1777441951.0,9.0,1.0286,0,0
custom,2,9,stress_mixed,stress,mixed,k3s-worker-4,rank_and_pin,k3s-worker-2,1,0,/Users/finleyaf/Documents/COMP3931 Individual Project/project_folder/scheduler-prediction/online/results/stage_c_pi_guarded_retry_20260429_004010/decision_artifacts/custom/mixed-lite-pod-custom-stress-mixed-t9_snapshot.csv,/Users/finleyaf/Documents/COMP3931 Individual Project/project_folder/scheduler-prediction/online/results/stage_c_pi_guarded_retry_20260429_004010/decision_artifacts/custom/mixed-lite-pod-custom-stress-mixed-t9_ranking.json,100.0,64.0,0.2588,0.2876,0.2376,0.0,0.05,0.0326,0.05,model,mixed-lite-pod-custom-stress-mixed-t9,mixed-lite,k3s-worker-2,0.0,1.0,1.0,1777442042.0,1777442042.0,1777442043.0,10.0,1.2121,1,0
custom,1,10,normal,normal,,,rank_and_pin,k3s-worker-2,1,,/Users/finleyaf/Documents/COMP3931 Individual Project/project_folder/scheduler-prediction/online/results/stage_c_pi_guarded_retry_20260429_004010/decision_artifacts/custom/cpu-pod-custom-normal-t10_snapshot.csv,/Users/finleyaf/Documents/COMP3931 Individual Project/project_folder/scheduler-prediction/online/results/stage_c_pi_guarded_retry_20260429_004010/decision_artifacts/custom/cpu-pod-custom-normal-t10_ranking.json,250.0,64.0,0.3199,0.3554,0.2304,0.0,0.125,0.0326,0.125,model,cpu-pod-custom-normal-t10,cpu,k3s-worker-2,0.0,1.0,1.0,1777442112.0,1777442112.0,1777442113.0,10.0,1.2903,1,1
custom,1,10,normal,normal,,,rank_and_pin,k3s-worker-2,1,,/Users/finleyaf/Documents/COMP3931 Individual Project/project_folder/scheduler-prediction/online/results/stage_c_pi_guarded_retry_20260429_004010/decision_artifacts/custom/memory-pod-custom-normal-t10_snapshot.csv,/Users/finleyaf/Documents/COMP3931 Individual Project/project_folder/scheduler-prediction/online/results/stage_c_pi_guarded_retry_20260429_004010/decision_artifacts/custom/memory-pod-custom-normal-t10_ranking.json,100.0,256.0,0.3363,0.3737,0.2434,0.0,0.05,0.1303,0.1303,model,memory-pod-custom-normal-t10,memory,k3s-worker-2,0.0,2.0,2.0,1777442227.0,1777442227.0,1777442229.0,10.0,1.2903,1,1
custom,1,10,normal,normal,,,rank_and_pin,k3s-worker-3,1,,/Users/finleyaf/Documents/COMP3931 Individual Project/project_folder/scheduler-prediction/online/results/stage_c_pi_guarded_retry_20260429_004010/decision_artifacts/custom/mixed-pod-custom-normal-t10_snapshot.csv,/Users/finleyaf/Documents/COMP3931 Individual Project/project_folder/scheduler-prediction/online/results/stage_c_pi_guarded_retry_20260429_004010/decision_artifacts/custom/mixed-pod-custom-normal-t10_ranking.json,200.0,128.0,0.3078,0.342,0.242,0.0,0.1,0.0651,0.1,model,mixed-pod-custom-normal-t10,mixed,k3s-worker-3,0.0,1.0,1.0,1777442345.0,1777442345.0,1777442346.0,9.0,1.125,1,0
custom,1,10,normal,normal,,,rank_and_pin,k3s-worker-2,1,,/Users/finleyaf/Documents/COMP3931 Individual Project/project_folder/scheduler-prediction/online/results/stage_c_pi_guarded_retry_20260429_004010/decision_artifacts/custom/cpu-lite-pod-custom-normal-t10_snapshot.csv,/Users/finleyaf/Documents/COMP3931 Individual Project/project_folder/scheduler-prediction/online/results/stage_c_pi_guarded_retry_20260429_004010/decision_artifacts/custom/cpu-lite-pod-custom-normal-t10_ranking.json,100.0,32.0,0.2529,0.281,0.231,0.0,0.05,0.0163,0.05,model,cpu-lite-pod-custom-normal-t10,cpu-lite,k3s-worker-2,0.0,2.0,2.0,1777442469.0,1777442469.0,1777442471.0,10.0,1.3333,1,1
custom,1,10,normal,normal,,,rank_and_pin,k3s-worker-4,1,,/Users/finleyaf/Documents/COMP3931 Individual Project/project_folder/scheduler-prediction/online/results/stage_c_pi_guarded_retry_20260429_004010/decision_artifacts/custom/memory-lite-pod-custom-normal-t10_snapshot.csv,/Users/finleyaf/Documents/COMP3931 Individual Project/project_folder/scheduler-prediction/online/results/stage_c_pi_guarded_retry_20260429_004010/decision_artifacts/custom/memory-lite-pod-custom-normal-t10_ranking.json,75.0,96.0,0.26,0.2889,0.24,0.0,0.0375,0.0489,0.0489,model,memory-lite-pod-custom-normal-t10,memory-lite,k3s-worker-4,0.0,2.0,2.0,1777442563.0,1777442563.0,1777442565.0,10.0,1.25,1,1
custom,1,10,normal,normal,,,rank_and_pin,k3s-worker-2,1,,/Users/finleyaf/Documents/COMP3931 Individual Project/project_folder/scheduler-prediction/online/results/stage_c_pi_guarded_retry_20260429_004010/decision_artifacts/custom/mixed-lite-pod-custom-normal-t10_snapshot.csv,/Users/finleyaf/Documents/COMP3931 Individual Project/project_folder/scheduler-prediction/online/results/stage_c_pi_guarded_retry_20260429_004010/decision_artifacts/custom/mixed-lite-pod-custom-normal-t10_ranking.json,100.0,64.0,0.2521,0.2801,0.2301,0.0,0.05,0.0326,0.05,model,mixed-lite-pod-custom-normal-t10,mixed-lite,k3s-worker-2,0.0,1.0,1.0,1777442683.0,1777442683.0,1777442684.0,15.0,1.6667,1,1
custom,1,10,stress_cpu,stress,cpu,k3s-worker-3,rank_and_pin,k3s-worker-2,1,0,/Users/finleyaf/Documents/COMP3931 Individual Project/project_folder/scheduler-prediction/online/results/stage_c_pi_guarded_retry_20260429_004010/decision_artifacts/custom/cpu-pod-custom-stress-cpu-t10_snapshot.csv,/Users/finleyaf/Documents/COMP3931 Individual Project/project_folder/scheduler-prediction/online/results/stage_c_pi_guarded_retry_20260429_004010/decision_artifacts/custom/cpu-pod-custom-stress-cpu-t10_ranking.json,250.0,64.0,0.3227,0.3585,0.2335,0.0,0.125,0.0326,0.125,model,cpu-pod-custom-stress-cpu-t10,cpu,k3s-worker-2,0.0,1.0,1.0,1777442826.0,1777442826.0,1777442827.0,10.0,0.4938,0,0
custom,1,10,stress_cpu,stress,cpu,k3s-worker-3,rank_and_pin,k3s-worker-2,1,0,/Users/finleyaf/Documents/COMP3931 Individual Project/project_folder/scheduler-prediction/online/results/stage_c_pi_guarded_retry_20260429_004010/decision_artifacts/custom/memory-pod-custom-stress-cpu-t10_snapshot.csv,/Users/finleyaf/Documents/COMP3931 Individual Project/project_folder/scheduler-prediction/online/results/stage_c_pi_guarded_retry_20260429_004010/decision_artifacts/custom/memory-pod-custom-stress-cpu-t10_ranking.json,100.0,256.0,0.3262,0.3625,0.2322,0.0,0.05,0.1303,0.1303,model,memory-pod-custom-stress-cpu-t10,memory,k3s-worker-2,1.0,1.0,2.0,1777442946.0,1777442947.0,1777442948.0,10.0,0.9756,0,0
custom,1,10,stress_cpu,stress,cpu,k3s-worker-3,rank_and_pin,k3s-worker-3,1,1,/Users/finleyaf/Documents/COMP3931 Individual Project/project_folder/scheduler-prediction/online/results/stage_c_pi_guarded_retry_20260429_004010/decision_artifacts/custom/mixed-pod-custom-stress-cpu-t10_snapshot.csv,/Users/finleyaf/Documents/COMP3931 Individual Project/project_folder/scheduler-prediction/online/results/stage_c_pi_guarded_retry_20260429_004010/decision_artifacts/custom/mixed-pod-custom-stress-cpu-t10_ranking.json,200.0,128.0,0.2888,0.3209,0.2209,0.0,0.1,0.0651,0.1,model,mixed-pod-custom-stress-cpu-t10,mixed,k3s-worker-3,0.0,1.0,1.0,1777443067.0,1777443067.0,1777443068.0,11.0,1.375,1,1
custom,1,10,stress_cpu,stress,cpu,k3s-worker-3,rank_and_pin,k3s-worker-2,1,0,/Users/finleyaf/Documents/COMP3931 Individual Project/project_folder/scheduler-prediction/online/results/stage_c_pi_guarded_retry_20260429_004010/decision_artifacts/custom/cpu-lite-pod-custom-stress-cpu-t10_snapshot.csv,/Users/finleyaf/Documents/COMP3931 Individual Project/project_folder/scheduler-prediction/online/results/stage_c_pi_guarded_retry_20260429_004010/decision_artifacts/custom/cpu-lite-pod-custom-stress-cpu-t10_ranking.json,100.0,32.0,0.2465,0.2739,0.2239,0.0,0.05,0.0163,0.05,model,cpu-lite-pod-custom-stress-cpu-t10,cpu-lite,k3s-worker-2,0.0,1.0,1.0,1777443191.0,1777443191.0,1777443192.0,11.0,1.2941,1,1
custom,1,10,stress_cpu,stress,cpu,k3s-worker-3,rank_and_pin,k3s-worker-3,1,1,/Users/finleyaf/Documents/COMP3931 Individual Project/project_folder/scheduler-prediction/online/results/stage_c_pi_guarded_retry_20260429_004010/decision_artifacts/custom/memory-lite-pod-custom-stress-cpu-t10_snapshot.csv,/Users/finleyaf/Documents/COMP3931 Individual Project/project_folder/scheduler-prediction/online/results/stage_c_pi_guarded_retry_20260429_004010/decision_artifacts/custom/memory-lite-pod-custom-stress-cpu-t10_ranking.json,75.0,96.0,0.2368,0.2631,0.2142,0.0,0.0375,0.0489,0.0489,model,memory-lite-pod-custom-stress-cpu-t10,memory-lite,k3s-worker-3,0.0,2.0,2.0,1777443312.0,1777443312.0,1777443314.0,13.0,1.4857,1,1
custom,1,10,stress_cpu,stress,cpu,k3s-worker-3,rank_and_pin,k3s-worker-2,1,0,/Users/finleyaf/Documents/COMP3931 Individual Project/project_folder/scheduler-prediction/online/results/stage_c_pi_guarded_retry_20260429_004010/decision_artifacts/custom/mixed-lite-pod-custom-stress-cpu-t10_snapshot.csv,/Users/finleyaf/Documents/COMP3931 Individual Project/project_folder/scheduler-prediction/online/results/stage_c_pi_guarded_retry_20260429_004010/decision_artifacts/custom/mixed-lite-pod-custom-stress-cpu-t10_ranking.json,100.0,64.0,0.2459,0.2732,0.2232,0.0,0.05,0.0326,0.05,model,mixed-lite-pod-custom-stress-cpu-t10,mixed-lite,k3s-worker-2,0.0,2.0,2.0,1777443432.0,1777443432.0,1777443434.0,11.0,1.2571,1,1
custom,1,10,stress_memory,stress,memory,k3s-worker-4,rank_and_pin,k3s-worker-4,1,1,/Users/finleyaf/Documents/COMP3931 Individual Project/project_folder/scheduler-prediction/online/results/stage_c_pi_guarded_retry_20260429_004010/decision_artifacts/custom/cpu-pod-custom-stress-memory-t10_snapshot.csv,/Users/finleyaf/Documents/COMP3931 Individual Project/project_folder/scheduler-prediction/online/results/stage_c_pi_guarded_retry_20260429_004010/decision_artifacts/custom/cpu-pod-custom-stress-memory-t10_ranking.json,250.0,64.0,0.2782,0.3091,0.1841,0.0,0.125,0.0326,0.125,model,cpu-pod-custom-stress-memory-t10,cpu,k3s-worker-4,0.0,1.0,1.0,1777443556.0,1777443556.0,1777443557.0,54.0,2.8052,1,1
custom,1,10,stress_memory,stress,memory,k3s-worker-4,rank_and_pin,k3s-worker-4,1,1,/Users/finleyaf/Documents/COMP3931 Individual Project/project_folder/scheduler-prediction/online/results/stage_c_pi_guarded_retry_20260429_004010/decision_artifacts/custom/memory-pod-custom-stress-memory-t10_snapshot.csv,/Users/finleyaf/Documents/COMP3931 Individual Project/project_folder/scheduler-prediction/online/results/stage_c_pi_guarded_retry_20260429_004010/decision_artifacts/custom/memory-pod-custom-stress-memory-t10_ranking.json,100.0,256.0,0.2649,0.2943,0.164,0.0,0.05,0.1303,0.1303,model,memory-pod-custom-stress-memory-t10,memory,k3s-worker-4,0.0,8.0,8.0,1777443676.0,1777443676.0,1777443684.0,20.0,2.0513,1,1
custom,1,10,stress_memory,stress,memory,k3s-worker-4,rank_and_pin,k3s-worker-4,1,1,/Users/finleyaf/Documents/COMP3931 Individual Project/project_folder/scheduler-prediction/online/results/stage_c_pi_guarded_retry_20260429_004010/decision_artifacts/custom/mixed-pod-custom-stress-memory-t10_snapshot.csv,/Users/finleyaf/Documents/COMP3931 Individual Project/project_folder/scheduler-prediction/online/results/stage_c_pi_guarded_retry_20260429_004010/decision_artifacts/custom/mixed-pod-custom-stress-memory-t10_ranking.json,200.0,128.0,0.295,0.3278,0.2278,0.0,0.1,0.0651,0.1,model,mixed-pod-custom-stress-memory-t10,mixed,k3s-worker-4,0.0,2.0,2.0,1777443800.0,1777443800.0,1777443802.0,11.0,1.375,1,1
custom,1,10,stress_memory,stress,memory,k3s-worker-4,rank_and_pin,k3s-worker-2,1,0,/Users/finleyaf/Documents/COMP3931 Individual Project/project_folder/scheduler-prediction/online/results/stage_c_pi_guarded_retry_20260429_004010/decision_artifacts/custom/cpu-lite-pod-custom-stress-memory-t10_snapshot.csv,/Users/finleyaf/Documents/COMP3931 Individual Project/project_folder/scheduler-prediction/online/results/stage_c_pi_guarded_retry_20260429_004010/decision_artifacts/custom/cpu-lite-pod-custom-stress-memory-t10_ranking.json,100.0,32.0,0.2503,0.2781,0.2281,0.0,0.05,0.0163,0.05,model,cpu-lite-pod-custom-stress-memory-t10,cpu-lite,k3s-worker-2,0.0,2.0,2.0,1777443918.0,1777443918.0,1777443920.0,12.0,1.5484,1,1
custom,1,10,stress_memory,stress,memory,k3s-worker-4,rank_and_pin,raspberrypi,1,0,/Users/finleyaf/Documents/COMP3931 Individual Project/project_folder/scheduler-prediction/online/results/stage_c_pi_guarded_retry_20260429_004010/decision_artifacts/custom/memory-lite-pod-custom-stress-memory-t10_snapshot.csv,/Users/finleyaf/Documents/COMP3931 Individual Project/project_folder/scheduler-prediction/online/results/stage_c_pi_guarded_retry_20260429_004010/decision_artifacts/custom/memory-lite-pod-custom-stress-memory-t10_ranking.json,75.0,96.0,0.282,0.3133,0.2896,0.0,0.0187,0.0237,0.0237,model,memory-lite-pod-custom-stress-memory-t10,memory-lite,raspberrypi,0.0,1.0,1.0,1777444014.0,1777444014.0,1777444015.0,3.0,0.1463,0,0
custom,1,10,stress_memory,stress,memory,k3s-worker-4,rank_and_pin,raspberrypi,1,0,/Users/finleyaf/Documents/COMP3931 Individual Project/project_folder/scheduler-prediction/online/results/stage_c_pi_guarded_retry_20260429_004010/decision_artifacts/custom/mixed-lite-pod-custom-stress-memory-t10_snapshot.csv,/Users/finleyaf/Documents/COMP3931 Individual Project/project_folder/scheduler-prediction/online/results/stage_c_pi_guarded_retry_20260429_004010/decision_artifacts/custom/mixed-lite-pod-custom-stress-memory-t10_ranking.json,100.0,64.0,0.2822,0.3136,0.2886,0.0,0.025,0.0158,0.025,model,mixed-lite-pod-custom-stress-memory-t10,mixed-lite,raspberrypi,0.0,,,1777444102.0,1777444102.0,,3.0,0.375,0,0
custom,1,10,stress_mixed,stress,mixed,raspberrypi,rank_and_pin,k3s-worker-3,1,0,/Users/finleyaf/Documents/COMP3931 Individual Project/project_folder/scheduler-prediction/online/results/stage_c_pi_guarded_retry_20260429_004010/decision_artifacts/custom/cpu-pod-custom-stress-mixed-t10_snapshot.csv,/Users/finleyaf/Documents/COMP3931 Individual Project/project_folder/scheduler-prediction/online/results/stage_c_pi_guarded_retry_20260429_004010/decision_artifacts/custom/cpu-pod-custom-stress-mixed-t10_ranking.json,250.0,64.0,0.3207,0.3563,0.2313,0.0,0.125,0.0326,0.125,model,cpu-pod-custom-stress-mixed-t10,cpu,k3s-worker-3,0.0,1.0,1.0,1777444223.0,1777444223.0,1777444224.0,8.0,0.4103,0,0
custom,1,10,stress_mixed,stress,mixed,raspberrypi,rank_and_pin,k3s-worker-2,1,0,/Users/finleyaf/Documents/COMP3931 Individual Project/project_folder/scheduler-prediction/online/results/stage_c_pi_guarded_retry_20260429_004010/decision_artifacts/custom/memory-pod-custom-stress-mixed-t10_snapshot.csv,/Users/finleyaf/Documents/COMP3931 Individual Project/project_folder/scheduler-prediction/online/results/stage_c_pi_guarded_retry_20260429_004010/decision_artifacts/custom/memory-pod-custom-stress-mixed-t10_ranking.json,100.0,256.0,0.3228,0.3587,0.2284,0.0,0.05,0.1303,0.1303,model,memory-pod-custom-stress-mixed-t10,memory,k3s-worker-2,0.0,1.0,1.0,1777444341.0,1777444341.0,1777444342.0,10.0,0.5,0,0
custom,1,10,stress_mixed,stress,mixed,raspberrypi,rank_and_pin,k3s-worker-2,1,0,/Users/finleyaf/Documents/COMP3931 Individual Project/project_folder/scheduler-prediction/online/results/stage_c_pi_guarded_retry_20260429_004010/decision_artifacts/custom/mixed-pod-custom-stress-mixed-t10_snapshot.csv,/Users/finleyaf/Documents/COMP3931 Individual Project/project_folder/scheduler-prediction/online/results/stage_c_pi_guarded_retry_20260429_004010/decision_artifacts/custom/mixed-pod-custom-stress-mixed-t10_ranking.json,200.0,128.0,0.3058,0.3398,0.2398,0.0,0.1,0.0651,0.1,model,mixed-pod-custom-stress-mixed-t10,mixed,k3s-worker-2,0.0,2.0,2.0,1777444456.0,1777444456.0,1777444458.0,11.0,1.1579,1,0
custom,1,10,stress_mixed,stress,mixed,raspberrypi,rank_and_pin,k3s-worker-2,1,0,/Users/finleyaf/Documents/COMP3931 Individual Project/project_folder/scheduler-prediction/online/results/stage_c_pi_guarded_retry_20260429_004010/decision_artifacts/custom/cpu-lite-pod-custom-stress-mixed-t10_snapshot.csv,/Users/finleyaf/Documents/COMP3931 Individual Project/project_folder/scheduler-prediction/online/results/stage_c_pi_guarded_retry_20260429_004010/decision_artifacts/custom/cpu-lite-pod-custom-stress-mixed-t10_ranking.json,100.0,32.0,0.2482,0.2758,0.2258,0.0,0.05,0.0163,0.05,model,cpu-lite-pod-custom-stress-mixed-t10,cpu-lite,k3s-worker-2,0.0,1.0,1.0,1777444573.0,1777444573.0,1777444574.0,11.0,1.0233,0,0
custom,1,10,stress_mixed,stress,mixed,raspberrypi,rank_and_pin,k3s-worker-2,1,0,/Users/finleyaf/Documents/COMP3931 Individual Project/project_folder/scheduler-prediction/online/results/stage_c_pi_guarded_retry_20260429_004010/decision_artifacts/custom/memory-lite-pod-custom-stress-mixed-t10_snapshot.csv,/Users/finleyaf/Documents/COMP3931 Individual Project/project_folder/scheduler-prediction/online/results/stage_c_pi_guarded_retry_20260429_004010/decision_artifacts/custom/memory-lite-pod-custom-stress-mixed-t10_ranking.json,75.0,96.0,0.2494,0.2772,0.2283,0.0,0.0375,0.0489,0.0489,model,memory-lite-pod-custom-stress-mixed-t10,memory-lite,k3s-worker-2,0.0,2.0,2.0,1777444695.0,1777444695.0,1777444697.0,12.0,1.2308,1,0
custom,1,10,stress_mixed,stress,mixed,raspberrypi,rank_and_pin,k3s-worker-2,1,0,/Users/finleyaf/Documents/COMP3931 Individual Project/project_folder/scheduler-prediction/online/results/stage_c_pi_guarded_retry_20260429_004010/decision_artifacts/custom/mixed-lite-pod-custom-stress-mixed-t10_snapshot.csv,/Users/finleyaf/Documents/COMP3931 Individual Project/project_folder/scheduler-prediction/online/results/stage_c_pi_guarded_retry_20260429_004010/decision_artifacts/custom/mixed-lite-pod-custom-stress-mixed-t10_ranking.json,100.0,64.0,0.2497,0.2774,0.2274,0.0,0.05,0.0326,0.05,model,mixed-lite-pod-custom-stress-mixed-t10,mixed-lite,k3s-worker-2,0.0,1.0,1.0,1777444815.0,1777444815.0,1777444816.0,10.0,1.0811,0,0
