{
  "method": "k-means",
  "k": 2,
  "threshold": 0.5355156294479845,
  "accuracy": 0.8803827751196173,
  "precision": 0.7333333333333333,
  "recall": 0.5641025641025641,
  "f1_score": 0.6376811594202898,
  "true_positives": 22,
  "false_positives": 8,
  "true_negatives": 162,
  "false_negatives": 17,
  "total_samples": 209,
  "total_anomalies": 39,
  "detected_anomalies": 30
}