{
  "method": "k-means",
  "k": 2,
  "threshold": 0.5158827285651015,
  "accuracy": 0.6614583333333334,
  "precision": 0.125,
  "recall": 0.01694915254237288,
  "f1_score": 0.029850746268656716,
  "true_positives": 1,
  "false_positives": 7,
  "true_negatives": 126,
  "false_negatives": 58,
  "total_samples": 192,
  "total_anomalies": 59,
  "detected_anomalies": 8
}